trip_id,pickup_datetime,pickup_latitude,pickup_longitude,dropoff_latitude,dropoff_longitude,weather,actual_duration
TRIP_00000,2026-08-17 17:56:03,40.73763570765056,-74.02718798410113,40.73728086573595,-74.0114906805949,Rainy,20.543108305644818
TRIP_00001,2026-08-03 07:35:22,40.70588678494144,-74.02867070541919,40.71672180104983,-74.00965038253139,Clear,9.471275474345772
TRIP_00002,2026-08-15 12:13:13,40.745184426905034,-74.09578215863151,40.74726299507368,-74.07385331227388,Rainy,14.365509817987704
TRIP_00003,2026-08-05 04:58:21,40.7889514928204,-74.02250450958508,40.81226403422878,-73.9740986657357,Clear,14.140169761262314
TRIP_00004,2026-08-13 03:49:37,40.70109233126384,-73.96935854590892,40.7570076872077,-73.97177506516353,Clear,15.796938676505775
TRIP_00005,2026-08-05 02:19:34,40.701093152152545,-74.06971160595384,40.69796188743831,-74.07510201569922,Clear,6.494329203359987
TRIP_00006,2026-08-03 19:01:51,40.79176064077537,-73.95357586744747,40.84178525570842,-73.89647727518317,Clear,40.06469265587049
TRIP_00007,2026-08-18 09:55:57,40.75117173645765,-73.98161125894579,40.74772157428724,-73.97549060120222,Clear,12.20975660199878
TRIP_00008,2026-08-21 06:58:51,40.689326280703256,-74.04271166609855,40.683897464328346,-74.06060272670587,Rainy,9.025921962711784
TRIP_00009,2026-08-22 13:09:19,40.7399280021793,-74.01307648186689,40.784485840729594,-74.00763038012988,Clear,15.443384873579122
TRIP_00010,2026-08-16 05:16:05,40.68962911535938,-73.92608390961794,40.73728720669961,-73.91598549167526,Clear,12.058171714970198
TRIP_00011,2026-08-22 17:31:27,40.68951351232149,-73.9693226093247,40.73505581042437,-73.90267372749294,Clear,40.35629507791737
TRIP_00012,2026-08-10 09:40:21,40.724898113578305,-74.00556081725509,40.70542419133176,-73.95781603088379,Clear,25.125704542935804
TRIP_00013,2026-08-15 10:28:06,40.617135987767114,-74.01788416584805,40.62315745842495,-73.96345854734908,Clear,26.918792096862976
TRIP_00014,2026-08-18 01:31:01,40.62655410837435,-74.00216954647742,40.67124376613445,-73.95757033720702,Clear,12.452893970119323
TRIP_00015,2026-08-13 10:24:18,40.68468562353795,-74.03158817789712,40.70593187875487,-73.98320086774866,Clear,-99.0
TRIP_00016,2026-08-20 00:16:51,40.66215844398328,-74.11123747528595,40.649947658597355,-74.11187993908335,Clear,3.445115749277186
TRIP_00017,2026-08-18 07:44:03,40.728512366629765,-73.90389110447326,40.76226190480353,-73.88984916913387,Clear,9.685342794014547
TRIP_00018,2026-08-19 02:37:27,40.66739879622394,-73.99823375004003,40.6659545784542,-74.00793120943074,Clear,4.539731682209345
TRIP_00019,2026-08-06 21:05:55,40.64218481493324,-73.98609263674388,40.716020560385005,-73.97240727765998,Clear,24.60649399897111
TRIP_00020,2026-08-08 16:41:55,40.78608243844608,-74.00889538749385,40.85242768231863,-73.9683722377658,Clear,19.26924906897425
TRIP_00021,2026-08-05 18:42:41,40.70151118497567,-74.04275584003624,40.73963410776634,-74.01871834149186,Clear,25.88002985285702
TRIP_00022,2026-08-03 21:23:09,40.7161764102344,-74.01529622404743,40.77700661137749,-73.95595179947863,Rainy,30.746231865737673
TRIP_00023,2026-08-02 08:36:52,40.641562590689325,-74.08596973810971,40.66350633119303,-74.10021221187652,Rainy,23.407242178942077
TRIP_00024,2026-08-17 05:42:58,40.685580863773744,-73.89214567509734,40.728543988605,-73.85713852457638,Snowy,26.50553552089577
TRIP_00025,2026-08-05 06:06:31,40.7183461294855,-74.06772559992112,40.78267773834456,-74.0851746839772,Clear,19.61234082774556
TRIP_00026,2026-08-04 20:41:31,40.65525032112889,-74.05759831419236,40.68261528158272,-74.03477302011716,Clear,21.079169253545615
TRIP_00027,2026-08-24 17:32:13,40.731584900917284,-74.02801296021931,40.743929285771856,-73.98580295754262,Rainy,27.351290748718615
TRIP_00028,2026-08-06 10:45:19,40.682768065504064,-73.94159621375738,40.65162940675875,-73.9280312907621,Clear,18.933075238009213
TRIP_00029,2026-08-03 15:47:06,40.698215312510335,-74.00527455003687,40.71572130673869,-73.96874075191427,Clear,10.079090215448076
TRIP_00030,2026-08-08 03:43:43,40.68271466938853,-74.06780678980152,40.7274173649254,-74.0765987598465,Rainy,12.06047745572905
TRIP_00031,2026-08-10 11:42:42,40.80541390922545,-73.94328308196214,40.85378291205248,-73.97319378130803,Clear,20.80285026704449
TRIP_00032,2026-08-15 05:28:26,40.712125138763106,-73.96944996866073,40.74725609073466,-73.93273907998609,Clear,12.070373187567009
TRIP_00033,2026-08-11 01:55:21,40.659914453552204,-73.97907825213917,40.66367548070334,-73.90675794511691,Rainy,23.101022521498464
TRIP_00034,2026-08-09 10:15:44,40.75392724560516,-73.97021328794146,40.714622598536735,-73.98009463614656,Rainy,27.229568647268415
TRIP_00035,2026-08-13 21:53:59,40.65175781750145,-73.88628190497087,40.65690136456131,-73.82961607956767,Rainy,18.15965423943
TRIP_00036,2026-08-18 20:24:32,40.72324317975024,-73.89674525524819,40.734112833618624,-73.8754425529837,Clear,15.2398092800669
TRIP_00037,2026-08-20 09:57:29,40.61481649380601,-74.04033576715017,40.62542862479031,-74.06040651280097,Rainy,17.70673572245438
TRIP_00038,2026-08-19 16:00:32,40.64639069755508,-73.92480575035944,40.68494738826441,-73.9387509094,Rainy,19.806083853937448
TRIP_00039,2026-08-17 14:28:01,40.722643061793455,-73.98684159051206,40.8022133541239,-73.96636804731124,Rainy,31.069748460087833
TRIP_00040,2026-08-11 20:33:51,,,40.773429205055,-73.97317907783084,Rainy,26.170840068727486
TRIP_00041,2026-08-09 18:01:47,40.7213684140595,-74.09061354158217,40.7348664603848,-74.11000093088492,Clear,19.671072223619355
TRIP_00042,2026-08-20 08:51:30,40.70701758588059,-74.01451928826941,40.71924093149047,-74.04534046670618,Clear,19.596539444420884
TRIP_00043,2026-08-21 03:28:55,40.69774481522054,-74.04664117951683,40.72147635822777,-74.05204275935462,Rainy,8.752877968399872
TRIP_00044,2026-08-13 14:19:33,40.63887390048163,-73.96459705925534,40.634025087671176,-73.9387827890054,Clear,8.440305646398322
TRIP_00045,2026-08-20 17:24:26,40.676807789580266,-73.95244597497987,40.70041374634265,-73.93263799755796,Clear,20.44306070209883
TRIP_00046,2026-08-24 08:19:00,40.689768061452014,-74.10972431755081,40.72329243154197,-74.10476145627581,Rainy,33.46040609011237
TRIP_00047,2026-08-03 22:48:42,40.765656111310946,-74.00710174320021,40.79194669321818,-73.98104512737146,Clear,11.392956584198005
TRIP_00048,2026-08-24 07:52:11,40.729980914478425,-73.94990692476028,40.76370717249857,-73.8987061231644,Clear,16.64453401095076
TRIP_00049,2026-08-11 12:46:24,40.624647992231864,-74.01533394811567,40.65766042051232,-73.98351015280264,Clear,15.44266659286782
TRIP_00050,2026-08-20 16:11:58,40.72900419846974,-73.96954681774989,40.69584729800234,-73.95318607789157,Clear,11.666413175248723
TRIP_00051,2026-08-19 19:10:09,40.693545885979184,-73.98844172661865,40.73265199073104,-73.94059956641883,Clear,30.87388352716567
TRIP_00052,2026-08-17 21:44:15,40.678953899984705,-73.98891698840237,40.67882345461483,-73.99771249746885,Rainy,10.338119437577282
TRIP_00053,2026-08-20 19:48:04,40.74338381444205,-74.01956574890342,40.73050863955193,-74.00631333509008,Clear,15.478122796644557
TRIP_00054,2026-08-09 21:55:31,40.7643499761248,-74.06682904020678,40.75121642128915,-74.0528616782748,Clear,7.237480479716806
TRIP_00055,2026-08-04 08:47:06,40.75936400595581,-74.06207650737124,40.79237025426998,-74.07918510512452,Snowy,34.89277802567202
TRIP_00056,2026-08-14 13:38:23,40.67083912383887,-73.97053237427724,40.684161876022124,-73.96312859914578,Clear,7.5760796254945815
TRIP_00057,2026-08-16 17:59:37,40.69733938120744,-74.00502708722405,40.66688031768788,-74.0472758776509,Clear,23.981812113514355
TRIP_00058,2026-08-07 18:39:00,40.72936317157018,-74.01292561223036,40.76370430602594,-73.93556027080048,Snowy,60.38530823094606
TRIP_00059,2026-08-17 18:21:38,40.76157725635612,-74.02719450211612,40.73838901243215,-74.0353169157692,Clear,15.817922890526257
TRIP_00060,2026-08-18 05:27:20,40.68884128810774,-74.02125944227404,40.713035928863285,-73.95367601833141,Rainy,15.831478750663766
TRIP_00061,2026-08-06 00:29:41,40.70351705116681,-73.95365441027559,40.73067201893701,-73.932511875104,Snowy,14.054579458530991
TRIP_00062,2026-08-23 07:29:38,40.6574832512997,-74.0227622040934,40.704050563750556,-73.98581628012872,Rainy,24.118803311957418
TRIP_00063,2026-08-09 00:57:56,40.65298966879597,-74.07305323566509,40.726440212389974,-74.06771722961561,Clear,20.06586576944177
TRIP_00064,2026-08-11 02:49:37,40.75342629111971,-73.96881741122299,40.73248600134269,-73.94257952046414,Clear,6.064754321249182
TRIP_00065,2026-08-11 04:30:19,40.780612001428544,-74.01624383319323,40.799037785746656,-73.97672914399358,Clear,13.411475265291822
TRIP_00066,2026-08-04 07:41:34,40.709199493920984,-74.00443020672336,40.72090943506966,-73.96449363429153,Rainy,13.630198030283417
TRIP_00067,2026-08-13 16:04:39,40.7629766448946,-73.92562108468003,40.79598913547343,-73.8823778829778,Rainy,21.43663564418851
TRIP_00068,2026-08-19 17:32:03,40.73088180125238,-74.00702802786752,40.75735186438039,-73.9980780091687,Rainy,26.43672264621102
TRIP_00069,2026-08-18 13:23:42,40.68054401226974,-73.99154081634407,40.689967624987645,-73.98595160651881,Clear,8.56962361254941
TRIP_00070,2026-08-09 12:25:48,40.73086978027542,-74.06494617456492,40.737642714617095,-74.09277146432295,Clear,7.593467065785748
TRIP_00071,2026-08-15 01:05:28,40.7897018283233,-74.01698347261755,40.77620830266778,-73.98128690228225,Clear,5.750007728607262
TRIP_00072,2026-08-07 01:55:44,40.7110086980445,-73.97552369773958,40.7606445455167,-73.92305233639988,Clear,13.708721668352965
TRIP_00073,2026-08-10 15:40:39,40.7910321827907,-74.08376868669207,40.82480830823869,-74.01528923629454,Rainy,25.239675267878287
TRIP_00074,2026-08-25 14:21:26,40.58181274479551,-73.99595774534421,40.62934579072937,-73.9668025663068,Clear,20.57463458459427
TRIP_00075,2026-08-07 21:54:18,40.75389512521876,-74.00096044636776,40.7645832411245,-74.003954839555,Clear,5.370412524717563
TRIP_00076,2026-08-04 08:18:01,40.71715235341191,-74.00393562722063,40.71744728935108,-74.03484851151931,Rainy,21.041234203368425
TRIP_00077,2026-08-07 21:50:05,40.69784963247671,-73.9541420550671,40.68550018047783,-73.9028920530746,Clear,12.569648652407707
TRIP_00078,2026-08-15 06:05:32,40.717388038826776,-73.98927807425757,40.748155566338994,-74.0231663712609,Snowy,23.61668738591165
TRIP_00079,2026-08-14 00:24:05,40.613421554269955,-73.93209640508218,40.60222775753411,-73.92231452741449,Clear,2.5283492790260587
TRIP_00080,2026-08-18 16:58:59,40.70181640560813,-74.0556794757797,40.777276297677126,-74.04240868061801,Snowy,40.27681895209596
TRIP_00081,2026-08-02 07:20:22,40.73065562857559,-73.99920377163909,40.711426351142784,-73.98128742577462,Clear,10.283198974732517
TRIP_00082,2026-08-23 01:15:03,40.78669470223708,-74.0017766606805,40.81490450581345,-73.98070258267943,Clear,11.600115395602295
TRIP_00083,2026-08-02 22:04:48,40.68688648908632,-74.05946272468775,40.75389213030273,-74.03531829799672,Clear,15.893255216386512
TRIP_00084,2026-08-02 21:45:19,40.67237531985534,-73.95818524989544,40.710348012633254,-74.0106461477578,Rainy,22.779974985340335
TRIP_00085,2026-08-07 14:49:12,40.687712147820775,-73.88976633470736,40.71298235919553,-73.86932665741125,Clear,13.850048490823305
TRIP_00086,2026-08-12 01:43:05,40.758570105885106,-74.00685030372419,40.74951559647625,-74.05373757094755,Clear,10.784606458637281
TRIP_00087,2026-08-24 00:52:00,40.72923755548299,-73.98074894558631,40.70778447982596,-73.93878240339359,Snowy,18.739206266550294
TRIP_00088,2026-08-15 15:53:06,40.68631198981165,-74.00177407620923,40.72941349307918,-73.99842783088334,Clear,13.01404016262397
TRIP_00089,2026-08-22 13:56:50,40.73846337165567,-74.04167923349536,40.80364778887892,-74.08639033525206,Rainy,26.6673501105351
TRIP_00090,2026-08-24 18:26:59,40.717653877467406,-74.0970380138901,40.72448837775306,-74.10146415421165,Clear,10.022013392256111
TRIP_00091,2026-08-23 12:20:43,40.76123224952664,-74.04128867415477,40.74706040429815,-74.03839093433031,Clear,6.713221524859504
TRIP_00092,2026-08-01 11:35:26,,,40.623952262389665,-74.01987693052094,Clear,22.709311521288605
TRIP_00093,2026-08-15 15:14:39,40.696416892670115,-73.92079489609705,40.686993947360236,-73.89489576384454,Clear,13.461143115743127
TRIP_00094,2026-08-19 14:49:10,40.693194592343396,-74.01175548469617,40.70978488706842,-73.98142213636565,Clear,8.811545204745869
TRIP_00095,2026-08-09 00:40:59,40.63962425259339,-74.02329596645235,40.70759794981849,-73.96785931742573,Clear,19.010179263611786
TRIP_00096,2026-08-23 11:01:42,40.72760601385323,-73.96154230876061,40.76780002462022,-73.94442663739835,Clear,13.756984324797982
TRIP_00097,2026-08-21 13:33:14,40.725852763609,-74.0620875551428,40.7550053257502,-74.01946191631183,Clear,17.469621778595773
TRIP_00098,2026-08-21 22:20:49,40.71305567283213,-74.04434320190023,40.72105208299309,-74.00382736848228,Clear,9.915331214024649
TRIP_00099,2026-08-14 20:59:11,40.70107064333124,-74.00259638653758,40.70357567181356,-74.02119047134465,Clear,14.716238243385943
TRIP_00100,2026-08-10 13:53:46,40.64203146289748,-73.95456155042882,40.70420089082272,-73.89037204309993,Clear,21.071037120471996
TRIP_00101,2026-08-05 01:21:05,40.69176773386173,-73.98091574774156,40.71778989008448,-74.00352480114368,Snowy,13.160634936952395
TRIP_00102,2026-08-12 01:28:35,40.695664274173666,-73.99358374287421,40.65258625341603,-73.94606274338987,Clear,15.514587930965249
TRIP_00103,2026-08-07 15:32:32,40.67268613653892,-74.0020941132382,40.672479947102005,-74.02760630434537,Clear,10.009362076100954
TRIP_00104,2026-08-14 10:11:42,40.7047357144167,-73.98598820722366,40.69898923346355,-73.9479511035791,Clear,19.217326931736284
TRIP_00105,2026-08-06 22:11:52,,,40.736614622565405,-73.92005990839904,Rainy,17.321872858026076
TRIP_00106,2026-08-12 09:39:26,40.80710929506053,-74.05749861373884,40.84399661486908,-74.04388797343535,Clear,21.335855001802177
TRIP_00107,2026-08-20 18:06:45,40.72152889064159,-74.00369603891835,40.73830554418777,-73.99138670820395,Clear,18.26612590863022
TRIP_00108,2026-08-04 00:26:07,40.72567751953614,-74.05968443294589,40.74337155732603,-74.02137123296637,Rainy,15.027612459910232
TRIP_00109,2026-08-05 07:39:59,40.709077704211694,-74.00194587285496,40.76848189905145,-73.99182776653383,Clear,15.963507795935026
TRIP_00110,2026-08-21 23:06:18,40.61686143923505,-74.03003239707441,40.61596760654145,-73.95548403596213,Clear,12.802331402093667
TRIP_00111,2026-08-04 22:19:05,40.711474306227544,-73.87903091886086,40.787400292004165,-73.8532651513771,Snowy,27.73079041333579
TRIP_00112,2026-08-12 17:11:49,40.715811510497055,-74.00799471918758,40.715672282755925,-73.9975998044342,Clear,12.556950203107736
TRIP_00113,2026-08-03 09:38:34,40.83596210562427,-74.07621197831308,40.85863805152265,-74.07242054414995,Clear,17.901598669539485
TRIP_00114,2026-08-19 12:03:30,40.703181951760946,-74.01270901053384,40.71474584389886,-74.02069746463903,Clear,7.345525504082447
TRIP_00115,2026-08-10 05:32:05,40.72787736711668,-73.98003206271811,40.75157994112171,-73.97886471232083,Clear,6.894191279584925
TRIP_00116,2026-08-08 14:30:07,40.71106441151474,-73.92233180269237,40.744402171366936,-73.91285200450213,Clear,11.913560741640259
TRIP_00117,2026-08-22 05:28:50,40.65436609811903,-74.03547261999694,40.687381155321695,-74.03010179220189,Clear,14.530940018729611
TRIP_00118,2026-08-14 01:06:39,40.769941140725756,-74.08512139870118,40.767347620807136,-74.08486665692529,Clear,6.846549129367883
TRIP_00119,2026-08-10 12:21:20,40.75039665163434,-73.96515814942845,40.73670921131091,-73.88219291251788,Clear,20.768473893064048
TRIP_00120,2026-08-20 00:40:58,40.75235159735215,-74.07502993529498,40.847446751079325,-74.08593278758967,Snowy,36.30980689993218
TRIP_00121,2026-08-10 19:01:51,40.66733062726026,-74.02780777207538,40.67281109707225,-74.00340879444599,Rainy,21.71833027133994
TRIP_00122,2026-08-11 04:49:06,40.7829397155468,-74.01888102427554,40.823916088706966,-73.98110539398272,Clear,11.076470671246188
TRIP_00123,2026-08-03 15:14:39,40.642707446860385,-74.009481672665,40.614478207544686,-73.9705784327975,Clear,11.961029900555955
TRIP_00124,2026-08-20 04:02:28,40.742142854690016,-73.97154177714629,40.753754473092876,-73.95329998941976,Clear,6.075552737431915
TRIP_00125,2026-08-05 08:26:31,40.8223227812905,-74.04018171411433,40.83850679977103,-74.02740279126975,Clear,12.800589938340044
TRIP_00126,2026-08-16 13:49:38,40.66327318374347,-74.01968646260833,40.6974576358413,-73.98614003787115,Snowy,23.394372882839285
TRIP_00127,2026-08-15 07:02:10,40.68448511351986,-74.00671351764747,40.62281148929011,-73.97871786814812,Snowy,32.956626334936615
TRIP_00128,2026-08-20 17:46:09,40.717782568254385,-73.99852010212406,40.74276678664673,-73.98628886716709,Clear,19.616668455953633
TRIP_00129,2026-08-25 02:46:56,40.687626217294195,-74.00110864126461,40.673133973633156,-74.02796499841634,Clear,7.206424213382972
TRIP_00130,2026-08-23 05:10:59,40.635266828446696,-73.98419971123887,40.66499719978254,-73.97823742290888,Snowy,16.88586613260853
TRIP_00131,2026-08-11 18:26:54,40.7162281487403,-73.96380802451792,40.70513827283516,-73.97820452942914,Rainy,19.418613674913686
TRIP_00132,2026-08-03 12:58:53,40.6596848143137,-73.98636829421746,40.65402033343593,-73.98638308071945,Clear,6.689122803795378
TRIP_00133,2026-08-08 20:42:10,40.736479621531764,-73.98332072382453,40.748270793219966,-73.96232402666902,Clear,15.437421510339677
TRIP_00134,2026-08-13 02:37:30,40.66682878828831,-74.08511115833733,40.65525890420022,-74.05434907401742,Clear,10.019672826342294
TRIP_00135,2026-08-24 09:50:11,40.79029672025088,-74.00348861504172,40.796030686848816,-73.93007503250294,Snowy,46.32877642484818
TRIP_00136,2026-08-14 10:26:20,40.67363733538319,-73.98202462259992,40.65783606232689,-73.97814681396704,Clear,16.93616204849727
TRIP_00137,2026-08-25 09:02:12,40.696696924189716,-73.96955294027148,40.66170181063875,-73.92631417121324,Rainy,32.133701450956934
TRIP_00138,2026-08-18 12:23:45,40.753475860868484,-74.04061753871169,40.80401457244137,-74.01143873797855,Clear,17.077126050020823
TRIP_00139,2026-08-14 06:43:56,40.6512567841783,-74.03895196374444,40.63237532339358,-73.98007203362525,Snowy,28.02466629941833
TRIP_00140,2026-08-04 15:50:09,40.72417299673021,-74.03470503376418,40.73881257010197,-73.99741817217631,Clear,13.700684674804144
TRIP_00141,2026-08-16 04:26:47,40.778157137714125,-73.97917930500543,40.820743870158935,-73.98943374782402,Clear,-99.0
TRIP_00142,2026-08-01 04:12:44,40.63242583827194,-73.95430594725379,40.63397751519646,-73.98599732813253,Clear,11.838924355788091
TRIP_00143,2026-08-03 16:18:36,40.72203169292661,-74.02637300536458,40.71727671593425,-73.99703515437454,Clear,11.38051655693644
TRIP_00144,2026-08-05 14:41:43,40.72579413971242,-73.96060188431865,40.75258128237244,-73.95645541425566,Clear,10.864048697813917
TRIP_00145,2026-08-24 10:32:54,40.751891143588864,-73.99982600954176,40.80542915827068,-74.00923542192028,Clear,26.15877254047207
TRIP_00146,2026-08-21 02:03:50,40.6509524644561,-74.01221428885812,40.6358730065035,-74.03024161999411,Clear,7.354491464061429
TRIP_00147,2026-08-24 19:34:17,40.64677716934579,-74.0165692114909,40.66227273438527,-73.99173994656329,Clear,21.731918079482234
TRIP_00148,2026-08-03 06:53:25,40.73889707828084,-73.9686694317699,40.70692224043182,-73.90343820079049,Clear,15.319541244957982
TRIP_00149,2026-08-21 23:58:00,40.72764923366166,-73.98972110916064,40.735853203551194,-73.98198127953182,Clear,4.15619428428187
TRIP_00150,2026-08-19 17:33:59,40.72532464251729,-73.89220872861762,40.74635078305344,-73.85450061928536,Clear,22.762767132499505
TRIP_00151,2026-08-12 16:20:20,40.73012241047485,-74.04861123214987,40.724483671222195,-74.0316792226564,Clear,6.4523366071632555
TRIP_00152,2026-08-03 11:27:24,40.67879876392108,-73.9800949148985,40.685089008906324,-73.9987763775716,Clear,7.629628900129867
TRIP_00153,2026-08-12 05:41:29,40.72441268485805,-74.03246005049057,40.70216588180883,-73.99041571018526,Clear,14.527148568158069
TRIP_00154,2026-08-22 05:13:33,40.727453623664935,-74.04946434934944,40.74976598200638,-74.06230511067025,Clear,7.734432221921091
TRIP_00155,2026-08-11 14:57:25,40.67708242909868,-74.00654335685175,40.72875325656518,-73.98589455793395,Clear,17.830121487172185
TRIP_00156,2026-08-08 21:12:29,40.80608872555724,-73.99913237602965,40.79317440946412,-73.9893779884798,Clear,4.991941938759215
TRIP_00157,2026-08-19 09:40:49,40.73649164604559,-73.860091322247,40.73781149304902,-73.81329899921003,Clear,18.419621476286434
TRIP_00158,2026-08-07 02:30:11,40.65323482513987,-74.01520729078416,40.68831121253349,-74.02695182055828,Clear,12.303964825928485
TRIP_00159,2026-08-15 21:52:44,40.745627680431696,-74.06250893647423,40.80199040201138,-74.03078283924017,Clear,21.961866278707557
TRIP_00160,2026-08-06 07:13:34,40.66406591648864,-73.99234946412528,40.63927022212237,-73.99754338634574,Rainy,14.20138506630258
TRIP_00161,2026-08-16 17:23:16,40.752154230187124,-74.10973200187732,40.76709068806465,-74.10506515824719,Clear,14.532220630290094
TRIP_00162,2026-08-18 09:16:15,40.77072977895037,-74.01059783913021,40.79922370361995,-74.09965384595641,Clear,35.03982985812807
TRIP_00163,2026-08-21 23:33:51,40.67176588408242,-74.00519873588524,40.68870419236355,-73.92243577873671,Clear,10.371089686912594
TRIP_00164,2026-08-04 10:26:38,40.760968806462216,-73.96626998085274,40.7066650444559,-73.92975327286796,Rainy,39.05062210092798
TRIP_00165,2026-08-17 18:37:41,40.733439046346824,-73.95731888752861,40.76847174662608,-73.96033931210675,Clear,20.96130981718982
TRIP_00166,2026-08-21 03:24:58,40.753903007999725,-74.03117848094539,40.819483098532444,-74.04491815159537,Rainy,22.145556312074227
TRIP_00167,2026-08-25 00:38:25,40.807639649132696,-74.0135307007315,40.83113950166778,-74.00840016331787,Rainy,6.3242607738462455
TRIP_00168,2026-08-25 20:15:48,40.70053059419986,-74.04430604153053,40.68959741260103,-74.00279965548594,Rainy,27.780039926633144
TRIP_00169,2026-08-24 04:53:54,40.675113191782124,-74.06240312774038,40.6797193743912,-74.09916567550793,Rainy,11.65378968754517
TRIP_00170,2026-08-10 06:12:29,40.668324278518725,-73.99050526103098,40.74142167054839,-73.97475279360981,Clear,19.948032210035944
TRIP_00171,2026-08-07 14:16:54,40.67200948575173,-74.06967927742983,40.719308361977546,-73.99656002125595,Clear,20.455341506255554
TRIP_00172,2026-08-03 04:41:04,40.7089449145293,-74.0267313450286,40.748145713080824,-74.04074973510762,Snowy,20.892802327000346
TRIP_00173,2026-08-24 06:06:53,,,40.760549976246864,-74.03334714683206,Snowy,21.711922530517814
TRIP_00174,2026-08-23 13:54:14,40.726634539966504,-73.97851584068549,40.726800426600775,-73.89241654622775,Clear,17.64952093572593
TRIP_00175,2026-08-05 04:03:29,40.7541591624518,-73.91592849503668,40.76814202703213,-73.87696394614596,Clear,11.6910630121351
TRIP_00176,2026-08-20 20:25:08,40.713450094593895,-74.07107939914016,40.73111241252354,-74.04730168452559,Rainy,25.332996350014124
TRIP_00177,2026-08-12 15:21:39,40.78547670385787,-74.09865092414488,40.8219639333398,-74.06345183049761,Clear,15.632525483358812
TRIP_00178,2026-08-09 11:29:19,40.699567158338105,-74.0122443442675,40.76483472516611,-74.00427030431779,Clear,17.791893570918734
TRIP_00179,2026-08-07 20:03:27,40.84880845832948,-74.00521511020212,40.902358602433274,-73.94622617164302,Clear,31.80293160011818
TRIP_00180,2026-08-23 02:32:06,40.74408336738825,-73.99506703466214,40.72150183671437,-73.98704693534914,Clear,6.348211092846037
TRIP_00181,2026-08-09 01:38:41,40.66994212217919,-74.02831602576171,40.696661971246215,-74.0670914740238,Clear,9.052912717995692
TRIP_00182,2026-08-02 12:28:34,40.65925537509695,-74.01603196494128,40.70135827545199,-74.00777105805949,Rainy,17.579651085254103
TRIP_00183,2026-08-13 09:29:43,40.73692362076216,-73.98762447947297,40.775489430666504,-73.99662651536927,Clear,20.251777083387477
TRIP_00184,2026-08-03 19:05:02,40.70162686073371,-73.95397845536776,40.70274984783209,-73.94241427573368,Snowy,21.54014123123372
TRIP_00185,2026-08-25 01:54:21,40.748500024704605,-74.10375243851591,40.855923301177654,-74.09152496028833,Snowy,41.17232585577144
TRIP_00186,2026-08-14 14:49:26,40.73646188122868,-74.02444697195158,40.71814934435874,-73.96852427595744,Rainy,21.999459734968088
TRIP_00187,2026-08-19 21:09:51,40.70915855436716,-73.99530956030294,40.696662900967176,-73.95445077850302,Snowy,22.801932598583353
TRIP_00188,2026-08-17 16:18:23,40.67046031409658,-74.05189880523054,40.69746816653443,-74.02400084060328,Clear,10.834307299495157
TRIP_00189,2026-08-04 10:16:55,40.63705763876571,-73.91944151841163,40.72056173041463,-73.89952988075161,Clear,38.31245828940757
TRIP_00190,2026-08-10 21:16:43,40.69047425239665,-74.03777049401144,40.685388406875525,-74.04953623427718,Rainy,12.599294832486446
TRIP_00191,2026-08-10 09:37:16,40.755619939716176,-74.00806463435036,40.76764508874677,-74.05349989148033,Clear,17.801940388214355
TRIP_00192,2026-08-19 01:03:49,40.723504687206514,-73.97819889515789,40.775823497396985,-73.95480409481611,Clear,16.52416919633318
TRIP_00193,GARBAGE_TIMESTAMP_TEXT,40.6505130610644,-74.03556423944009,40.66997719641777,-73.99172500333289,Clear,8.8633007345184
TRIP_00194,2026-08-07 11:33:17,40.72145904629256,-74.09832865239022,40.73142093065665,-74.08157866888756,Clear,9.17600330288548
TRIP_00195,2026-08-24 12:12:24,40.732065868986446,-74.02743272634582,40.76903485604305,-74.02347835602943,Rainy,18.048588277331355
TRIP_00196,2026-08-05 06:28:43,40.66860712818995,-73.95452797220365,40.696782667896834,-73.92059290724723,Clear,13.865975751902603
TRIP_00197,2026-08-25 13:32:23,40.72048625529728,-74.02284475633925,40.77139941886639,-74.00534472235799,Rainy,26.16718070663672
TRIP_00198,2026-08-10 08:09:38,40.715710435922304,-74.04832171507294,40.77445450259427,-73.97774938931373,Clear,35.66246559369901
TRIP_00199,2026-08-16 11:43:57,40.65565148510847,-73.95971638952486,40.68486157690863,-73.90273453926281,Clear,13.321862264821625
TRIP_00200,2026-08-19 12:52:49,40.730689368017416,-74.02253874480115,40.75944134977876,-73.97375350309045,Clear,16.126753799510915
TRIP_00201,2026-08-03 06:00:34,40.740839226318414,-74.03150804068251,40.767262555787,-73.98877601725621,Rainy,18.240397375122704
TRIP_00202,2026-08-21 13:03:18,40.766952562158764,-73.99852719551683,40.80162647885824,-74.01723221795038,Clear,14.439193287860618
TRIP_00203,2026-08-22 05:51:08,40.765490102601746,-73.96746248951906,40.78714522173789,-73.92757267845748,Snowy,19.805482404286092
TRIP_00204,2026-08-11 21:46:08,40.643916531602144,-73.88691432341338,40.663898277132475,-73.85562454468398,Rainy,15.40320583598839
TRIP_00205,2026-08-11 09:33:30,40.66590874800425,-73.96463819461712,40.72180756162906,-73.92644545276539,Clear,31.273237536195055
TRIP_00206,2026-08-22 13:03:01,40.738551763360434,-73.94800800168058,40.804035248771086,-73.91322971707619,Snowy,35.47284124693598
TRIP_00207,2026-08-05 13:14:18,40.73848929754561,-74.03129830994939,40.71326270920661,-73.99771543231395,Clear,16.552986135403398
TRIP_00208,2026-08-06 14:45:07,40.738552384315305,-74.05729340529848,40.75885301886752,-73.956267411212,Clear,21.86810786640786
TRIP_00209,2026-08-20 11:03:52,40.905436574532736,-74.00288343251904,40.90477574152938,-73.9851690026176,Clear,6.606946320775761
TRIP_00210,2026-08-06 10:54:53,40.74134452553466,-74.00064150423702,40.752015381540076,-73.95255138281215,Clear,23.269864743475264
TRIP_00211,2026-08-07 03:57:14,40.76957828200903,-74.05992563706823,40.80165376830109,-74.05405533137615,Clear,7.90277950248989
TRIP_00212,2026-08-01 08:22:51,40.76050008817466,-74.0147647264952,40.800583239320936,-73.97104547897857,Clear,27.282349963005437
TRIP_00213,2026-08-08 11:38:59,40.745369562565294,-73.98603411991404,40.76200576925695,-73.93785452320706,Rainy,17.75687150170183
TRIP_00214,2026-08-18 00:40:38,40.697036537767985,-73.9879803302491,40.659636327726304,-73.95704754793505,Clear,11.651905955100652
TRIP_00215,2026-08-14 00:12:51,40.75074846102466,-73.98078560733079,40.74179709360738,-73.9107081990595,Clear,18.453472827903532
TRIP_00216,2026-08-15 04:04:13,40.674158739273125,-73.99145176349313,40.72105372937913,-73.99798004458394,Clear,14.857690447044888
TRIP_00217,2026-08-14 13:04:10,40.700959069663,-74.0313504329635,40.63874627700195,-74.02596706121355,Clear,20.908419700753747
TRIP_00218,2026-08-19 04:35:14,40.688531822608546,-74.03169503133245,40.744154637159006,-74.00532362875174,Clear,15.576657567135722
TRIP_00219,2026-08-21 06:04:29,40.716893706969316,-74.06594756989969,40.75253060668865,-74.01952336429517,Clear,14.752999147191744
TRIP_00220,2026-08-15 13:23:23,40.82853292833368,-73.91676124804074,40.88801821077958,-73.8913783624019,Rainy,25.094002475485365
TRIP_00221,2026-08-03 04:11:19,40.61943674037041,-74.00532748176903,40.63347966476398,-73.94675471067372,Clear,13.460953647260228
TRIP_00222,2026-08-14 04:55:35,40.74711300951873,-74.01724265278975,40.705270846798044,-74.01709334891873,Clear,11.842216021063768
TRIP_00223,2026-08-21 15:38:02,40.63216420644052,-74.05243960407262,40.665075085685714,-74.06665695875728,Clear,12.891657154343214
TRIP_00224,2026-08-22 03:51:21,40.68920340671053,-73.85921710488361,40.74744300043168,-73.82997325478752,Clear,14.291628096931857
TRIP_00225,2026-08-06 02:00:02,40.76724752984837,-74.05966640161114,40.81498918401377,-74.04198180989455,Rainy,17.214872667395653
TRIP_00226,2026-08-24 07:47:53,40.71601400095477,-74.0274423962803,40.71613325645013,-73.99115648466956,Snowy,17.846798298547274
TRIP_00227,2026-08-07 17:40:02,40.65891276110354,-73.9852081581857,40.681515593367415,-73.9660302269117,Rainy,27.09439205520572
TRIP_00228,2026-08-18 15:31:52,40.677034814537,-73.97598935171278,40.6810497264736,-73.96618994543148,Clear,2.8469377738164825
TRIP_00229,2026-08-01 20:25:51,40.746779887446735,-73.95810339723921,40.742201893521056,-73.94035152439092,Clear,17.404618350518223
TRIP_00230,2026-08-16 11:37:59,40.67628166841414,-73.91561957461154,40.72494332554954,-73.89475410776774,Clear,13.755962805967558
TRIP_00231,2026-08-21 08:52:12,40.7236229294791,-73.98069211722697,40.70769696014114,-73.96984155622242,Clear,12.243324629858966
TRIP_00232,2026-08-24 11:12:17,40.715078591995194,-74.05880153999833,40.708264099077745,-74.04489550138803,Clear,8.609084063897557
TRIP_00233,2026-08-19 18:50:05,40.68021998261971,-74.0188472562561,40.667099213615536,-74.0109550563657,Clear,15.852886183299589
TRIP_00234,2026-08-16 06:06:27,40.81999720446627,-73.9906083813743,40.7952897787673,-73.94490842777822,Clear,18.610008852537334
TRIP_00235,2026-08-23 18:15:16,40.7444959511159,-73.90258869792471,40.76888837987118,-73.87676806778954,Clear,-99.0
TRIP_00236,2026-08-22 18:47:28,40.61154287066712,-74.07589027392122,40.66638796212158,-73.98818769975615,Clear,43.44043816772836
TRIP_00237,2026-08-16 18:46:34,40.72212271573847,-73.94587117473874,40.73657641305111,-73.92105003820039,Rainy,24.427036139206603
TRIP_00238,2026-08-15 15:19:36,40.67971067676158,-73.99700428152268,40.65453824274466,-73.99353000563254,Clear,13.809662569012648
TRIP_00239,2026-08-19 09:12:46,40.755421666739814,-73.96410847323853,40.80062000293208,-73.86398821199263,Clear,44.25596356969016
TRIP_00240,2026-08-12 16:14:59,40.67317396307837,-74.01109973583179,40.74374501569942,-73.97869094450036,Clear,21.248466073340932
TRIP_00241,2026-08-04 14:16:26,40.707063177926656,-74.04812163150632,40.70767590820226,-73.99841788789954,Clear,14.46584540334179
TRIP_00242,2026-08-11 22:22:14,40.738049363949024,-73.96845636102994,40.74369273594749,-73.93069327153385,Clear,9.03969366398597
TRIP_00243,2026-08-20 20:25:06,40.75608775970851,-73.97327844864472,40.791557578611005,-73.93458811776578,Clear,27.227932554855922
TRIP_00244,2026-08-13 21:12:51,40.65278517964721,-73.95739715171301,40.72144139208076,-73.92132753017243,Clear,25.193519967321926
TRIP_00245,2026-08-20 01:09:49,40.69607493820796,-74.00666523176893,40.7004799138362,-74.01972776871222,Clear,4.076902889996233
TRIP_00246,2026-08-20 04:51:50,40.68905273444195,-74.03599110116599,40.66907924101201,-74.00496522973914,Clear,4.822439923783634
TRIP_00247,2026-08-02 03:15:58,40.680133538371315,-74.08393934975119,40.71907609655949,-74.10368518886669,Rainy,15.4843058693444
TRIP_00248,2026-08-21 15:16:14,40.801072712014054,-73.96503133659303,40.845044754208324,-73.9502622216854,Clear,17.491871120996073
TRIP_00249,2026-08-13 00:53:04,40.733049085548046,-73.9848055258778,40.7532330290611,-73.9865740495747,Clear,8.038660558788967
TRIP_00250,2026-08-20 00:43:29,40.64975580228325,-74.0542891316432,40.65301180449353,-74.02356502606774,Clear,9.191793828861911
TRIP_00251,2026-08-23 14:35:18,40.75869309735274,-74.03292868366484,40.8085244592825,-74.00290489624469,Clear,18.68553030143802
TRIP_00252,2026-08-16 22:17:25,40.818907809850636,-74.02933794059757,40.85474888998707,-73.99490356387462,Clear,12.104943458269046
TRIP_00253,2026-08-17 10:51:44,40.76442326302756,-74.08014922159911,40.761370197520456,-74.05153032441665,Clear,16.901747073455695
TRIP_00254,2026-08-24 21:08:48,40.636831501702304,-74.04688411983025,40.658304343641475,-74.04508888008384,Rainy,13.799645980586657
TRIP_00255,2026-08-17 04:21:07,40.68858829635669,-74.06269151784032,40.668037070395954,-74.05052162252088,Clear,4.090885536994472
TRIP_00256,2026-08-03 05:34:31,40.77614555745933,-74.0266239505944,40.816722271152464,-73.97901206575676,Clear,-99.0
TRIP_00257,2026-08-08 11:58:26,40.677416526719064,-74.04293487491648,40.68954951963758,-73.99089917459766,Clear,11.035359105665835
TRIP_00258,2026-08-04 01:59:24,40.73499097140731,-74.08735024604334,40.74191964643577,-74.10175373900213,Clear,6.223545705747586
TRIP_00259,2026-08-10 14:12:55,40.75153170267147,-73.90487048847153,40.7705454681169,-73.93079831744691,Snowy,17.84379519655763
TRIP_00260,2026-08-15 21:50:49,40.6664534764211,-73.94337296344854,40.687662707401,-73.94517964494467,Clear,11.79457273409825
TRIP_00261,2026-08-13 19:51:32,40.70982373219691,-74.044950971076,40.756671634043876,-73.99359474361503,Clear,33.868286256704806
TRIP_00262,2026-08-25 15:57:39,,,40.5884693489363,-73.93593240926182,Snowy,31.039876661030124
TRIP_00263,2026-08-23 05:02:51,40.66158061793329,-73.98512674550894,40.67688833956951,-73.99286810192098,Rainy,8.609073922656526
TRIP_00264,2026-08-16 01:22:33,40.700171592430344,-73.94644570726133,40.743081636921914,-73.91722642664924,Clear,14.695260142661208
TRIP_00265,2026-08-15 09:00:21,40.650410840901756,-74.04693025133301,40.68243295851251,-73.97189731133881,Clear,28.04199329144252
TRIP_00266,2026-08-20 14:55:32,40.79442056519658,-73.95139466080087,40.801622576108,-73.91893531648367,Rainy,12.111860793823652
TRIP_00267,2026-08-25 21:15:29,40.64129293110197,-74.03339526521034,40.657551386354875,-73.97075016665335,Rainy,23.59540539354441
TRIP_00268,2026-08-18 23:04:52,40.69079777566515,-74.07279312020843,40.70635108899986,-74.02283132310593,Clear,10.413735434426737
TRIP_00269,2026-08-05 22:22:41,,,40.75449486915954,-73.9770991332211,Clear,6.040397444404295
TRIP_00270,2026-08-23 11:09:33,40.784863664453304,-73.94146207879388,40.79385298601166,-73.92716152149879,Clear,11.03486860393768
TRIP_00271,2026-08-24 00:15:28,40.64100689244103,-73.87660455132347,40.64929461684838,-73.85556191697471,Clear,9.354349283490562
TRIP_00272,2026-08-18 06:35:26,40.77095818760775,-74.06598626325452,40.85002090689076,-74.04286226161388,Clear,24.430344961943124
TRIP_00273,2026-08-10 09:56:10,40.71331165305098,-73.97105401574596,40.761503717503395,-73.92356414714281,Clear,29.58943052529072
TRIP_00274,2026-08-25 02:28:13,40.6637245674476,-74.02649006218968,40.66090654751485,-73.99422951932142,Clear,11.704064274560439
TRIP_00275,2026-08-13 18:24:09,40.735905173713164,-73.96683206447379,40.77303340353143,-74.03491809278714,Clear,36.956409296390646
TRIP_00276,2026-08-15 07:48:37,40.72275298477867,-74.07952447756156,40.746303486748324,-74.09890968575435,Clear,14.268350789433445
TRIP_00277,2026-08-07 13:58:29,40.682789156142064,-74.06913848878493,40.71453569139987,-74.1147599162342,Clear,16.831873679658027
TRIP_00278,2026-08-08 11:27:49,40.7162901042495,-74.04479374115833,40.740410343986454,-74.01953278393867,Rainy,15.648214021892098
TRIP_00279,2026-08-14 00:03:48,40.693534320156914,-74.00205179771659,40.74922359952147,-73.97483716823255,Rainy,18.13682508522866
TRIP_00280,2026-08-18 18:35:31,40.71847586726256,-74.03805406332692,40.748844477602105,-74.00955731456861,Snowy,38.1200887551706
TRIP_00281,2026-08-06 07:24:46,40.74590653372606,-73.97304728280433,40.76404387277963,-73.98181513083577,Clear,10.29958725748268
TRIP_00282,2026-08-20 00:29:36,40.79210084080727,-73.9546552690871,40.84336655811676,-73.9144309489335,Clear,15.778287449233304
TRIP_00283,2026-08-16 20:24:37,40.65090922505866,-73.97602112293774,40.6779077762913,-73.93453324804368,Rainy,32.57817490317528
TRIP_00284,2026-08-21 09:09:04,40.81945166873282,-73.92506061801696,40.84309602611269,-73.94271509003312,Rainy,24.18931862241786
TRIP_00285,2026-08-08 00:36:00,40.615195610023875,-73.98520866852724,40.64461628809846,-74.0091898145707,Rainy,12.536977720853697
TRIP_00286,2026-08-07 14:22:57,40.70521074524822,-74.066844835517,40.72240247454723,-74.04684878610381,Clear,11.831788874329561
TRIP_00287,2026-08-24 13:22:58,40.74221586032423,-73.93783117432308,40.76249267011409,-73.86407770611468,Clear,16.453910991047227
TRIP_00288,2026-08-09 07:07:02,40.72684959338675,-74.0362578117803,40.729248755723894,-73.96526552951434,Rainy,19.958896833044193
TRIP_00289,2026-08-20 03:48:37,40.68166502400897,-73.96047907501573,40.679130007420255,-73.92357694420228,Rainy,11.217867852579428
TRIP_00290,2026-08-02 08:45:00,40.70239388748214,-73.92731328917225,40.692436775887664,-73.92921318931965,Rainy,16.711386322237512
TRIP_00291,2026-08-17 10:28:25,40.68814995326706,-73.98316559946348,40.666390454663144,-73.93656031967882,Clear,20.45127140912985
TRIP_00292,2026-08-06 00:27:30,40.68333176215279,-74.08080794065823,40.67694024131125,-74.0743806686025,Clear,7.529427616386705
TRIP_00293,2026-08-19 15:25:49,40.75528010485105,-74.05191060832549,40.77005209381704,-74.0549358194257,Clear,5.039250620125625
TRIP_00294,2026-08-11 08:31:20,40.730650774298255,-73.93986277665574,40.753744301771626,-73.9841817816044,Rainy,28.757757994496195
TRIP_00295,2026-08-06 01:39:21,40.678154520236966,-74.01445613428214,40.69001562334254,-73.99138466833172,Rainy,7.262548613248773
TRIP_00296,2026-08-16 07:39:45,40.75777999377166,-74.00202132325289,40.70710888906784,-74.00091734372701,Clear,11.050476440599994
TRIP_00297,2026-08-01 06:33:46,40.72816497604383,-73.96805877919182,40.7954025667767,-73.94516586780597,Clear,21.175091929127536
TRIP_00298,2026-08-24 17:03:17,40.75344310594195,-73.97118385689599,40.80603750962866,-74.0201645877831,Clear,34.40652647747595
TRIP_00299,2026-08-23 04:26:15,40.74428144209618,-73.99206000938072,40.777654237632696,-73.96696520920321,Clear,8.038730586469368
TRIP_00300,2026-08-13 08:04:58,40.671350249453894,-74.01643341856102,40.74857496963049,-74.06936705348016,Clear,37.9329606394092
TRIP_00301,2026-08-08 17:34:05,40.68479094799015,-74.02163342228661,40.67547002446564,-73.96899521468856,Rainy,33.91582881514221
TRIP_00302,2026-08-11 22:45:25,40.75016468025616,-73.96310505873544,40.82679343387494,-73.92744832171138,Rainy,23.254536712383263
TRIP_00303,2026-08-24 18:38:23,40.743318513271674,-73.97832152344661,40.73436209096916,-73.96668146658935,Clear,13.634392022057112
TRIP_00304,2026-08-10 14:37:19,40.71175492030179,-74.01886500003089,40.73891705806054,-73.98198340422843,Clear,12.870632124926498
TRIP_00305,2026-08-06 15:08:50,40.71866636916544,-73.95189438435034,40.700451249411415,-73.96123661223025,Clear,8.181625875101785
TRIP_00306,2026-08-18 04:47:38,40.776683244789425,-74.01245170575649,40.79712406765576,-73.99028044028805,Clear,7.515172224364409
TRIP_00307,2026-08-19 04:19:10,40.68322143055821,-74.04858310871671,40.71480642549817,-74.0047398875629,Snowy,19.418793061539176
TRIP_00308,2026-08-23 17:59:26,40.7401548690585,-74.04394853494517,40.755514159124466,-74.11677721241792,Rainy,39.99772736779548
TRIP_00309,2026-08-07 17:02:04,40.70269036737831,-74.05493704181549,40.74410669070102,-74.04835377260582,Clear,23.664301016437882
TRIP_00310,2026-08-23 12:15:53,40.70191593983864,-74.01962050083019,40.72488637332326,-74.00029982473427,Clear,10.298846623777182
TRIP_00311,2026-08-12 06:26:53,40.767738842599364,-73.94431378608319,40.77206640074804,-73.93020259461557,Clear,6.2842765066439785
TRIP_00312,2026-08-13 00:14:20,40.7540708174494,-74.04625475905152,40.75706641791533,-73.9825417042647,Clear,10.459640874906173
TRIP_00313,2026-08-12 16:54:51,,,40.7978028949785,-74.01029324569677,Clear,16.657047488663746
TRIP_00314,2026-08-05 16:55:14,40.778073940357714,-74.03883446728138,40.778461679463504,-74.03746924458473,Clear,7.710818403973281
TRIP_00315,2026-08-20 18:00:03,40.71385019208164,-74.01901545206357,40.76131228119618,-74.05649152285282,Rainy,40.48164833712865
TRIP_00316,2026-08-03 07:40:43,40.74689764856475,-74.08150206059926,40.80357900234971,-74.01619346106106,Clear,21.862137130197574
TRIP_00317,2026-08-05 08:00:54,40.69728666217033,-74.01702691145783,40.66722524629994,-74.0044156157361,Snowy,31.297070641891818
TRIP_00318,2026-08-11 06:21:19,40.72900831762443,-74.01568526899025,40.782996109243456,-74.00883753563136,Clear,19.195689636943403
TRIP_00319,2026-08-25 13:34:26,40.70629284728162,-73.97898560279822,40.78810552823496,-73.96056008326754,Rainy,33.97078458523006
TRIP_00320,2026-08-11 16:30:17,40.71764979824964,-73.99483595433723,40.745209911085695,-73.95574887948432,Rainy,17.86913484669412
TRIP_00321,2026-08-19 17:37:28,40.74255785127185,-74.0659196062476,40.78053037683069,-74.03549870414211,Clear,25.737163567672955
TRIP_00322,2026-08-15 06:36:36,40.67188896583833,-73.95179008779782,40.7229991255694,-73.85235356139111,Clear,25.938465293249845
TRIP_00323,2026-08-07 21:11:07,40.817419363784275,-73.9954848479889,40.8291548943289,-73.96186677133679,Rainy,14.85752592201126
TRIP_00324,2026-08-25 17:27:17,40.66249913092501,-73.99608032414113,40.68796753763115,-73.99003768701621,Clear,-99.0
TRIP_00325,2026-08-17 22:10:14,40.65209056936062,-74.00645911766925,40.63266458347192,-74.00329981979498,Clear,8.424721718223735
TRIP_00326,2026-08-20 05:11:22,40.77070554367501,-74.03188787236111,40.79486459453092,-74.02367064093362,Snowy,16.22166413020684
TRIP_00327,2026-08-07 07:35:34,40.75238313469815,-73.99510988301256,40.78732649456749,-74.02016499075145,Clear,12.27125245739166
TRIP_00328,2026-08-03 09:55:27,40.74400599085261,-73.98222057820357,40.779490881540404,-73.96102465197882,Clear,26.942583404824763
TRIP_00329,2026-08-15 12:18:39,40.744217275463214,-74.09334478456728,40.79618001717114,-74.049840741381,Clear,15.617218516909094
TRIP_00330,2026-08-18 04:20:38,40.71218766135765,-74.03293804186731,40.70894359601359,-74.031338949886,Clear,2.9127494964143565
TRIP_00331,2026-08-05 18:56:16,40.66793728142571,-74.01874734852018,40.6719590787255,-74.0229687502087,Clear,11.525759070274862
TRIP_00332,2026-08-19 03:53:25,40.71659022790969,-73.99319146971528,40.79345544828943,-73.92771311532645,Clear,24.768995197706136
TRIP_00333,2026-08-24 06:55:53,40.6789419144244,-73.94633444970364,40.69443206321149,-73.96912894440227,Rainy,12.085005864832462
TRIP_00334,2026-08-06 13:53:18,40.76155598667089,-74.04458704072984,40.78755700029026,-74.08662159202416,Clear,12.009076255061087
TRIP_00335,2026-08-20 10:53:38,40.705447130924895,-74.03089809234089,40.72343682967314,-74.04548515065031,Clear,16.611982922592855
TRIP_00336,2026-08-03 19:21:16,40.67152514016038,-74.03162670553233,40.66687471537123,-74.05783968704606,Clear,16.676480835778648
TRIP_00337,2026-08-11 14:38:46,40.696730707917354,-74.04607637950522,40.76543658424411,-74.01448959758208,Rainy,28.86473938202213
TRIP_00338,2026-08-17 10:28:59,40.73344657271378,-74.02335932475562,40.737615530356166,-74.01418045976911,Clear,10.743764150225761
TRIP_00339,2026-08-12 12:57:10,40.6846137723598,-73.96745988900061,40.6707952066486,-73.95405050035133,Snowy,13.272191344784334
TRIP_00340,2026-08-11 08:42:56,40.67168898022168,-74.05869177476822,40.678166771902596,-74.00410374945898,Clear,27.608312452530384
TRIP_00341,2026-08-04 01:22:35,40.724984360574595,-73.98460928024235,40.684933180522826,-73.98534932607724,Clear,5.217498656133625
TRIP_00342,2026-08-14 04:48:26,40.72504832855544,-74.09109511150092,40.72550970460594,-74.04784242914855,Clear,13.47281025357837
TRIP_00343,2026-08-12 05:43:46,40.68745284123145,-74.03406689982211,40.67840898329588,-73.96872721584602,Clear,14.827508577271288
TRIP_00344,2026-08-23 18:09:33,40.68924808471908,-74.0224744650109,40.7277709436469,-74.01614433995131,Clear,23.04875955375985
TRIP_00345,2026-08-12 11:31:25,40.72440249686788,-73.9222570163543,40.72420006968108,-73.88014633068761,Rainy,19.47155352067394
TRIP_00346,2026-08-07 00:17:34,40.64039578292513,-74.01974011523764,40.6870299009925,-74.00699465261351,Rainy,13.472303972460098
TRIP_00347,2026-08-20 04:31:51,40.642426811281176,-74.11606217367255,40.70438133107326,-74.06833922980732,Clear,18.78185364841407
TRIP_00348,2026-08-15 09:18:00,40.67687778893738,-74.10594444534306,40.72031304902601,-74.13308912097034,Clear,20.937021527077597
TRIP_00349,2026-08-07 21:49:33,40.70212764241441,-74.00429852068267,40.71566599374861,-74.03366388803643,Rainy,11.740521723744331
TRIP_00350,2026-08-19 23:55:09,40.728345378279904,-73.97531145721051,40.752578813181074,-73.96704948865774,Clear,6.156213555909347
TRIP_00351,2026-08-15 09:25:31,40.78656781084748,-73.98722720711864,40.760818262643156,-73.99389495139043,Clear,15.83549258290224
TRIP_00352,2026-08-10 11:39:22,40.7556829811601,-73.99762149470995,40.77166959998446,-73.99312276799284,Clear,8.658282023400572
TRIP_00353,2026-08-14 01:16:05,40.70480307350183,-73.94788702012471,40.69898991945983,-73.93447281759812,Clear,4.432055773630076
TRIP_00354,2026-08-08 00:34:46,40.71184918960487,-74.03297956103685,40.752678981039345,-73.99137915508176,Clear,9.10439213741532
TRIP_00355,2026-08-17 06:45:23,40.662673531768114,-73.96125447219866,40.75985610344545,-73.95348428955563,Clear,27.578975117716045
TRIP_00356,2026-08-25 02:25:58,40.711874343200385,-74.08760074425132,40.7468689922796,-74.09231658357001,Clear,10.356245425615642
TRIP_00357,2026-08-18 21:04:51,40.698367068054,-74.05124739164691,40.65863286358536,-74.04179279294968,Rainy,18.990820273582003
TRIP_00358,2026-08-22 14:37:59,40.72893592801691,-74.09635206974659,40.73809902222948,-74.09942642814079,Clear,7.4464415933428825
TRIP_00359,2026-08-03 17:24:23,40.671438452822386,-74.01974226503349,40.69511318058362,-74.02776243009536,Clear,20.693224857706554
TRIP_00360,2026-08-20 21:02:31,40.73876732571206,-74.00831306086332,40.76138804846987,-74.03670356527063,Clear,11.790574287251973
TRIP_00361,2026-08-08 18:49:46,40.78943694565013,-74.00029492538867,40.78751255188187,-73.97821058190205,Snowy,28.778766296839677
TRIP_00362,2026-08-23 13:15:34,40.707361992577155,-74.00290583235564,40.73472074485626,-73.99996700355355,Clear,9.553045307714623
TRIP_00363,2026-08-25 14:50:07,40.73288558610495,-74.0523776665406,40.71561056099737,-74.00338930436355,Clear,12.669201596996105
TRIP_00364,2026-08-02 16:43:18,40.747307199585556,-74.01551204222066,40.738959937905,-74.03893392498243,Clear,12.113285415157842
TRIP_00365,2026-08-11 17:12:45,40.69273897640571,-74.08087233343029,40.73211290565382,-74.07713484008173,Clear,27.513534964733864
TRIP_00366,2026-08-12 14:22:52,40.724004624090526,-73.93783855124339,40.71353472716413,-73.86345133462362,Clear,18.900100469246084
TRIP_00367,2026-08-08 01:39:22,40.71342962003909,-74.0211813036449,40.749575968203864,-74.02936958915782,Clear,8.746710806952526
TRIP_00368,2026-08-05 01:09:26,40.71768380492745,-74.03044430595219,40.69659989168777,-74.01754030351508,Clear,6.195865512587693
TRIP_00369,2026-08-23 09:03:03,40.674149510807226,-73.92655298357779,40.74709428732098,-73.94302830306255,Snowy,61.022449464915496
TRIP_00370,2026-08-08 05:24:26,40.71402550871295,-74.06811232667746,40.71079741104083,-74.0885651520609,Clear,9.362673995928708
TRIP_00371,2026-08-15 17:52:53,40.73769991456227,-74.0622793557016,40.75098991740817,-73.99586002620897,Rainy,38.65750075134677
TRIP_00372,2026-08-08 19:26:06,40.78535718038975,-74.06081101624343,40.81527557822246,-74.03567983146432,Clear,27.876295998292157
TRIP_00373,2026-08-23 19:48:50,40.760763541304264,-74.00939356908498,40.76380304272923,-73.98538320393784,Clear,17.298685016947918
TRIP_00374,2026-08-02 11:50:04,40.820459122875576,-73.98441841851812,40.84476130170771,-74.0153079055716,Snowy,19.032720679522306
TRIP_00375,2026-08-12 16:36:33,40.6744326218556,-73.9690162265941,40.711693323591206,-73.93825398495086,Rainy,18.657554409143252
TRIP_00376,2026-08-04 05:31:31,40.75641603183603,-73.87740023412525,40.80523442881114,-73.82267757574543,Clear,15.403192634625741
TRIP_00377,2026-08-09 21:09:28,40.72196710028692,-74.11847162271003,40.765712023366106,-74.06398731088518,Clear,18.548752661211168
TRIP_00378,2026-08-11 01:55:20,40.82229014666088,-73.97556322054378,40.8371358327468,-73.93551322365559,Snowy,19.506216496568538
TRIP_00379,2026-08-25 08:51:16,40.672385085732245,-74.03385652862862,40.687986132510936,-74.04774109595648,Clear,12.78469263076083
TRIP_00380,2026-08-09 07:36:04,40.67081390789096,-74.03532075744444,40.76128716463171,-74.00592705492865,Clear,23.058368702954034
TRIP_00381,2026-08-06 15:00:08,40.6828303677278,-74.03698860641269,40.73132703977528,-73.9969610575984,Clear,18.926876251847155
TRIP_00382,2026-08-21 06:42:14,40.60660521378451,-74.0514384835404,40.59895050409491,-74.08527179109306,Clear,-99.0
TRIP_00383,2026-08-24 04:50:37,40.68651224891596,-73.92177375826982,40.709511893828925,-73.93541214601427,Clear,13.333426670416923
TRIP_00384,2026-08-23 13:51:56,40.67484336692232,-73.9638851336493,40.684789072758974,-73.91724041399699,Rainy,19.009745160881998
TRIP_00385,2026-08-14 10:03:58,40.72031968932381,-74.00484020107213,40.73625966230612,-73.95855882777197,Clear,20.657289081788004
TRIP_00386,2026-08-10 01:56:03,40.72988779878886,-73.93844921237564,40.713002944057614,-73.96490670338429,Snowy,17.154149354543513
TRIP_00387,2026-08-20 09:32:45,40.8066085419608,-74.08162644826494,40.81425084492922,-74.03777580448687,Clear,21.57947048259953
TRIP_00388,2026-08-18 11:50:22,40.760321191909306,-74.07253525656655,40.834667865105125,-74.04967615459195,Clear,23.24331155904625
TRIP_00389,2026-08-12 04:03:12,40.68395481721688,-74.11489838660974,40.721327106243145,-74.07146811797152,Clear,12.6167418558967
TRIP_00390,2026-08-18 11:29:47,40.667879266432585,-74.04097072700617,40.61314442418804,-74.04000636670919,Snowy,30.03595596858991
TRIP_00391,2026-08-23 05:27:59,40.73739595857533,-73.99791507366476,40.793897663350265,-73.95855956877033,Clear,11.159464644635456
TRIP_00392,2026-08-07 23:40:09,40.64678833964897,-74.00085707110338,40.699477225336246,-73.95554220786882,Clear,17.826122397392904
TRIP_00393,2026-08-05 20:35:42,40.80437293829272,-73.998532904447,40.81359437916353,-73.98907295251067,Snowy,16.372786568950914
TRIP_00394,2026-08-19 06:12:44,40.771772006036066,-74.07655284155331,40.81328991234956,-74.05602026516812,Snowy,24.376250538310288
TRIP_00395,2026-08-21 22:49:56,40.68934121739477,-73.9658422628693,40.683559241070256,-73.96529791175445,Clear,2.0
TRIP_00396,2026-08-25 08:44:12,40.62714327354546,-73.99401862408806,40.63303560205747,-73.92446945562747,Snowy,44.72503091567613
TRIP_00397,2026-08-05 11:56:00,40.78049361870827,-73.9693472859267,40.84545000952836,-73.95295544410648,Rainy,25.470546338451566
TRIP_00398,2026-08-18 20:52:53,40.70707300773737,-74.10063810887951,40.71892110654128,-74.10829883863482,Clear,11.888205038361257
TRIP_00399,2026-08-24 16:41:59,40.774690815598674,-73.99042545706011,40.73859886574002,-73.99190023447636,Clear,7.481372888123157
TRIP_00400,2026-08-09 19:39:27,40.633078617060285,-74.06538826199588,40.65117952037684,-74.04158514396161,Clear,19.650161941995197
TRIP_00401,2026-08-15 12:27:52,40.68283124885231,-74.02586616262757,40.70047359706488,-73.98326622747422,Clear,17.35784143817945
TRIP_00402,2026-08-17 08:55:20,40.71306218498591,-73.97928175506819,40.76901324206711,-73.9993565604227,Rainy,36.518038159449
TRIP_00403,2026-08-11 03:55:24,40.71514902968824,-74.0014453196872,40.73557912235351,-73.92601551959893,Clear,16.718847260698578
TRIP_00404,2026-08-07 19:54:53,40.69029672642604,-74.04857699898896,40.69764925708283,-74.0193167401673,Rainy,26.871299917771797
TRIP_00405,2026-08-03 09:34:00,40.74394249661738,-74.00568634219078,40.79529418097432,-73.9716926630017,Rainy,33.17175822450517
TRIP_00406,2026-08-14 12:04:39,40.65941897853087,-74.08257676576218,40.6830426855059,-74.06549245207688,Clear,10.077542094862846
TRIP_00407,2026-08-12 05:55:54,40.70568102574894,-73.94848663020508,40.703180345301966,-73.92790886118455,Snowy,9.025590460927265
TRIP_00408,2026-08-02 23:03:26,40.7188147815856,-74.01626420097482,40.773464708401846,-74.00071269511264,Rainy,16.517583033110196
TRIP_00409,2026-08-05 10:12:39,40.73852194170294,-73.95007250278724,40.764331794638444,-73.89953862371615,Clear,27.832335372270812
TRIP_00410,2026-08-21 04:31:37,40.74838074390445,-74.0323265843548,40.76846852290483,-74.01256444197841,Rainy,11.441491559014631
TRIP_00411,2026-08-15 22:56:47,40.65656789540811,-74.03217879942034,40.68190514715046,-73.98916729286556,Snowy,20.87097346979804
TRIP_00412,2026-08-11 06:37:30,40.63609429146322,-74.04420933933189,40.62397424032073,-74.03722476503246,Clear,7.854093900506709
TRIP_00413,2026-08-12 03:45:42,40.77668384109493,-73.96219130341535,40.78085422780958,-73.93632208756598,Snowy,10.436407953582473
TRIP_00414,2026-08-12 01:42:44,40.729415700598985,-74.04147155786643,40.749523178653966,-74.04558916819362,Clear,8.976395680384087
TRIP_00415,2026-08-11 08:57:58,40.67537567317218,-73.97377022837924,40.689535762321434,-73.91727438140275,Clear,26.56067732708727
TRIP_00416,2026-08-21 15:04:26,40.790357598776126,-74.02512261988346,40.848530450260625,-74.03013503710504,Rainy,23.988632743382375
TRIP_00417,2026-08-12 02:28:15,40.718583731714645,-74.10479816499458,40.745105907296455,-74.09454754832241,Rainy,12.570109186991964
TRIP_00418,2026-08-19 16:59:42,40.771764859203195,-74.03451570338932,40.81741197688229,-74.02396451576296,Rainy,17.42782343245289
TRIP_00419,2026-08-21 18:26:17,40.716175924070505,-74.06495541071814,40.73645778470778,-74.05557395234835,Clear,19.01695766445328
TRIP_00420,2026-08-09 12:29:25,40.8158373962441,-74.00430486381589,40.86752605075648,-73.9626299907326,Clear,21.156667847180643
TRIP_00421,2026-08-06 02:22:11,40.80056704212216,-74.06552038678373,40.83249287481936,-74.05502011972582,Clear,10.662467451985332
TRIP_00422,2026-08-09 08:14:00,40.70035179257605,-73.95970124496426,40.720754407137704,-73.89788350904803,Clear,22.59180048135248
TRIP_00423,2026-08-18 14:07:30,40.76137854754772,-74.01055379301765,40.78098005487895,-74.01510804560155,Clear,12.69740368252661
TRIP_00424,2026-08-11 16:26:59,40.745068797479256,-74.01487979973794,40.73643563869053,-73.98979847563966,Rainy,10.644723270074794
TRIP_00425,2026-08-14 18:58:22,40.78123157787662,-73.97320539311062,40.81643904948071,-73.97647897278999,Clear,23.904054120990597
TRIP_00426,2026-08-24 04:29:33,40.664553826970995,-73.95780465329621,40.6833476849349,-73.92517546982026,Clear,11.434467655360887
TRIP_00427,2026-08-15 18:56:30,40.74710257299992,-74.00700493758848,40.75204281419448,-73.98748342939778,Clear,17.40083451545905
TRIP_00428,2026-08-16 12:26:25,,,40.81891507746684,-74.02921187631841,Clear,13.508612503307768
TRIP_00429,2026-08-07 16:50:56,40.62486302567885,-74.0946984808056,40.607356544902004,-74.0390442318105,Clear,15.40434613630582
TRIP_00430,2026-08-07 11:44:28,40.65363707436671,-74.04030248785176,40.66096219750374,-74.03993274398341,Clear,6.732270164047117
TRIP_00431,2026-08-13 13:46:30,40.610838391112,-74.0368606123324,40.661669953575384,-73.99926515760386,Clear,20.841285195407227
TRIP_00432,2026-08-02 05:08:14,40.699329658277776,-74.00064712735039,40.728795346505386,-74.00371592473063,Clear,10.176052200192586
TRIP_00433,2026-08-20 15:57:01,40.7486771127898,-74.0232573440569,40.76724134496022,-73.99987678805209,Clear,13.602088266422202
TRIP_00434,2026-08-03 22:51:54,40.7879178526048,-73.97160335139743,40.815447958899306,-73.98747061124413,Clear,10.423634285944612
TRIP_00435,2026-08-21 07:39:20,40.71650473902099,-74.03664916356354,40.74188716415246,-74.03652467795274,Clear,10.496500377214193
TRIP_00436,2026-08-07 10:53:12,40.794230777278564,-74.00885205834265,40.768730900889985,-73.99131634970983,Clear,18.617592615716177
TRIP_00437,2026-08-08 08:47:36,40.64379492708926,-73.94680062784016,40.65331707052882,-73.87236115282047,Snowy,51.29332398967365
TRIP_00438,2026-08-23 13:00:26,40.62763087803224,-73.98890873930225,40.69612652766765,-73.96588462318846,Clear,18.12627188229248
TRIP_00439,2026-08-24 18:48:21,40.71002261505517,-74.00900187708443,40.71024289101186,-73.93936182760842,Rainy,40.98286407313959
TRIP_00440,2026-08-14 12:07:26,40.73200327244697,-74.03609722209676,40.74245424202384,-74.00948752334602,Rainy,11.81040235031672
TRIP_00441,2026-08-03 00:50:46,40.711165262595294,-74.03766156983575,40.71491663969602,-74.02927409717,Clear,3.6283609031313597
TRIP_00442,2026-08-21 07:40:44,40.60942789499801,-74.0485306626476,40.62681743829846,-73.98234996696958,Clear,18.869125996706334
TRIP_00443,2026-08-12 08:31:51,40.70834399802436,-74.03305034328915,40.710850313084634,-73.99993981462694,Snowy,27.09149437059206
TRIP_00444,2026-08-24 10:36:50,40.64757652497476,-73.96821670806278,40.6821787700395,-73.96749835587927,Clear,21.0679770655194
TRIP_00445,2026-08-21 17:10:26,40.74628362744151,-74.0170944135646,40.772203029810214,-73.9829772697826,Clear,22.6736143776886
TRIP_00446,2026-08-11 05:00:53,40.731129912304844,-74.07348865346906,40.774336340758055,-74.06226649596628,Clear,7.120444068340906
TRIP_00447,2026-08-21 08:06:37,40.66580601068363,-73.91759153534701,40.65427777569796,-73.95726256123216,Clear,20.42239627411461
TRIP_00448,2026-08-23 09:31:04,40.68710665413317,-73.99000174044274,40.69689643964668,-73.94192254566477,Rainy,28.113067257995002
TRIP_00449,2026-08-01 14:56:04,40.65983932390555,-74.07634717002566,40.673067644957186,-74.0234991483564,Snowy,20.638751447028742
TRIP_00450,2026-08-20 05:36:16,40.709666045136345,-74.02809244636204,40.743335452439005,-73.95295418546227,Clear,14.371992084632907
TRIP_00451,2026-08-18 03:55:20,40.76055711602506,-74.00045568085858,40.75676048010885,-73.96779137009273,Clear,4.839455169887961
TRIP_00452,2026-08-23 01:39:04,40.66351369768322,-73.92077039533513,40.71098331181097,-73.9082320980576,Clear,14.076515416662641
TRIP_00453,2026-08-04 21:13:03,40.738002325775895,-74.06140562291294,40.79359479349142,-74.01635594009159,Snowy,35.936267323810554
TRIP_00454,2026-08-08 02:45:28,40.68628711908138,-73.9571979640322,40.67662094865231,-73.91170335307264,Clear,12.073413083172365
TRIP_00455,2026-08-18 22:29:11,,,40.67843017154008,-73.86687724315729,Rainy,19.36870475232988
TRIP_00456,2026-08-15 19:51:57,40.70744848200227,-74.03743271525373,40.71149053675351,-74.01877154394572,Clear,13.853511017008378
TRIP_00457,2026-08-09 01:00:46,40.66103788387903,-74.01987568094302,40.760009470019355,-74.00484305012004,Rainy,29.335760522057925
TRIP_00458,2026-08-23 14:27:39,40.68511753473264,-74.0578154623687,40.6922205315764,-74.05928179496145,Clear,6.580733047561194
TRIP_00459,2026-08-03 01:03:17,40.65290610537056,-74.01617305705402,40.723234868635245,-73.98004919445226,Snowy,29.997980171240123
TRIP_00460,2026-08-12 17:20:09,40.81103625664582,-74.00782949871714,40.79303729679262,-74.03427734876406,Clear,21.691637298402664
TRIP_00461,2026-08-21 07:24:49,40.714563177598585,-73.97301750009588,40.704873648613656,-73.92973487891,Rainy,18.74136083600223
TRIP_00462,2026-08-17 18:05:13,40.67781372460037,-73.95149082644897,40.67721558864493,-73.913855772793,Clear,19.648430044772176
TRIP_00463,2026-08-05 07:39:17,40.723498995536715,-74.04340480323108,40.71812831619332,-74.00585269715734,Clear,8.625776357362113
TRIP_00464,2026-08-09 13:45:51,40.70718359751546,-74.1043662532113,40.7191466354907,-74.08021949611624,Clear,9.487902679942373
TRIP_00465,2026-08-14 16:33:45,40.70175152002334,-74.00706223896381,40.7004881739417,-73.94107289153789,Clear,15.690708305769014
TRIP_00466,2026-08-22 20:31:11,40.743508335002176,-73.99132312350157,40.73892808722014,-73.94516331953876,Clear,23.688764446323145
TRIP_00467,2026-08-23 15:21:37,40.75067538550237,-73.99352911561574,40.80542954539657,-73.99174143135701,Clear,18.846482393014167
TRIP_00468,2026-08-18 06:01:44,40.68627494261948,-74.02233366237546,40.742988751294874,-74.02000903386639,Clear,13.78949721067523
TRIP_00469,2026-08-23 07:43:00,40.684009087967766,-73.9997623950168,40.732487982919025,-74.00615260941925,Clear,14.493074070834444
TRIP_00470,2026-08-09 07:40:04,40.69904741514242,-73.9302277595824,40.734767383809945,-73.89368925959913,Clear,13.12384395703503
TRIP_00471,2026-08-13 13:35:16,40.59770394176322,-73.98691329155187,40.62048623373661,-73.99691745918908,Clear,12.84245329706065
TRIP_00472,2026-08-09 19:14:19,40.637040446890076,-74.02466842125015,40.6421295261701,-73.97216665694265,Clear,24.66065328203784
TRIP_00473,2026-08-04 01:59:58,40.78114371337223,-74.0310098908548,40.77254898822958,-73.97132069160443,Clear,11.159970046830983
TRIP_00474,2026-08-13 03:49:23,40.79504838567507,-74.01449261788389,40.825938256778045,-74.0208631059524,Clear,10.638825965157046
TRIP_00475,2026-08-16 22:58:41,40.70034819802218,-73.92416300190847,40.68513928624578,-73.90972945794626,Clear,6.1475300631248535
TRIP_00476,2026-08-02 13:01:49,40.74162784815279,-74.01516503547631,40.731810220277524,-73.99466640603545,Rainy,11.781890792741889
TRIP_00477,2026-08-01 12:05:21,40.72836250772718,-74.00698971722603,40.78294990541332,-73.96047022241194,Clear,23.077560143357374
TRIP_00478,2026-08-17 16:21:42,40.866744040422766,-74.03011567854682,40.943763511674426,-73.96183537727852,Clear,29.190358721962564
TRIP_00479,2026-08-06 19:02:45,40.76877874557173,-73.9510508321279,40.800577599716725,-73.98161560391397,Clear,23.92860860965967
TRIP_00480,2026-08-25 05:16:34,40.706404120425965,-73.90800813726277,40.75959783499481,-73.89755355878857,Snowy,22.701165384932526
TRIP_00481,2026-08-17 18:49:36,40.66502297796998,-73.98346934752843,40.67764752844666,-73.97144984839524,Clear,13.995432513707131
TRIP_00482,2026-08-15 02:22:07,40.632477683987126,-74.00186135481073,40.61234745840449,-74.02388145045732,Rainy,7.399693357137016
TRIP_00483,2026-08-07 17:09:25,40.722973181793364,-74.0041608583413,40.76133833035192,-73.99871415892042,Clear,26.51860305508421
TRIP_00484,2026-08-23 09:18:22,40.674982462735784,-74.1252153394393,40.71206114243389,-74.09238227110878,Clear,28.733928311687237
TRIP_00485,2026-08-01 01:27:57,40.64168731452012,-73.96874245678576,40.66383737113652,-73.95710282387095,Clear,7.355490315041295
TRIP_00486,2026-08-01 08:28:14,40.68047135578787,-73.99929167920021,40.69320009204472,-74.02563031425844,Clear,14.793565384874151
TRIP_00487,2026-08-18 17:53:06,40.658722599819285,-73.98458289746696,40.707588917176714,-73.87836041652666,Clear,46.168640667527214
TRIP_00488,2026-08-14 17:51:18,40.79715708175363,-74.04157310970419,40.78758509075081,-74.01358777374806,Clear,18.476743822997747
TRIP_00489,2026-08-05 08:49:44,40.75688198784747,-74.02522284394885,40.75366857048075,-74.00187202004565,Snowy,22.20376774774517
TRIP_00490,GARBAGE_TIMESTAMP_TEXT,40.71240136793417,-74.02655124682516,40.70215817273136,-74.03948903771717,Clear,5.606071502146372
TRIP_00491,2026-08-15 23:18:19,40.786797206944506,-73.95491885079635,40.80934639582358,-73.92709766593721,Clear,11.519280853922304
TRIP_00492,2026-08-11 08:52:53,40.71666841538238,-74.02493799183016,40.7040316250191,-74.00986440535141,Rainy,18.535353644312405
TRIP_00493,2026-08-16 10:33:24,40.66973578993359,-73.90186698389451,40.66920852451813,-73.93852268627597,Rainy,25.80379433484967
TRIP_00494,2026-08-08 22:56:20,40.788956203863485,-73.98445687904925,40.78778353699667,-73.99656454224969,Clear,6.373752392860416
TRIP_00495,2026-08-05 10:42:08,40.739745502184235,-74.06978413299979,40.751927252214216,-74.02593635246957,Rainy,24.58919156560264
TRIP_00496,2026-08-11 04:40:00,40.66093769228368,-74.0124273146626,40.636316458891564,-73.93410678516258,Clear,14.291631099384137
TRIP_00497,2026-08-10 07:18:15,40.70328306609582,-74.03858375610783,40.72589921585694,-74.00756879395654,Clear,12.751415065097815
TRIP_00498,2026-08-13 23:36:49,40.66901908733077,-74.115719123491,40.72643819685071,-74.0626266251422,Clear,14.230526011114161
TRIP_00499,2026-08-09 03:13:29,40.643660013451786,-73.92602645299431,40.66772475462129,-73.9106991122518,Clear,6.250369819047156
TRIP_00500,2026-08-07 11:23:38,40.75910887737658,-73.970842872889,40.82534851172062,-73.9534392577094,Clear,17.63522393922011
TRIP_00501,2026-08-11 21:46:29,40.80827083202351,-73.97933963410503,40.86829077759982,-73.92661026327644,Clear,22.05885586573344
TRIP_00502,2026-08-07 19:25:48,40.64287162130904,-73.99772981698501,40.68620367272648,-73.92784649830963,Clear,35.674700591748284
TRIP_00503,2026-08-05 07:41:05,40.74094846183453,-74.07510087843463,40.763189037113634,-74.01606797763066,Clear,18.47215902369523
TRIP_00504,2026-08-21 01:57:59,40.68026787154391,-74.03018085697778,40.700942883191274,-74.04217174923933,Rainy,8.6309363744592
TRIP_00505,2026-08-05 09:27:02,40.68844373081177,-73.9639109612608,40.73135772398267,-73.94591972797025,Clear,19.107540405609953
TRIP_00506,2026-08-13 15:46:01,40.683180303788056,-74.05856100148912,40.69143018550294,-74.03023526095484,Clear,9.85548867816697
TRIP_00507,2026-08-03 19:49:51,40.66960046151601,-74.13258846581255,40.63312483897199,-74.12037880471777,Rainy,34.57929054154945
TRIP_00508,2026-08-20 14:53:27,40.71522608139724,-74.01735530038904,40.74998620302033,-73.98571957408657,Rainy,18.77664195309507
TRIP_00509,2026-08-05 22:42:22,40.67125249417945,-74.01308787770138,40.6573204352814,-73.96847057335131,Rainy,10.920738337069558
TRIP_00510,2026-08-03 08:38:54,40.72632284128899,-73.99922182917926,40.71745860444328,-73.94913753662061,Clear,18.621250456482056
TRIP_00511,2026-08-02 14:43:47,40.71028809452754,-73.96957406782427,40.730294812967415,-73.89899796325763,Clear,20.096258948391963
TRIP_00512,2026-08-16 15:50:02,40.700852597656684,-73.97411970938845,40.71799885133008,-73.96400294253019,Clear,7.562293755905847
TRIP_00513,2026-08-22 19:35:32,40.66742181689792,-73.9930615097378,40.64505954870845,-74.01398250468299,Clear,23.060696663484542
TRIP_00514,2026-08-22 07:55:46,40.68396143347159,-73.94622343059567,40.70892618039558,-73.91547639277523,Clear,13.90425938055083
TRIP_00515,2026-08-24 20:57:53,40.750569561291286,-74.08194848904067,40.79955375111712,-74.00543415810513,Clear,37.83321291746922
TRIP_00516,2026-08-05 19:11:19,40.73784585938122,-73.98077090927613,40.72399561227324,-73.97508018507476,Snowy,27.50582973522445
TRIP_00517,2026-08-20 03:29:30,40.663922237760076,-73.97467308183316,40.72209673768554,-73.93406767252125,Clear,13.862197109496282
TRIP_00518,2026-08-22 14:37:36,40.717766615271465,-74.06797811430401,40.690961490517566,-74.02710574052983,Clear,11.216710259775658
TRIP_00519,2026-08-11 13:10:08,40.75036935616859,-74.08114353043412,40.833889080499716,-74.05540026901377,Clear,22.339467012538844
TRIP_00520,2026-08-24 09:37:42,40.629329735943934,-74.04329710632378,40.63699192302943,-74.02308936469247,Rainy,19.86740157504119
TRIP_00521,2026-08-09 04:41:31,40.739968009619,-74.03907707212576,40.7643365195238,-74.0467799482974,Clear,10.733946767521738
TRIP_00522,2026-08-20 13:37:03,40.67966881205271,-73.96832902682488,40.64290780487814,-74.0167788889975,Clear,15.76824594480623
TRIP_00523,2026-08-24 22:52:09,40.74132993342966,-74.03672693918456,40.75946585143558,-74.05008246038449,Snowy,9.344428824601
TRIP_00524,2026-08-22 10:15:38,40.674637042172876,-74.04881742591407,40.70149150750442,-74.04052655038741,Rainy,20.044413861110424
TRIP_00525,2026-08-18 06:55:52,40.62255589496677,-74.03658168683472,40.639971031843785,-73.98365900621204,Rainy,17.020930964084215
TRIP_00526,2026-08-15 18:17:46,40.631422878105845,-73.95006838329229,40.634530445794276,-73.93316222516283,Snowy,21.69546163888376
TRIP_00527,2026-08-18 02:00:32,,,40.70680731177723,-74.0009186028487,Clear,6.139764934848532
TRIP_00528,2026-08-07 09:43:58,40.725786125086074,-74.01496255126784,40.77970192367219,-74.02169211452645,Rainy,39.3273461371549
TRIP_00529,2026-08-08 21:31:22,40.66758416874478,-74.01150027493506,40.68850838279472,-73.97179610007977,Clear,14.74600412783163
TRIP_00530,2026-08-17 13:16:24,40.74472962293887,-73.94139698328367,40.810952194234375,-73.88064626829075,Clear,20.67557475699956
TRIP_00531,2026-08-21 22:05:19,40.629723996886554,-74.04345858633016,40.6339295262427,-73.99155551467413,Clear,9.658981064711378
TRIP_00532,2026-08-17 19:57:25,40.70949601006764,-73.940224585453,40.716452169266475,-73.90204009446025,Clear,19.91740524736043
TRIP_00533,2026-08-08 12:47:43,40.65224919001188,-73.99547518505392,40.69671701734976,-74.0197435674454,Clear,16.481271010260915
TRIP_00534,2026-08-17 17:39:17,40.6802081946099,-74.01402096909877,40.65151894574979,-74.00457119638408,Clear,23.97988135856565
TRIP_00535,2026-08-11 12:11:14,40.715169933565825,-73.8809549751033,40.698766032761235,-73.8025358482366,Clear,17.779489685495193
TRIP_00536,2026-08-25 02:02:37,40.6697793317358,-74.05878197448993,40.722703880876395,-74.00512345973247,Clear,18.953870520213247
TRIP_00537,2026-08-03 08:42:39,40.69357222278851,-74.02368428797836,40.67841420491182,-74.0498093845254,Clear,21.083619340878744
TRIP_00538,2026-08-04 21:55:19,40.76311464046072,-74.0676215619582,40.728543110001645,-74.04928927765418,Clear,12.585778523675762
TRIP_00539,2026-08-15 04:38:39,40.68395540652384,-73.95837690147319,40.760011222166035,-73.92748394849336,Clear,17.406594066597926
TRIP_00540,2026-08-07 07:31:35,40.754584605603256,-73.92154055331741,40.73277007616703,-73.9244053072082,Clear,9.154044561580495
TRIP_00541,2026-08-01 21:36:31,40.65631465726712,-73.92250386092977,40.681838239216965,-73.97177998157203,Clear,15.190087513184764
TRIP_00542,2026-08-11 03:33:48,40.73929020889577,-73.9448025623427,40.76136276467749,-73.92183784099221,Clear,8.283756098551349
TRIP_00543,2026-08-25 11:31:01,40.784878431032894,-74.0158810233898,40.72055958153435,-74.01951377111841,Clear,21.085300901613273
TRIP_00544,2026-08-09 05:28:37,40.589217774993635,-74.02426204887449,40.6011982642986,-74.02777730104702,Rainy,4.941189581323339
TRIP_00545,2026-08-18 21:34:14,40.672955237226475,-74.0895584886247,40.70640763471085,-74.08019889942263,Clear,11.535803505517283
TRIP_00546,2026-08-07 12:41:35,40.74165360635903,-73.90420632324091,40.77228288780459,-73.88821660068056,Clear,12.983227806401937
TRIP_00547,2026-08-16 08:20:27,40.702647730697855,-73.98255109609258,40.74975335121196,-73.96282357991545,Clear,27.32538346344421
TRIP_00548,2026-08-10 18:16:00,40.731357293668566,-74.03059784524348,40.739732554221405,-74.03711754221113,Snowy,26.30767055135134
TRIP_00549,2026-08-13 03:46:57,40.68260074066421,-73.93959715555066,40.72397587392698,-73.92620344143968,Clear,9.001496757757517
TRIP_00550,2026-08-10 19:40:39,40.71712948937365,-74.054638225838,40.71644961733124,-74.08736092695008,Clear,17.62790794424042
TRIP_00551,2026-08-20 05:22:41,40.7050161382304,-73.98566889828886,40.68270211573802,-73.95633772632782,Rainy,7.953557705537695
TRIP_00552,2026-08-24 19:48:04,40.77118910308299,-74.01463145671454,40.75225725181255,-74.08031971911477,Clear,28.090118987546393
TRIP_00553,2026-08-14 16:10:26,40.72552104216506,-73.97406614300598,40.701657728509204,-73.962750845419,Clear,7.101469535435551
TRIP_00554,2026-08-04 22:22:48,40.72968013310376,-74.00917867695931,40.7799677121405,-73.961603092349,Clear,13.964456299529532
TRIP_00555,2026-08-25 01:20:21,40.69220615169388,-74.07854639455556,40.666768946422124,-74.09032661517381,Snowy,14.497446853413363
TRIP_00556,2026-08-01 17:06:53,40.68841968879638,-74.0022211813665,40.71664085401586,-73.96072827525677,Rainy,34.630725508913386
TRIP_00557,2026-08-06 05:13:29,40.69117209060902,-73.95355679290623,40.703194364786846,-73.8988848115426,Clear,11.081250964358915
TRIP_00558,2026-08-23 11:45:13,40.732522607118916,-74.00746082029269,40.7494431499154,-74.08669781886762,Clear,19.811268067229403
TRIP_00559,2026-08-12 08:08:30,40.69175077595899,-73.96724424392055,40.75265899481498,-73.95178513102782,Clear,30.298057858473356
TRIP_00560,2026-08-02 17:04:25,40.72728874284482,-74.0582764742837,40.73413592182836,-74.12454967711255,Clear,27.222825011542866
TRIP_00561,2026-08-23 11:13:59,40.81657003993227,-74.00731303966349,40.85491808677877,-73.99085929303061,Clear,10.59377101612594
TRIP_00562,2026-08-13 02:46:14,40.75635623517159,-74.03722552275443,40.77748313571302,-74.01744065908386,Clear,9.775526716818419
TRIP_00563,2026-08-03 19:18:14,40.69649882339161,-73.96865095799477,40.71193825622262,-74.02312727757209,Clear,29.942092872325127
TRIP_00564,2026-08-19 07:22:12,40.7728606961082,-74.0044254218869,40.86185976983979,-73.92668027102451,Rainy,42.41544599196003
TRIP_00565,2026-08-23 09:01:10,40.69239623134892,-73.97149631618316,40.669155978977464,-73.94291584195412,Clear,21.178468677986583
TRIP_00566,2026-08-25 21:18:08,40.61089377324111,-73.95161447869211,40.66956772830423,-73.95708518165456,Clear,20.9961404438095
TRIP_00567,2026-08-09 05:28:09,40.66239568445413,-73.97141907124393,40.702087881418834,-73.90745768841897,Rainy,20.618691091656775
TRIP_00568,2026-08-22 23:07:46,40.61926040394871,-73.99234407828531,40.62487465410975,-74.02621247490458,Clear,9.285366645681979
TRIP_00569,2026-08-06 06:19:16,40.69522432579794,-74.05591061292557,40.764103881321184,-74.07278574393112,Rainy,26.975835392224262
TRIP_00570,2026-08-04 07:59:12,40.71372091895948,-74.00613930553334,40.678277615587824,-74.05512297124343,Clear,16.205214957200106
TRIP_00571,2026-08-24 13:49:30,40.796621865613766,-74.03265452010079,40.800968865894795,-73.95862316420461,Rainy,23.96505595288914
TRIP_00572,GARBAGE_TIMESTAMP_TEXT,40.72914636868821,-74.02320319783522,40.71289190256014,-73.99323280669105,Snowy,18.0185535284837
TRIP_00573,2026-08-24 10:09:30,40.70184497355956,-74.02472670753751,40.734207477505706,-73.98494465384205,Clear,23.44392595988659
TRIP_00574,2026-08-13 19:15:13,40.75427027905918,-74.05499627873911,40.740878356023565,-74.02596624172156,Clear,16.951608446409317
TRIP_00575,2026-08-03 17:58:05,40.602243234549604,-74.1038669294567,40.63523515295184,-74.06665389662236,Clear,27.335820155922313
TRIP_00576,2026-08-20 02:18:25,40.72458072790543,-74.03940715241639,40.73898763543079,-74.01706482099951,Clear,6.036884708475322
TRIP_00577,2026-08-03 11:07:56,40.75134325969435,-73.9963310274038,40.75696264141467,-73.96820338712257,Clear,9.968013550724146
TRIP_00578,2026-08-25 04:48:09,40.63887068771101,-74.07340885227137,40.67053010509201,-74.05018074918468,Clear,11.447319941071258
TRIP_00579,2026-08-21 16:40:44,40.76998770216035,-74.00521588817642,40.781929053442205,-74.00347364234351,Rainy,11.145116356858047
TRIP_00580,2026-08-10 07:06:33,40.72972482037472,-73.91098657878445,40.71706577508295,-73.89238532174089,Rainy,13.520696431928817
TRIP_00581,2026-08-02 03:40:29,40.69203560430496,-73.9548471722374,40.79607679399401,-73.92663933503954,Snowy,38.497694923579964
TRIP_00582,2026-08-25 13:23:42,40.74443909330532,-73.92382292454397,40.749824077814445,-73.90050645095741,Clear,10.079017447649539
TRIP_00583,2026-08-21 06:27:24,40.826334642890224,-73.98644360615336,40.779806370485666,-74.01077676938596,Clear,15.155463453885975
TRIP_00584,2026-08-19 03:33:31,40.721893312752925,-73.94762450885068,40.71663035206129,-73.96797410890893,Rainy,5.027396249864351
TRIP_00585,2026-08-25 22:21:52,40.72521102931502,-74.04219823652339,40.707192728663834,-73.9897129935059,Clear,12.830301090735908
TRIP_00586,2026-08-23 18:52:17,40.68983195502299,-74.0382170133511,40.734616323504206,-74.0274268347276,Clear,27.820750055002712
TRIP_00587,2026-08-21 06:10:41,40.67030778152676,-74.14295701030687,40.6999573613145,-74.1054152498958,Clear,16.167728464575553
TRIP_00588,2026-08-11 22:08:34,40.75431679082721,-73.94669272629788,40.78627817488092,-73.95945632358955,Clear,9.890101107290395
TRIP_00589,2026-08-24 04:22:32,40.669995808704556,-73.92898380100901,40.67889513472944,-73.9531781773084,Clear,4.421970707487471
TRIP_00590,2026-08-01 19:04:28,40.71637831186097,-74.03365886226736,40.72799780444927,-74.0389667606433,Clear,13.738906920746548
TRIP_00591,2026-08-19 05:02:20,40.688917127661746,-74.01869758531986,40.697789194553515,-74.005374537443,Clear,8.165115191645272
TRIP_00592,2026-08-13 16:34:22,40.73674899128732,-74.04369310568455,40.75431319576326,-74.04364731466309,Clear,9.858178093433
TRIP_00593,2026-08-03 20:54:44,40.72948310526435,-73.98686732242612,40.7745431083253,-73.92804931673295,Rainy,44.383697743568355
TRIP_00594,2026-08-02 02:19:47,40.764676997212895,-73.94975337273483,40.794759259588055,-73.9243676736887,Clear,7.024249571512398
TRIP_00595,2026-08-21 11:56:08,40.687299180057266,-74.09313859869405,40.72230256494589,-74.0176704401372,Clear,17.863547684345818
TRIP_00596,2026-08-16 03:24:51,40.699306253235335,-73.98552807346789,40.73429302048281,-73.95339582884574,Clear,12.538640833567282
TRIP_00597,2026-08-18 00:38:51,40.66386181421088,-74.01983358858595,40.71039508733234,-74.07221011312355,Clear,11.55393111769844
TRIP_00598,2026-08-12 07:39:59,,,40.7192298382424,-73.94864903220791,Clear,15.15676959984536
TRIP_00599,2026-08-24 21:08:45,40.731665024652244,-73.98305029991629,40.76243046683261,-74.00833684859039,Clear,13.136766661939756
TRIP_00600,2026-08-20 04:19:20,40.75064943083227,-74.01541012193864,40.80631361806806,-73.98849411192231,Clear,16.846197621216483
TRIP_00601,2026-08-02 20:41:23,40.66669173379112,-74.01117934267029,40.666740356251026,-74.01441986440021,Clear,11.21310642539036
TRIP_00602,2026-08-09 06:54:29,40.756280296005286,-74.01669375837773,40.75060801860674,-73.9324124273438,Clear,21.180090288669376
TRIP_00603,2026-08-22 17:57:43,40.78058189294025,-73.95748418991059,40.76500424496464,-73.89429625208768,Rainy,38.49205685002686
TRIP_00604,2026-08-11 09:44:40,40.73347174516119,-73.98506200199363,40.758959182069795,-73.98731662124467,Clear,15.398557392509112
TRIP_00605,2026-08-16 20:21:16,40.806639790627905,-73.99497082311314,40.77102782339133,-73.97879155315677,Clear,22.847996928983722
TRIP_00606,2026-08-05 05:09:42,40.67411054004482,-74.06954758605461,40.707975162926616,-74.04220964396514,Snowy,16.943470770155557
TRIP_00607,2026-08-02 06:45:03,40.65056726483443,-74.02492898716066,40.66729147199941,-73.97902656501381,Clear,14.772393770899022
TRIP_00608,2026-08-05 18:52:27,40.623863987554785,-73.96106654198304,40.677903178549414,-73.94019198461329,Clear,30.154001736797508
TRIP_00609,2026-08-20 09:37:01,40.78760221557446,-74.0041151713438,40.78744469626051,-74.01486201832522,Clear,10.107822522311963
TRIP_00610,2026-08-03 14:41:48,40.745518282817706,-73.97302342652054,40.75941873425518,-73.97455018569654,Clear,8.14698389121856
TRIP_00611,2026-08-07 01:38:14,40.71002076645448,-73.91767440998362,40.76368686645328,-73.89780886387493,Clear,17.19891916473841
TRIP_00612,2026-08-03 04:53:39,40.72679843131599,-73.95406969653956,40.788292500719336,-73.89703598717662,Clear,18.684814806403573
TRIP_00613,2026-08-04 17:50:39,40.656525547635084,-74.00134208311502,40.65612097666253,-73.96850694729893,Clear,17.427027888413924
TRIP_00614,2026-08-23 05:36:26,40.83508759898084,-74.03154945850979,40.860541035958455,-74.03475190630823,Snowy,14.836879776654978
TRIP_00615,2026-08-05 16:37:44,40.71926105909876,-74.1336774798028,40.74809362842928,-74.0942262964715,Clear,17.539109984696125
TRIP_00616,2026-08-09 23:11:41,40.718269739730246,-74.01441924612364,40.74947934189888,-74.00602879128998,Clear,10.896961313962144
TRIP_00617,2026-08-01 10:28:37,40.74908833119493,-74.02230062479084,40.761211061415466,-73.97558838463524,Clear,18.112663585170658
TRIP_00618,2026-08-03 05:40:53,40.73685046158684,-73.98648169028023,40.79529196353055,-73.89067137773037,Clear,18.74598790236694
TRIP_00619,2026-08-08 14:21:37,40.723994201213955,-74.01369526134873,40.68730309670531,-74.00446005247704,Clear,11.323067988562286
TRIP_00620,2026-08-23 10:09:31,40.673276277227735,-74.02201925297184,40.680642370183705,-73.97797109818005,Snowy,37.17416352408161
TRIP_00621,2026-08-11 03:28:44,40.736373417856804,-74.09496994652537,40.76981133983999,-74.0973317464865,Clear,12.470075754428287
TRIP_00622,2026-08-08 19:46:06,40.806901224823754,-74.0529983914575,40.84061796918223,-74.03636630447325,Snowy,38.54105402605775
TRIP_00623,2026-08-01 08:22:39,40.78007100230775,-73.98216744795997,40.840653773226194,-73.9612805793538,Clear,28.985470514346034
TRIP_00624,2026-08-02 13:43:30,40.79245933133197,-73.92020461844336,40.848406093128006,-73.90601512824469,Clear,17.758475415154034
TRIP_00625,2026-08-23 16:18:37,40.68723921617844,-74.01087626918728,40.69867296741922,-73.91698585852403,Clear,21.18396099765283
TRIP_00626,2026-08-21 04:56:05,40.66331975898707,-73.9896094463213,40.72231589629299,-73.97880723856164,Clear,12.672128420613182
TRIP_00627,2026-08-03 15:30:17,40.70651065399502,-73.95837609215236,40.7050894016817,-73.92077054598882,Clear,10.84940766662978
TRIP_00628,2026-08-14 14:25:35,40.71558624561444,-74.04654469681002,40.76351286709819,-74.08444730288971,Clear,14.518190132881813
TRIP_00629,2026-08-11 04:40:36,40.76750957592355,-73.98765929783573,40.84182525027618,-73.95469940093464,Clear,20.491455646866783
TRIP_00630,2026-08-07 17:49:19,40.62817676851426,-74.04302450531661,40.68462509171991,-73.98876286754604,Clear,33.44588265220328
TRIP_00631,2026-08-24 01:25:22,40.78927751597303,-73.96275877807545,40.81245062747876,-73.95858669835283,Rainy,7.066270909768798
TRIP_00632,2026-08-13 12:16:24,40.70489960507105,-73.99842984760241,40.714946241917886,-74.05373651183362,Clear,15.457444421714573
TRIP_00633,2026-08-22 16:25:37,40.69145594650263,-73.99107740930093,40.66559820761485,-73.97223696236574,Clear,9.096259253300849
TRIP_00634,2026-08-14 20:13:11,40.66219478123699,-74.04512992987092,40.691510970374416,-74.02461441435936,Clear,21.283739894188137
TRIP_00635,2026-08-05 04:03:54,40.630057166406715,-73.97064838201946,40.61660064956759,-73.92892613049713,Clear,10.247924264215062
TRIP_00636,2026-08-25 12:03:49,40.753958529198094,-73.90176435393845,40.75016448928967,-73.82143726287605,Rainy,25.477231715170017
TRIP_00637,2026-08-16 17:01:22,40.716465898359424,-74.05639558477141,40.70074352433733,-74.04779719428942,Clear,15.370919239248211
TRIP_00638,2026-08-04 19:16:51,40.64830195501295,-74.02298795038237,40.65449018503325,-74.02867659409218,Snowy,23.99255090885862
TRIP_00639,2026-08-06 17:19:58,40.64804606139682,-73.9944196262916,40.66720697896221,-74.00942716033275,Rainy,23.29766151159427
TRIP_00640,2026-08-07 12:40:33,40.696010765035496,-73.96667968940021,40.724219202470465,-73.94073733088926,Clear,15.02876293819945
TRIP_00641,2026-08-08 13:53:23,,,40.798235877202046,-73.99959668649993,Clear,11.362068449068353
TRIP_00642,2026-08-18 00:22:28,40.69982043243182,-74.14765151450713,40.75189894362368,-74.14402117633801,Rainy,21.52421728744094
TRIP_00643,2026-08-09 08:31:01,40.637642852344094,-73.9380405252918,40.651396694604394,-73.89468004292003,Rainy,29.011817833788776
TRIP_00644,2026-08-16 03:44:16,40.700512846795704,-73.9679746940208,40.696881173797735,-73.93401317171622,Clear,8.713139044544437
TRIP_00645,2026-08-11 22:01:03,40.69916382151262,-74.09314737652433,40.725952589529925,-74.07185042583498,Snowy,17.51730321272605
TRIP_00646,2026-08-12 01:00:22,40.577955667852926,-74.03637843958897,40.65686225285924,-74.0434508812113,Snowy,30.198852288434065
TRIP_00647,2026-08-06 15:01:45,40.71008525667411,-73.92759087852363,40.74014007367017,-73.92204680798817,Clear,11.207082660484373
TRIP_00648,2026-08-20 11:26:18,40.70125327348957,-73.9336101790771,40.71036760466836,-73.98650283800758,Rainy,15.78098761497011
TRIP_00649,2026-08-03 18:42:03,40.747610318240675,-73.95906799886605,40.72178647755711,-73.9319943869401,Clear,20.585700244960872
TRIP_00650,2026-08-17 16:06:36,40.80524780474727,-74.01480562169799,40.818665435118106,-73.99401538303556,Clear,13.720799348797172
TRIP_00651,2026-08-19 20:57:50,40.76912825147739,-74.00185062905938,40.79617609523003,-73.9761962593267,Clear,19.922215415665498
TRIP_00652,2026-08-09 16:40:13,40.69935556547226,-74.01254629025631,40.707728138734595,-73.97741671978937,Clear,9.897387673312435
TRIP_00653,2026-08-05 21:01:23,40.65747370456292,-73.94958801083656,40.62751216541569,-73.9180133662436,Rainy,-99.0
TRIP_00654,2026-08-15 15:50:32,40.84146799016249,-74.04979212032475,40.83595102847739,-74.03310361574414,Clear,7.943373935841335
TRIP_00655,2026-08-23 11:18:51,40.71576092170073,-74.04628998274421,40.77939707552736,-74.02482994144933,Clear,20.37404953944188
TRIP_00656,2026-08-15 04:00:42,40.71349646459565,-73.9554862706582,40.776516494707565,-73.97761576315908,Rainy,19.344364314958316
TRIP_00657,2026-08-09 06:33:28,40.7115937456445,-74.00821807277558,40.70499457056836,-74.00572969214626,Clear,7.4171186305245245
TRIP_00658,2026-08-17 15:47:45,40.722704238038396,-73.9370766322273,40.76288694165438,-73.9155625006168,Clear,16.92824600571678
TRIP_00659,2026-08-02 18:27:34,40.7055819794038,-74.03957561034903,40.6902247958607,-74.04165121762641,Clear,17.712961874935342
TRIP_00660,2026-08-08 20:56:50,40.68411689965599,-74.00873891801695,40.746246388115836,-73.96293439414077,Clear,36.95514889933021
TRIP_00661,2026-08-16 21:03:07,40.685457052937984,-74.0521206492422,40.71281412837481,-74.05187961167086,Rainy,15.631980100582082
TRIP_00662,2026-08-01 03:06:24,40.7111623364892,-74.00563186592882,40.7596515814477,-73.97914270359136,Clear,11.044426547762928
TRIP_00663,2026-08-01 23:17:03,40.68562876144331,-74.07992734684994,40.65417596102783,-74.05643037714549,Clear,8.98827060685459
TRIP_00664,2026-08-20 13:07:26,40.67715771086614,-74.03038167104775,40.717486823923885,-73.98799334323944,Clear,14.120705358724347
TRIP_00665,2026-08-18 06:34:24,40.718121511384595,-74.0778126932464,40.73789128947406,-74.03078895802555,Clear,13.971326226156611
TRIP_00666,2026-08-21 13:43:46,40.70005113912896,-73.97130383834043,40.74560901125268,-73.9304828600114,Clear,15.52841620042155
TRIP_00667,2026-08-08 04:16:56,40.78799964942914,-73.97017053301202,40.83544568337207,-74.01335071905352,Clear,11.208562112198276
TRIP_00668,2026-08-10 10:59:54,40.58025150958035,-74.09251313652422,40.60222505026459,-74.03668869208383,Clear,24.217863513783037
TRIP_00669,2026-08-16 15:03:54,40.767375342596125,-73.93930571272497,40.76935045342325,-73.87348646599914,Clear,12.637350053411007
TRIP_00670,2026-08-05 09:45:40,40.77510425962488,-73.88112924367901,40.81849514509027,-73.87559297220865,Clear,26.16574989323583
TRIP_00671,2026-08-18 19:05:10,40.60913048837959,-74.00369968066319,40.62732585339744,-73.976600273283,Clear,18.878350621662932
TRIP_00672,2026-08-21 16:40:56,40.69566562029598,-74.03805571301123,40.68948207169015,-74.04478066341515,Clear,8.753026993878006
TRIP_00673,2026-08-03 15:51:35,40.69422795670021,-73.86478347044985,40.68662338975648,-73.90323482565182,Rainy,14.226915437249533
TRIP_00674,2026-08-24 21:46:33,40.64242441526411,-74.07194842491512,40.618109482774734,-74.07410988288139,Clear,8.029810336672108
TRIP_00675,2026-08-20 16:50:19,40.67390916562046,-74.00499467665655,40.67860043083357,-74.00119884784046,Clear,8.575107786797384
TRIP_00676,2026-08-16 23:50:52,40.65727120772671,-73.99701888636841,40.71035196910894,-73.98766440830896,Rainy,17.76335817798104
TRIP_00677,2026-08-17 03:17:35,40.80041352217118,-73.93874261897739,40.82574841616235,-73.94751004167756,Snowy,18.49482633450045
TRIP_00678,2026-08-21 02:29:53,40.75958391965737,-73.98801305124366,40.76369088847968,-73.99001580624817,Clear,3.8458818469730627
TRIP_00679,2026-08-18 20:51:31,40.77637775474971,-74.03093169478942,40.820523432895115,-74.01126188443827,Clear,26.759912448078005
TRIP_00680,2026-08-05 08:53:22,40.74888360320217,-74.0535592185194,40.74390930455046,-74.0566660280127,Clear,11.967703106284072
TRIP_00681,2026-08-24 14:40:13,40.65634741143914,-74.0230910910123,40.679207919669125,-73.9867853610358,Snowy,24.05445730870794
TRIP_00682,2026-08-21 23:33:25,40.686573986686014,-74.05634636804726,40.70118507550425,-74.01589654850534,Clear,10.350851364714886
TRIP_00683,2026-08-25 17:44:30,40.737268728061395,-74.00360873401077,40.780642646829044,-73.91219710162584,Snowy,77.57140653792521
TRIP_00684,2026-08-21 15:05:47,40.6516936095554,-74.03420980899303,40.624376758427815,-73.98043941102932,Clear,15.358880809362885
TRIP_00685,2026-08-04 23:41:30,40.74844992150862,-74.08070188966448,40.74294398913418,-74.05340879791463,Clear,5.268053634501719
TRIP_00686,2026-08-19 10:28:04,40.70078373009209,-73.94324271058126,40.671636360319255,-73.94185063948129,Rainy,21.88645380389272
TRIP_00687,2026-08-18 02:39:10,40.694058959622524,-74.03088362617146,40.706271057968245,-74.00207120562123,Rainy,10.438573055866758
TRIP_00688,GARBAGE_TIMESTAMP_TEXT,40.748347998410175,-74.06940684024876,40.804690823519145,-74.03960896145126,Rainy,46.321909527619766
TRIP_00689,2026-08-03 11:46:25,,,40.739849749284694,-74.00981234939454,Rainy,7.850936042175789
TRIP_00690,2026-08-23 23:47:04,40.694751691709044,-74.00258142170162,40.69943117356318,-73.95906947979904,Rainy,16.038436449155647
TRIP_00691,2026-08-19 05:28:11,40.770766490168214,-74.09332333627896,40.81691822289374,-74.11526627671941,Clear,13.595512120513305
TRIP_00692,2026-08-19 08:17:28,40.65874683362001,-73.9894176166437,40.710803320373664,-73.97674961170983,Clear,29.002415795975026
TRIP_00693,2026-08-03 22:29:45,40.74359678034722,-74.0583578784345,40.760939648329156,-74.02168212465499,Clear,10.60129189832232
TRIP_00694,2026-08-24 20:36:36,40.74245506289842,-73.92044855954046,40.78299650851992,-73.90907608396823,Clear,26.349567923360738
TRIP_00695,2026-08-04 21:27:15,40.697322678034304,-73.97980197439617,40.68501404180797,-73.96600460649904,Clear,10.09788504287836
TRIP_00696,2026-08-13 07:55:52,40.729106651112104,-74.02599499950547,40.79044588112987,-74.01012857534124,Clear,17.76716811668667
TRIP_00697,2026-08-16 01:29:39,40.650244321180736,-74.04325838851587,40.73470550999885,-74.0483264257365,Clear,17.93076602988724
TRIP_00698,2026-08-03 22:28:40,40.75900135096035,-74.01124838537818,40.79463782469601,-73.95603135743096,Clear,14.473463453184554
TRIP_00699,2026-08-11 20:26:23,40.70355489317785,-73.97536046292083,40.661024944537566,-73.98590159307852,Snowy,48.6311882426226
TRIP_00700,2026-08-20 00:00:53,40.68666384897405,-74.00727470642926,40.68991694110212,-73.97772992660695,Clear,4.946028179986447
TRIP_00701,2026-08-08 15:41:33,40.76525046129185,-74.01685794035684,40.80363522094193,-73.98444850340837,Clear,11.073380395743452
TRIP_00702,2026-08-16 03:18:28,40.67758281547286,-74.0030814854591,40.684938325557866,-74.01154014249538,Clear,5.208868935879436
TRIP_00703,2026-08-09 02:10:07,40.64237693518182,-74.03619294656185,40.70054289180933,-74.01399981893043,Clear,16.8347164854049
TRIP_00704,2026-08-07 00:07:24,40.63496854132381,-74.02316029634216,40.672613259256885,-74.0304492615245,Clear,10.872068987966719
TRIP_00705,2026-08-24 16:26:28,40.74310049756728,-74.11028962194526,40.74190623254431,-74.04855834769357,Clear,13.066064809150978
TRIP_00706,2026-08-11 06:08:13,40.64877853237519,-73.95731368845738,40.66974647669833,-73.97147717656667,Clear,10.397800570903492
TRIP_00707,2026-08-05 17:29:55,40.80053970909922,-73.99106011098391,40.79372471248005,-73.99067702381087,Rainy,11.783734693223945
TRIP_00708,2026-08-25 22:27:44,40.60870352960581,-74.04467279220167,40.62322598325344,-74.06139954245234,Rainy,10.919414976034322
TRIP_00709,2026-08-05 07:14:53,40.7976228184145,-73.91106325093224,40.80098502120153,-73.93179421273827,Clear,7.951035213106746
TRIP_00710,2026-08-04 00:05:55,40.72335087336013,-74.00164917598038,40.778593727367124,-73.9339127172539,Clear,17.25018499527647
TRIP_00711,2026-08-19 11:06:44,40.707964344406484,-74.05780717859876,40.79144470611141,-74.02152393838139,Clear,25.400032091012143
TRIP_00712,2026-08-07 08:00:52,40.68555404565955,-73.96316312892648,40.66261839566248,-73.93895432615547,Rainy,24.401502569012532
TRIP_00713,2026-08-24 12:18:52,40.73275680571761,-73.98609758917453,40.695060317131315,-73.98579489807494,Clear,12.300952689716397
TRIP_00714,2026-08-01 19:20:18,40.71091826487876,-73.9862710007258,40.723563092223216,-73.93904264639438,Clear,26.264238479039804
TRIP_00715,2026-08-18 22:26:36,40.76796509410083,-74.02728778023258,40.74241262313597,-74.03201445341361,Clear,10.184366224173587
TRIP_00716,2026-08-03 01:57:53,40.71851138243311,-73.9834752138111,40.739897730543234,-73.9396660349812,Clear,7.477324741712415
TRIP_00717,2026-08-10 05:18:30,40.72031508807309,-74.01908791451106,40.76278317148727,-74.02526325280922,Clear,11.140807725939503
TRIP_00718,2026-08-25 16:50:44,40.69461938938931,-73.97820292741771,40.75944364630731,-73.97753815847398,Clear,17.256118731440743
TRIP_00719,2026-08-17 22:17:10,40.709952718813945,-74.10124722270054,40.7359945555754,-74.058498751117,Rainy,12.27768672644087
TRIP_00720,2026-08-20 19:12:23,40.728190088444606,-74.02769367314896,40.742395431699116,-73.98177885282429,Clear,25.113391365153912
TRIP_00721,2026-08-11 19:50:41,40.62729158036717,-73.9198922451096,40.58794003286998,-73.88196805709269,Clear,27.680005975071527
TRIP_00722,2026-08-03 20:05:06,40.64539072889472,-74.04435337277002,40.66617628337029,-74.05584359624272,Rainy,23.14377769588229
TRIP_00723,2026-08-21 22:51:04,40.74996320470114,-74.03619191487466,40.77210182251762,-74.02959372084635,Rainy,9.109819937702428
TRIP_00724,2026-08-22 08:31:53,40.7213432719064,-74.0283980669225,40.76051197633278,-74.00369110468655,Clear,24.1874219769107
TRIP_00725,2026-08-10 13:42:48,40.70360083318237,-74.06674030679443,40.702346190136495,-74.07221873565173,Clear,7.321547884980799
TRIP_00726,2026-08-11 06:29:42,40.71372169665327,-74.11641403881141,40.7206701186462,-74.05528515600753,Clear,19.75948995043652
TRIP_00727,2026-08-13 18:37:33,40.730179085268084,-74.01752931992618,40.70583901760896,-74.0695877282447,Clear,27.19609191740514
TRIP_00728,2026-08-14 15:38:00,40.68581201598453,-73.99920702879592,40.63707323177801,-74.002569214257,Clear,12.957006465448075
TRIP_00729,GARBAGE_TIMESTAMP_TEXT,40.67388476372989,-74.00862525342693,40.660629851005986,-74.00391224851302,Rainy,15.742626027172463
TRIP_00730,2026-08-18 20:19:17,40.72259226275489,-74.0132439280974,40.69548248832729,-74.07856223804055,Clear,33.290824518382784
TRIP_00731,2026-08-18 09:39:20,40.66388136111925,-74.00384795645748,40.69398272998187,-74.02573483036457,Clear,18.68594395031213
TRIP_00732,2026-08-08 01:49:10,40.733212637785726,-73.95485792642246,40.73766861608572,-73.9160992410462,Clear,6.320576424601858
TRIP_00733,2026-08-11 18:42:09,40.62767081978811,-74.01552230929646,40.63152370588586,-73.99461380019987,Clear,14.032992957807544
TRIP_00734,2026-08-08 14:07:18,40.764257781866284,-74.03470412885436,40.75472539048103,-73.96751004819308,Clear,15.448965758610044
TRIP_00735,2026-08-01 22:51:02,40.73642987412065,-74.02005627424441,40.65945291114528,-73.95369948086787,Clear,18.195241387938683
TRIP_00736,2026-08-21 11:31:47,40.725601486715696,-73.97703266201216,40.790850809178124,-73.94404127065404,Clear,20.97358446606087
TRIP_00737,2026-08-22 15:29:48,40.76193454919728,-73.93539865607283,40.75192643351397,-73.90600150860281,Clear,10.27128842116565
TRIP_00738,2026-08-16 08:53:50,40.79607372222313,-74.03740718695846,40.80370112012763,-74.0154292537011,Clear,16.091803144551918
TRIP_00739,2026-08-01 17:25:05,40.76351850325091,-74.00105331064856,40.73987173829223,-74.06070577118494,Clear,28.52467710229884
TRIP_00740,2026-08-06 11:02:42,40.62075628843342,-73.9890821279032,40.66991419873664,-74.01091891330299,Clear,17.652623403416325
TRIP_00741,2026-08-06 13:17:15,40.64882115166321,-74.05562890033644,40.673124019774335,-74.03260863524348,Clear,10.670730257898834
TRIP_00742,2026-08-24 12:00:37,40.68155907111522,-74.00497914163935,40.67676811255724,-73.96649837037693,Clear,9.317592916061951
TRIP_00743,2026-08-14 16:56:12,40.71410455251054,-74.07928369286711,40.72233766417022,-74.05059359850296,Rainy,12.136107990988844
TRIP_00744,2026-08-13 08:05:05,40.738682951023456,-74.09445251518697,40.8090283486872,-74.10122646421844,Rainy,39.78960600191639
TRIP_00745,2026-08-25 04:56:52,40.67651280934233,-73.98766267960539,40.69432372638589,-73.93954049113131,Rainy,18.167949900786297
TRIP_00746,2026-08-14 13:03:33,40.72213833822386,-74.02519373706654,40.73668633209538,-73.96072041620391,Clear,16.62193915228349
TRIP_00747,2026-08-02 16:41:13,40.67503085338234,-73.99588597961893,40.66678940879816,-73.94774629161019,Clear,11.73342657596518
TRIP_00748,2026-08-19 16:53:29,40.6822241098504,-74.00689474885041,40.64538667533623,-73.9572067689627,Clear,15.965267910308782
TRIP_00749,2026-08-11 06:08:45,40.642466945157594,-74.05482000243319,40.65766578495021,-74.05159677637185,Rainy,6.049674415765533
TRIP_00750,2026-08-23 03:13:19,40.66663833769446,-74.00826271509821,40.696402891064196,-73.95598469141719,Rainy,19.534576767029137
TRIP_00751,2026-08-24 19:16:31,40.64521576971919,-74.06765506525075,40.69820330364902,-74.04328230607092,Rainy,43.577251288220744
TRIP_00752,2026-08-25 18:29:48,40.66400633735113,-73.93645138209993,40.61655144131614,-73.90110471624428,Clear,31.035610296074577
TRIP_00753,2026-08-25 13:30:44,40.76548208983039,-74.07379851724299,40.7517292000197,-74.04283556195826,Rainy,14.999252423959652
TRIP_00754,2026-08-14 15:20:27,40.66533005555841,-74.01578926354843,40.66790782284171,-73.99943387671163,Rainy,7.627853989256447
TRIP_00755,2026-08-15 18:53:10,40.84441910324187,-74.05811357940236,40.86431467778467,-74.06391365365603,Clear,14.765611658879738
TRIP_00756,2026-08-12 10:27:54,40.737465895044046,-73.97747894133197,40.75311488429819,-73.95994304123859,Clear,11.909734069783227
TRIP_00757,2026-08-05 07:25:05,40.72204180618475,-74.02257156856408,40.73839114561413,-73.97296872003959,Clear,13.79367950396145
TRIP_00758,2026-08-16 11:05:12,40.66988211099094,-74.03193333598107,40.70212499274804,-74.02517761014045,Clear,14.382500931973157
TRIP_00759,2026-08-07 07:43:33,40.74781549397045,-73.96333992274742,40.74071670064708,-73.91653950486918,Clear,12.275420014497739
TRIP_00760,2026-08-23 08:44:16,40.684018108688115,-74.00452847041612,40.73204235195512,-73.96241635029759,Rainy,37.77010523860208
TRIP_00761,2026-08-13 15:59:00,40.71890049073227,-73.9801677777032,40.751904063983254,-73.96913589961379,Rainy,18.300521507201793
TRIP_00762,2026-08-07 12:13:52,40.84080422691344,-74.05506629682587,40.8512092589896,-73.99340229371728,Snowy,23.32068685291297
TRIP_00763,2026-08-17 15:46:48,40.707997005013766,-74.07624084719637,40.77602424477043,-74.0669072473321,Clear,23.901220920647983
TRIP_00764,2026-08-02 11:34:08,40.770263666314285,-74.00063960189799,40.836956147381436,-73.9353531960196,Clear,25.77447713793564
TRIP_00765,2026-08-06 05:38:57,40.677641178743706,-74.02194231777473,40.72562803939952,-73.9889185083285,Clear,14.657295346584823
TRIP_00766,2026-08-08 02:23:14,40.711050575475156,-73.9746782663773,40.64049387235812,-73.9551542439309,Clear,18.67451529188063
TRIP_00767,2026-08-22 05:10:29,40.80134003178178,-74.00999542263312,40.86870838456332,-74.01662946404325,Clear,17.961003205629776
TRIP_00768,2026-08-03 15:37:42,40.68145164711061,-73.99574623303828,40.72529440278477,-73.97839403994233,Rainy,20.318767507775572
TRIP_00769,2026-08-08 22:41:41,40.80342242789985,-74.08716912649706,40.88361468703123,-74.07328191190189,Clear,21.24562111326903
TRIP_00770,2026-08-23 02:25:13,40.74818759677277,-73.91157815301929,40.805311534524776,-73.92932704457682,Clear,13.535230147858067
TRIP_00771,2026-08-19 20:59:20,40.68467666120529,-74.01421209925161,40.752026941530204,-74.00074056193314,Clear,37.1921135258426
TRIP_00772,2026-08-09 12:40:57,40.744420386952775,-73.97112065148303,40.79078003245819,-73.97523474688595,Snowy,28.70968306093117
TRIP_00773,2026-08-21 11:45:36,40.761427722481336,-74.04780458351098,40.8218885184407,-74.01022483044162,Clear,14.47780614845324
TRIP_00774,2026-08-06 12:44:23,40.74389049811086,-73.99059950488913,40.82371421033289,-73.93141109061729,Clear,26.234405171912513
TRIP_00775,2026-08-06 13:10:28,40.634288764005476,-74.07114223817624,40.66078540615682,-74.08794970846509,Snowy,21.066405215542762
TRIP_00776,2026-08-13 11:47:37,40.67644314120876,-73.98339660808702,40.649276224886414,-73.91202737623601,Clear,15.053634550249283
TRIP_00777,2026-08-09 16:51:47,40.700424068222425,-74.02379870421929,40.711200241221974,-74.00765523525084,Clear,9.189964878147604
TRIP_00778,2026-08-12 17:08:02,40.709078328545,-74.00454047480322,40.7407766965265,-74.01379111635137,Clear,20.4081303221001
TRIP_00779,2026-08-10 10:01:07,40.74383360487754,-73.9711012984935,40.76608023240868,-73.92836865508725,Clear,22.769613406811956
TRIP_00780,2026-08-20 10:17:51,40.721685050046666,-74.06762701556102,40.704288191061885,-74.06102064990867,Clear,-99.0
TRIP_00781,2026-08-07 13:38:32,40.646032782064495,-74.04022458653064,40.61710075330865,-74.0226766868116,Rainy,13.815354100399752
TRIP_00782,2026-08-12 00:34:01,40.7318098925503,-73.98313378594567,40.72957501249126,-73.97526213327203,Clear,7.352615513542941
TRIP_00783,2026-08-03 03:45:54,40.743329287264196,-73.90108892627266,40.78756147394372,-73.90559106422862,Clear,11.056050554858759
TRIP_00784,2026-08-18 22:04:46,40.740789522396554,-74.01290411673307,40.80819971552124,-73.971184205761,Clear,17.784876578309092
TRIP_00785,2026-08-16 07:23:52,40.76683903627773,-73.97644319410381,40.81433606469106,-73.96503223619064,Clear,18.364262412638308
TRIP_00786,2026-08-08 06:37:06,40.75449610772745,-74.01134857349292,40.806218926340875,-74.0344481272583,Clear,15.309177895558026
TRIP_00787,2026-08-23 18:21:21,40.73575900396143,-73.90888772026219,40.753334536766516,-73.87235591653571,Clear,22.140517537032114
TRIP_00788,2026-08-25 00:44:31,40.70929171442707,-74.09336108334826,40.67702924069589,-74.10952855387897,Clear,9.149586907245943
TRIP_00789,2026-08-07 00:09:44,40.6297519533242,-74.00126894776653,40.63609533589772,-74.01586675294679,Clear,5.7268290507775745
TRIP_00790,2026-08-04 06:37:05,,,40.74651797860046,-74.03149901552878,Clear,19.096811220363026
TRIP_00791,2026-08-21 10:54:08,40.723184384358156,-74.13132857852683,40.728272809753086,-74.14721877550313,Clear,13.565297376937993
TRIP_00792,2026-08-22 06:08:54,40.72637894185977,-73.9911268973441,40.74801978782101,-74.04062024305193,Clear,15.256176321317698
TRIP_00793,2026-08-06 18:45:32,40.64896257120898,-73.99902511019263,40.68220516400577,-73.96033926564378,Clear,27.798082843443495
TRIP_00794,2026-08-16 08:22:14,40.65874717297959,-74.02024184688712,40.704337628626895,-74.00935774977155,Rainy,-99.0
TRIP_00795,2026-08-19 09:15:24,40.76545764266665,-74.01130970450198,40.777114046735655,-73.99783935813613,Clear,9.860084452912277
TRIP_00796,2026-08-03 18:12:45,40.71082224230717,-73.85108502829644,40.67370946013783,-73.84052004009695,Rainy,36.05149691733361
TRIP_00797,2026-08-07 01:57:13,40.74687503486863,-74.01890875690157,40.752388703289895,-73.99195865873101,Clear,4.83373599913833
TRIP_00798,2026-08-23 22:16:12,40.714215918806524,-73.9804937819375,40.735527230716286,-73.98307535919459,Snowy,-99.0
TRIP_00799,2026-08-02 04:29:03,40.71428780697479,-74.03846824098069,40.77097204463879,-73.97418479474372,Clear,-99.0
TRIP_00800,2026-08-03 13:10:39,40.7597141902988,-73.99123837124797,40.76267995503328,-74.01552528565726,Snowy,15.90613484335898
TRIP_00801,2026-08-23 08:47:31,40.68699776358913,-74.01791168375279,40.72237407244111,-73.98456543625247,Clear,22.860282220783265
TRIP_00802,2026-08-03 09:00:08,40.71760603884705,-74.0265259241365,40.74630867583611,-73.9872622940202,Rainy,34.73342730221618
TRIP_00803,2026-08-16 08:59:11,40.68968623556475,-73.91505507338998,40.71100325155845,-73.91784462621499,Snowy,27.76695298087139
TRIP_00804,2026-08-01 15:29:07,40.69107518862839,-73.94714075184078,40.738991188208125,-73.95785278519911,Clear,15.843309022553214
TRIP_00805,2026-08-14 13:09:32,40.69734139382657,-73.99916266763005,40.69751615792399,-73.94864744120494,Rainy,16.502035283693438
TRIP_00806,2026-08-06 08:50:21,40.723906688581685,-74.1212105967972,40.72665109509238,-74.1309364194177,Clear,9.488268304776067
TRIP_00807,2026-08-16 18:10:52,40.688862568916825,-74.02405046116263,40.708505544223996,-74.02225037938514,Clear,16.983293687373337
TRIP_00808,2026-08-11 13:38:58,40.77558780627868,-73.87084862177974,40.77638341112587,-73.82422935290595,Clear,10.991887572659152
TRIP_00809,2026-08-12 19:19:54,40.66806963488903,-74.01753308333198,40.703310003620665,-73.99649084632581,Clear,25.844751529745984
TRIP_00810,2026-08-05 00:10:46,40.703456417791934,-73.95083912139732,40.70206064866095,-73.9847534314262,Clear,7.289661002514237
TRIP_00811,2026-08-10 14:27:44,40.69081344708629,-73.93390287990238,40.71760257331864,-73.86149110556578,Snowy,33.60286265095883
TRIP_00812,2026-08-15 01:53:12,40.78514889421769,-73.99505180420721,40.80214371115409,-73.99095212697061,Rainy,11.160840608307055
TRIP_00813,2026-08-12 22:35:59,40.72262773882558,-74.04809108159341,40.74907551776888,-74.0401738002906,Rainy,11.36150547227129
TRIP_00814,2026-08-12 14:44:01,40.764392226973435,-74.12776561658914,40.77059998512154,-74.10009208901936,Clear,11.021819931342215
TRIP_00815,2026-08-20 15:13:52,40.638521981348156,-73.97179183956955,40.64834933251235,-73.93303953565943,Clear,13.155511619948888
TRIP_00816,2026-08-02 16:15:03,40.726152513293464,-74.04673780014117,40.74903279133338,-73.96790467140242,Clear,16.300400021769256
TRIP_00817,2026-08-11 12:37:48,40.757281539781175,-73.99719247740562,40.78334377496601,-74.02699452188779,Clear,16.130673787627284
TRIP_00818,2026-08-01 08:20:17,40.71691419946377,-74.06849101697946,40.73678814200204,-74.02371245071168,Clear,21.481584687452106
TRIP_00819,2026-08-11 13:33:19,40.76607401875327,-74.01926187702351,40.837234889448666,-73.97697158620201,Clear,23.744232827190146
TRIP_00820,2026-08-11 01:03:58,40.686935577494985,-74.00431404725495,40.677213469932745,-73.98842899458117,Rainy,10.227552993195536
TRIP_00821,2026-08-13 05:06:21,40.78326737200928,-73.99257032094779,40.8013412581607,-73.9489521101033,Clear,5.718445215654747
TRIP_00822,2026-08-20 02:03:59,40.82774490618096,-74.06174110936762,40.80053603551745,-74.01371288883853,Clear,10.764202963651002
TRIP_00823,2026-08-21 19:34:32,40.69465807197802,-73.94615445256193,40.72582051633804,-73.96761333611154,Clear,24.752284199055868
TRIP_00824,2026-08-19 20:44:13,40.69052487392996,-74.0358447392366,40.677067477838655,-73.96335174406018,Clear,31.7799902712833
TRIP_00825,2026-08-22 15:29:28,40.785469223855884,-74.08972347302266,40.79711991617959,-74.1164863406168,Clear,11.575812734044353
TRIP_00826,2026-08-04 16:41:28,40.79177860728654,-74.01145117099817,40.8006166775266,-74.02551065943534,Clear,8.261415591513572
TRIP_00827,2026-08-07 12:56:12,40.68665699864234,-74.00428123454867,40.71508373244038,-73.99213486475739,Clear,14.103997611934636
TRIP_00828,2026-08-22 13:05:15,40.691790659145205,-73.99797052834141,40.69520693161885,-73.9202223129458,Snowy,31.052011657248897
TRIP_00829,2026-08-09 19:47:20,40.698710769556975,-73.93789337981575,40.70085159862616,-73.92714107870835,Clear,15.221978922635905
TRIP_00830,2026-08-21 11:15:04,40.64557747444829,-74.0178224418368,40.708653168370866,-73.99878045853832,Rainy,23.247399526285626
TRIP_00831,2026-08-24 10:00:09,40.66686740267579,-74.01198098121844,40.695404406390026,-73.94901862310131,Clear,27.537537745617115
TRIP_00832,2026-08-11 14:57:58,40.6625929616624,-74.06115921906165,40.66576143610173,-74.05016876333862,Clear,5.796591091610187
TRIP_00833,2026-08-03 23:14:10,40.67441012174479,-73.96497232485561,40.686885111590456,-73.98032542624352,Rainy,9.923973882145845
TRIP_00834,2026-08-09 01:43:51,40.71106575563066,-73.99678454679609,40.780426404198785,-73.98930159185325,Clear,15.823898614228717
TRIP_00835,2026-08-16 23:47:52,40.724510736626826,-74.0270013863647,40.73745579027929,-73.96587763135052,Clear,12.097356377256464
TRIP_00836,2026-08-01 15:05:45,40.79032502464071,-74.10123373467327,40.789646725946135,-74.07910778476162,Clear,7.318941735161047
TRIP_00837,2026-08-25 10:32:51,40.66288229796306,-73.93377939024725,40.66233241345927,-73.85585964247556,Rainy,36.82078939057375
TRIP_00838,2026-08-17 22:50:33,40.76201611992383,-74.06738399822281,40.76554232549414,-74.02524595043495,Clear,9.692178423098692
TRIP_00839,2026-08-14 07:24:54,40.702100557788725,-74.03556390046849,40.70426562611593,-74.03490816856029,Clear,2.0
TRIP_00840,2026-08-22 05:08:36,40.71032681451738,-73.9880827744462,40.6919373790669,-73.96655048531224,Clear,3.771250059507418
TRIP_00841,2026-08-05 17:21:45,,,40.73281497169992,-74.07142443997509,Clear,14.869057570702655
TRIP_00842,2026-08-12 11:21:05,40.656663898921884,-74.08067548891266,40.651784287691044,-74.08072847983212,Rainy,2.3724235800385465
TRIP_00843,2026-08-04 14:54:14,40.7319204873092,-74.11219737913504,40.769667617862794,-73.95782485160427,Rainy,41.64112737034606
TRIP_00844,2026-08-25 16:02:09,40.72112261041065,-73.96995015235471,40.729685491792466,-73.9193914170537,Clear,12.976889281841181
TRIP_00845,2026-08-25 20:53:39,40.73742256320041,-74.03325931223631,40.75120771252759,-73.9874263725661,Clear,25.039587244291297
TRIP_00846,2026-08-09 23:31:02,40.72725843219539,-73.85963649537634,40.78536107295304,-73.85833190483558,Snowy,23.031660158327885
TRIP_00847,2026-08-01 10:44:11,40.835565006995544,-74.05571775328154,40.894415221493695,-73.98863023129312,Clear,38.78679715512248
TRIP_00848,2026-08-21 06:33:32,40.680913000787434,-74.05207255117145,40.692449252493304,-73.99909008311766,Rainy,20.28079894884939
TRIP_00849,2026-08-20 02:03:16,40.68625015224991,-74.03426964851427,40.68732424692941,-73.95782100983354,Clear,11.290703862009943
TRIP_00850,2026-08-18 16:18:03,40.68164297367876,-73.99384326724308,40.67571006426856,-73.91884984279113,Clear,17.147982021735395
TRIP_00851,2026-08-17 21:01:41,40.68502614404199,-74.02951016693926,40.72580941713324,-74.05388284558218,Rainy,22.498633498665345
TRIP_00852,2026-08-12 12:10:52,40.680930643634674,-73.97538338929988,40.69478942662901,-73.98867857397798,Clear,7.415981455133465
TRIP_00853,2026-08-08 19:04:24,40.77225082655538,-74.05492941949943,40.7806559798457,-74.06504305396334,Rainy,17.511651513598753
TRIP_00854,2026-08-02 11:27:33,40.78382521239949,-74.07507958592318,40.77941527514537,-74.08339780522316,Clear,9.518197913815605
TRIP_00855,2026-08-06 21:18:11,40.684262685312525,-74.09591073697045,40.681172693042186,-74.06620716604264,Clear,8.975085096182779
TRIP_00856,2026-08-25 12:16:11,40.67118222134479,-74.11717870839686,40.70078396708959,-74.11418281195974,Rainy,17.32919140965068
TRIP_00857,2026-08-03 23:07:47,40.736370777819324,-74.03190345097376,40.71690762984271,-73.94972549475088,Clear,13.788310747272059
TRIP_00858,2026-08-04 23:58:25,40.68518884778595,-74.02104901561967,40.73503490859959,-73.94390861915721,Rainy,17.195904445713143
TRIP_00859,2026-08-13 07:31:31,40.744446590887776,-74.03757185137415,40.74843125157333,-74.01776569919653,Snowy,16.826597880964524
TRIP_00860,2026-08-01 02:00:14,40.722946151042564,-73.94382971014065,40.73845707271501,-73.86516992365615,Snowy,26.30605925192278
TRIP_00861,2026-08-18 19:02:14,40.63701279425014,-73.94459848951959,40.61690345550592,-73.87995445070239,Rainy,40.30228981909089
TRIP_00862,2026-08-22 04:20:41,40.790175260066505,-74.02274014937223,40.809804281919234,-74.01626134614754,Clear,5.413666929857277
TRIP_00863,2026-08-07 22:56:39,40.80259388365478,-74.0956960556596,40.812744255374064,-74.13597251598037,Clear,7.689776302721153
TRIP_00864,2026-08-03 17:16:30,,,40.70065814751009,-74.02087430695157,Rainy,24.99499734303779
TRIP_00865,2026-08-16 21:44:35,40.6934149220032,-74.03599106969585,40.75756618895406,-74.0353297336282,Clear,19.75344084904823
TRIP_00866,2026-08-03 10:26:33,40.72709326953625,-74.0388567481139,40.75242421090996,-74.01266157935953,Clear,19.215669916370743
TRIP_00867,2026-08-18 03:16:05,40.72952283949935,-74.04088594519492,40.72568306397498,-74.01820909658868,Clear,7.574654351277145
TRIP_00868,2026-08-10 10:04:57,40.74572721363364,-74.03867314478624,40.74438761631725,-74.01678261501927,Clear,16.937471966327106
TRIP_00869,2026-08-25 17:56:24,40.81331022693832,-74.0253270807949,40.85116416251574,-73.98961653855352,Snowy,48.39655198202138
TRIP_00870,2026-08-10 08:15:09,40.703952638625296,-74.03777705494078,40.762913437355095,-74.05415271335329,Clear,28.489946213530967
TRIP_00871,2026-08-10 03:20:55,40.67288513777308,-73.99558387456872,40.70134267839561,-73.96324306624163,Clear,7.876522044681147
TRIP_00872,2026-08-14 07:00:15,40.64383403859927,-73.98798156420476,40.68449542093592,-73.98117004879526,Clear,15.291498526851381
TRIP_00873,2026-08-17 09:05:38,40.67625349800291,-74.05153225435913,40.71454562970301,-74.02553278836322,Rainy,28.474149589887762
TRIP_00874,2026-08-18 01:52:08,40.71114365135631,-73.94244673369965,40.77371558375703,-73.89372443834269,Snowy,26.408054533554708
TRIP_00875,2026-08-05 07:55:04,40.80252789317589,-74.05500311509203,40.76404018799411,-74.07173510828866,Clear,16.642576885411703
TRIP_00876,2026-08-24 14:07:04,40.686919435048196,-74.08689003069077,40.72693600322733,-74.07532884027086,Rainy,20.088081134540108
TRIP_00877,2026-08-05 19:16:08,40.723989397581946,-73.98696109643174,40.77350147889905,-73.97051712345261,Clear,30.208876028710634
TRIP_00878,2026-08-02 00:21:20,40.711978855196364,-74.04687040672071,40.6918171440123,-74.04229847586784,Clear,5.162832640587179
TRIP_00879,2026-08-11 14:00:06,40.7722196636724,-73.98993542646213,40.76564961815221,-73.94294054157814,Rainy,20.542134556274387
TRIP_00880,2026-08-23 18:55:46,40.83914662129368,-74.12618343005502,40.83362313883483,-74.12779508081904,Clear,13.322031465578572
TRIP_00881,2026-08-06 19:57:25,40.686256561353986,-73.93637720292584,40.68439285546266,-73.93303921490912,Clear,9.650699924245908
TRIP_00882,2026-08-10 11:12:46,40.68832802787409,-73.97238532959798,40.69387651634603,-73.97368290358655,Clear,5.2226164386126435
TRIP_00883,2026-08-19 16:12:01,40.765008043853456,-74.08102382745815,40.7922861282451,-74.028262165115,Clear,15.915567551144237
TRIP_00884,GARBAGE_TIMESTAMP_TEXT,40.74689457448132,-74.07993885619231,40.79286481401634,-74.07471217956468,Clear,23.460994428206405
TRIP_00885,2026-08-02 15:30:24,40.805135366286805,-73.92238670479513,40.857574875019864,-73.88858534306863,Clear,22.398782042927255
TRIP_00886,2026-08-07 07:07:33,40.7419964092663,-74.0428689951749,40.73686171743127,-73.963597842138,Clear,17.634975851100982
TRIP_00887,2026-08-15 04:18:09,40.69483539546065,-74.04770924243662,40.68949430549956,-74.02995379504715,Clear,4.44100258695351
TRIP_00888,2026-08-09 21:28:51,40.74233274153462,-74.11930260470747,40.80180739673511,-74.06594078430648,Clear,24.16778123976453
TRIP_00889,2026-08-08 04:18:12,40.76823517902915,-74.02353891028008,40.807637497091704,-73.95339828775728,Clear,14.626632582468234
TRIP_00890,2026-08-14 07:15:29,40.75382410905987,-74.01738598074179,40.77631005431594,-73.96657023394059,Snowy,26.924901915474827
TRIP_00891,2026-08-22 04:32:18,40.738163701555365,-73.97022534516152,40.77236380182202,-73.95072938464085,Clear,11.978438587344398
TRIP_00892,2026-08-23 18:16:23,,,40.78523962102392,-74.03669068863927,Snowy,39.23382108885116
TRIP_00893,2026-08-23 20:27:41,40.771264779522284,-74.08201433961203,40.80700232001371,-74.10063569740609,Clear,22.43279388447416
TRIP_00894,2026-08-05 21:38:15,40.78190794955188,-73.98345186826117,40.79182594865671,-73.98685316300566,Rainy,9.366079548063562
TRIP_00895,2026-08-03 11:45:27,40.745235494379486,-73.95566349643865,40.77329964241266,-73.9538037518876,Clear,8.90931706365686
TRIP_00896,2026-08-20 00:38:57,40.70444409598416,-74.08455761755589,40.679127714473076,-73.99733925395066,Rainy,21.530251410477764
TRIP_00897,2026-08-18 22:21:03,40.72013568432167,-73.95192429568502,40.7195021554769,-73.95630183111268,Clear,6.146498915602899
TRIP_00898,2026-08-16 10:17:54,40.773125448325416,-74.00412290792566,40.77281511302171,-74.00894721046352,Clear,12.740229447999063
TRIP_00899,2026-08-16 06:20:56,40.67195321645064,-73.95140973304626,40.68072151545443,-73.96272736245373,Clear,5.553059092970463
TRIP_00900,2026-08-03 04:49:56,40.731233665443646,-74.00951101807588,40.723438267800255,-73.97271666521796,Clear,8.65012805536234
TRIP_00901,2026-08-17 00:15:14,40.693133059383634,-74.1321138958744,40.69712675060894,-74.10783525409433,Rainy,8.506885378971115
TRIP_00902,2026-08-13 06:02:23,40.71423724114674,-74.0135983691158,40.6888048192748,-73.960995599805,Snowy,26.929275259537924
TRIP_00903,2026-08-23 12:47:54,40.776722593130366,-73.95299280906643,40.81318360742221,-73.9128550190841,Clear,12.511681088551986
TRIP_00904,2026-08-01 00:59:47,40.722354953400995,-74.05068730095418,40.73987954783365,-74.0720989963559,Snowy,12.165940133956418
TRIP_00905,2026-08-02 17:58:52,40.715121827407806,-74.02539824844537,40.68396559917453,-74.02961658154568,Clear,18.153391083920194
TRIP_00906,2026-08-25 22:29:17,40.644807192951006,-74.01480667517755,40.639762295634604,-73.95384681272928,Rainy,13.085121616846733
TRIP_00907,2026-08-05 04:07:08,40.75011267830136,-74.15097569399343,40.78021072112823,-74.13707464133074,Snowy,15.123172562993352
TRIP_00908,2026-08-24 13:12:17,40.74507420905706,-73.92243262122813,40.748783550665486,-73.86680486668759,Clear,17.750304160611282
TRIP_00909,2026-08-04 17:21:19,40.82096273616528,-74.05106878399486,40.82005449236114,-74.03555921243232,Clear,14.407604810043408
TRIP_00910,2026-08-15 06:12:33,40.69741108825235,-73.98071322837636,40.71517330794211,-73.98974292122502,Clear,9.363300915143002
TRIP_00911,2026-08-09 04:00:59,40.723757516383195,-74.0103350568074,40.75406544243854,-73.9994328801374,Clear,12.282601260996573
TRIP_00912,2026-08-19 19:18:53,40.72526918418554,-73.94311904718204,40.70217861047437,-73.95216054104853,Rainy,25.00143164622753
TRIP_00913,2026-08-13 05:09:28,40.79167266398817,-73.9856971938786,40.82817651842471,-73.98266377675067,Clear,11.462454676760396
TRIP_00914,2026-08-11 22:29:24,40.708035223380655,-74.01774621357605,40.70402642493244,-73.9917184423791,Snowy,11.943448950178563
TRIP_00915,2026-08-16 22:58:32,40.726751076288515,-74.05067575462597,40.74621323724102,-74.0153276019149,Clear,8.61569514355076
TRIP_00916,2026-08-19 04:57:27,40.74319482548583,-73.9661074649309,40.762132221265084,-73.99381320462852,Clear,6.40709664070151
TRIP_00917,2026-08-06 05:36:05,40.72213045615782,-74.09967206519774,40.72631847261063,-74.080193105423,Clear,5.527854664752028
TRIP_00918,2026-08-25 12:32:32,40.69047831927247,-73.9737054789862,40.67976852688855,-73.971303951053,Snowy,12.046044470105477
TRIP_00919,2026-08-25 13:39:40,40.72250449964492,-74.06095223757774,40.73393390320215,-74.0604046818465,Clear,8.23289582951591
TRIP_00920,2026-08-23 09:37:08,40.76648158749299,-73.94338581690216,40.83524149676525,-73.91940527832817,Snowy,56.54444316578365
TRIP_00921,2026-08-18 14:03:33,40.661474235029445,-73.99793502286687,40.640623984115535,-73.99444857904754,Clear,8.94391013754383
TRIP_00922,2026-08-06 16:06:31,40.719448483707346,-73.9737938116075,40.79021787428049,-73.9123296717621,Clear,22.015719956228377
TRIP_00923,2026-08-23 22:19:46,40.677793959253044,-74.00190055930877,40.69000232412075,-73.94625870302123,Clear,12.613010233262473
TRIP_00924,2026-08-24 20:01:20,40.77255233144624,-74.09361885475705,40.7936134739589,-74.0381640059388,Rainy,35.150223779743555
TRIP_00925,2026-08-12 09:56:57,40.63664065476081,-74.04903645816977,40.62403933041927,-74.04388376403448,Clear,13.40238408207831
TRIP_00926,2026-08-17 17:47:09,40.68485390763642,-73.97238053311943,40.6817158251361,-73.98125549816702,Clear,8.145998984424018
TRIP_00927,2026-08-08 20:59:56,40.731660593753226,-73.997667209132,40.73657330425208,-73.97520631125036,Clear,16.763985345550154
TRIP_00928,2026-08-22 12:47:39,40.79107620146172,-73.94695050473472,40.779705352335384,-73.93146095572331,Clear,10.126634646988238
TRIP_00929,2026-08-12 16:47:08,,,40.72324494822523,-73.98410096672085,Clear,9.306997494459187
TRIP_00930,2026-08-25 18:48:55,40.685040023665344,-74.05433509453513,40.69282954691114,-74.06960712793514,Rainy,18.56928793080364
TRIP_00931,2026-08-08 11:08:29,40.80685785347203,-74.04580320688603,40.882381287745105,-74.02704874596408,Clear,23.920068826096617
TRIP_00932,2026-08-06 09:40:27,40.64039930497919,-74.00085413047384,40.62542007940878,-73.99297621398141,Rainy,15.314535159268607
TRIP_00933,2026-08-04 10:20:53,40.602859702169,-74.1217022033,40.62594041767146,-74.08105179218886,Clear,21.53321901802494
TRIP_00934,2026-08-06 17:03:43,40.73480072250267,-73.92232790571884,40.762236110959726,-73.8823747241732,Clear,24.96611261151588
TRIP_00935,2026-08-09 14:22:40,40.687697288782374,-73.98391266318112,40.67558767232282,-73.93088866901843,Clear,16.411896932014898
TRIP_00936,2026-08-06 10:06:56,40.66173835914346,-73.94464827014755,40.70234318400705,-73.96242713670395,Clear,19.182811740651545
TRIP_00937,2026-08-14 15:14:51,40.74821782236497,-74.08503019704045,40.75626801197852,-74.05299844780964,Rainy,11.774992134076808
TRIP_00938,2026-08-09 18:29:43,40.72499003568856,-73.94377174198223,40.67021834614107,-73.94559571316924,Rainy,43.706347861008624
TRIP_00939,2026-08-11 07:34:50,40.684596068463165,-73.89442505444862,40.724391556826305,-73.91103748077295,Clear,9.42155892067721
TRIP_00940,2026-08-03 02:37:10,40.64878478006646,-74.07204391776887,40.635276553543385,-74.06490198487732,Snowy,12.830932372409235
TRIP_00941,2026-08-20 13:30:33,40.756422866414006,-73.96742991025481,40.744989618029834,-73.91536876085077,Clear,12.73135737212934
TRIP_00942,2026-08-12 15:27:02,40.745310058897935,-74.00594450276563,40.78594712138471,-73.99711405337274,Rainy,18.915907110192535
TRIP_00943,2026-08-21 15:41:51,40.70784120681103,-74.08322169241241,40.71742636233848,-74.01625805261364,Clear,19.315092838674968
TRIP_00944,2026-08-05 12:11:58,40.805131849802386,-73.9813558014074,40.85266501431893,-73.9448894459418,Clear,17.809292276916803
TRIP_00945,2026-08-01 19:42:57,40.659295761683694,-73.96431983975813,40.71560074454465,-73.95614255412755,Clear,34.544310904410075
TRIP_00946,2026-08-19 14:49:47,40.636523741453765,-74.03605632763345,40.6371758876441,-73.98125487476625,Clear,13.264793118614657
TRIP_00947,2026-08-07 09:24:15,40.67820459650594,-73.94770417398723,40.72200247138459,-73.91434227082381,Snowy,43.47336477877382
TRIP_00948,2026-08-17 06:42:59,40.710520699182226,-74.08933817033946,40.707856875140436,-74.09731495199286,Clear,8.043104090937218
TRIP_00949,2026-08-17 04:00:02,40.724966972466135,-74.08073780732248,40.8119604499801,-74.00497372825507,Clear,21.66187800903412
TRIP_00950,2026-08-16 23:28:14,40.700738197107185,-73.99917013022056,40.69994948697125,-73.97138576552797,Clear,8.944885382224278
TRIP_00951,2026-08-04 11:00:48,40.730402769825716,-74.0047307361014,40.781185393054514,-73.98416685034182,Clear,19.180511789290563
TRIP_00952,2026-08-24 14:23:51,40.65022302879048,-74.04182867442121,40.695536729566925,-74.04749465451837,Clear,16.859195589611407
TRIP_00953,2026-08-20 09:10:17,40.784988230203666,-73.96552027820141,40.814470864866934,-73.91013413017318,Clear,23.0800682274935
TRIP_00954,2026-08-02 05:15:23,40.70869244108037,-73.9794552842892,40.708576146237874,-73.94393702146836,Clear,8.107404677501018
TRIP_00955,2026-08-07 22:50:11,40.76866479157941,-73.9630930464533,40.78412286682117,-73.92421590104443,Clear,10.479553668685268
TRIP_00956,2026-08-18 09:06:35,40.729936267318884,-74.01215682176762,40.685328623930545,-74.00738276207339,Clear,23.436822180532186
TRIP_00957,2026-08-17 16:03:52,40.73563766095769,-73.97587098660108,40.76237026210916,-73.93084796944378,Clear,14.796229044870252
TRIP_00958,2026-08-05 00:18:53,40.74128836401161,-74.0282825151515,40.77177682394246,-73.98092810734438,Rainy,16.678356904664522
TRIP_00959,2026-08-23 10:30:00,40.73518542800087,-73.90330906549568,40.75919041057271,-73.90337241265911,Rainy,20.45089221849539
TRIP_00960,GARBAGE_TIMESTAMP_TEXT,40.74493613799338,-74.0466272885061,40.6757369528546,-74.06913699269653,Rainy,21.297243354607673
TRIP_00961,2026-08-22 14:48:17,40.77925762650662,-73.90073512852709,40.76128853315392,-73.86329393674693,Snowy,18.829367520346427
TRIP_00962,2026-08-03 17:57:06,40.722626058485076,-74.00425560264553,40.72018332899962,-74.0314560111337,Rainy,21.547219779994744
TRIP_00963,2026-08-17 17:51:39,40.74825018787943,-74.07477554447844,40.7769999558751,-74.05021507114331,Clear,19.65431314612254
TRIP_00964,2026-08-11 02:24:06,40.70831321528564,-73.93759603247557,40.73699338245493,-73.93101338561918,Clear,9.412156020141724
TRIP_00965,2026-08-15 09:43:43,40.78480586077247,-73.99970493058025,40.799699147013335,-73.94314497425658,Snowy,40.63772798717505
TRIP_00966,2026-08-19 18:14:20,40.67898038489704,-73.96344379508099,40.71803775099516,-73.955229111804,Clear,23.00066198896973
TRIP_00967,2026-08-21 04:27:44,40.80284702164554,-73.94480720407287,40.79205975038645,-73.89158901491275,Clear,14.990626657047155
TRIP_00968,2026-08-25 08:53:26,40.710792102467785,-73.98910222229274,40.74909915263861,-73.98452850562363,Clear,21.19541343149883
TRIP_00969,2026-08-23 09:39:40,40.641261244894096,-74.03561204224064,40.67550350803929,-73.98561231208886,Snowy,45.08364277222034
TRIP_00970,2026-08-06 23:17:09,40.71920522074554,-73.95721433111653,40.75053186273068,-73.87540408480143,Rainy,19.987006037065836
TRIP_00971,2026-08-24 14:44:42,40.67874741712626,-74.00596222462727,40.69328620419369,-74.01800363877825,Clear,7.989357119982639
TRIP_00972,2026-08-02 07:49:34,40.75483217744944,-73.97170710906958,40.829754492194375,-73.94294603741766,Snowy,38.646160285562075
TRIP_00973,2026-08-23 02:20:56,40.68016880103488,-74.11368652868957,40.71496467168958,-74.01122305621227,Snowy,31.88028541033953
TRIP_00974,2026-08-07 17:52:20,40.690490828339264,-73.98365091414951,40.68144075244166,-73.96165324934242,Clear,16.603375666027866
TRIP_00975,2026-08-09 17:00:03,40.61832296345273,-74.03792929125726,40.645772127724804,-74.01607564315037,Rainy,30.002874720234743
TRIP_00976,2026-08-04 16:25:54,40.69018468403755,-73.92333451814108,40.73275918534977,-73.87967954972055,Rainy,21.053153452913275
TRIP_00977,2026-08-02 14:44:31,40.591606033668555,-73.97484563260555,40.593962775700824,-73.9536132066827,Clear,5.959353042485514
TRIP_00978,2026-08-09 06:43:43,40.63360485882571,-73.99400711270754,40.686283026233646,-74.02522389254466,Clear,14.791840997000314
TRIP_00979,2026-08-14 22:46:00,40.75082073280721,-73.98168450033249,40.78228174397869,-73.92771587908733,Clear,16.053621686410068
TRIP_00980,2026-08-09 15:08:15,40.752090007932544,-74.05592204264384,40.701815657802584,-74.0960104950598,Clear,19.92561509724356
TRIP_00981,2026-08-02 09:24:17,40.73407287808925,-73.92483716547359,40.76306303740939,-73.91734091500774,Snowy,32.781063569477794
TRIP_00982,2026-08-13 01:28:44,40.66445119284354,-73.90643147907916,40.67227031821116,-73.85020870660446,Clear,10.841364763803842
TRIP_00983,2026-08-24 02:14:02,40.710414432192906,-73.98635432447259,40.74652982662916,-73.97705059733187,Clear,7.880491268095473
TRIP_00984,2026-08-23 09:37:54,40.712619873045476,-73.92647982157132,40.76094631825303,-73.92729071634525,Snowy,42.270445469448696
TRIP_00985,2026-08-22 13:08:17,40.654881765540374,-74.03445740993362,40.680736626954626,-73.98807949277862,Snowy,24.818416183577522
TRIP_00986,2026-08-08 05:14:45,40.78796991508836,-74.04585567831126,40.8579274821067,-74.05138912191629,Clear,14.205454660528561
TRIP_00987,2026-08-15 19:05:53,40.756668114528786,-74.00395376256355,40.77130690799188,-74.02062053415132,Snowy,25.514972440263378
TRIP_00988,2026-08-12 09:18:39,40.70175179130852,-73.9842529480816,40.740496326000134,-73.95601752845681,Clear,20.28864845163059
TRIP_00989,2026-08-05 09:42:51,40.71414429194973,-74.02569933406215,40.75829256915885,-74.01118703301454,Clear,25.503746100956274
TRIP_00990,2026-08-14 13:33:57,40.723219140397376,-73.97911159048158,40.74029876133059,-73.99642178390725,Rainy,10.315319171636121
TRIP_00991,2026-08-17 14:28:54,40.610713256578784,-73.99068052589632,40.654076485818116,-73.95157194969647,Rainy,22.310687924893617
TRIP_00992,2026-08-03 02:34:57,40.70044113087397,-74.05591533876455,40.70260094125911,-74.02198071059723,Rainy,10.375478482370463
TRIP_00993,2026-08-03 17:05:13,40.678700787600114,-73.98006034912741,40.68602373502948,-73.97085299962558,Clear,14.229598614160757
TRIP_00994,2026-08-03 00:41:12,40.66271899950526,-73.96282358787393,40.64334433879517,-73.95156354805768,Clear,8.438821949686693
TRIP_00995,2026-08-09 21:21:57,40.6987449853557,-73.99742653412048,40.72598725884681,-73.96331475186021,Snowy,22.23589543811631
TRIP_00996,2026-08-25 01:09:24,40.80268432634248,-73.94836759483691,40.83244187661811,-73.89265675224435,Clear,13.442122212108776
TRIP_00997,2026-08-12 18:02:18,40.74484214306335,-74.06687018967484,40.80022003782073,-74.05535398597813,Clear,31.220417897012798
TRIP_00998,2026-08-01 14:54:25,40.68424105051086,-73.98260247889341,40.72797525064154,-73.94296182410316,Rainy,20.610212434103694
TRIP_00999,2026-08-13 06:33:21,40.74142913906781,-74.06451403531985,40.75288527236839,-74.0275580288073,Clear,13.687663684060572
TRIP_01000,2026-08-20 10:22:47,40.7827677718293,-74.06170406791165,40.76742238120927,-74.01532484913038,Clear,20.791869850535672
TRIP_01001,2026-08-14 22:46:51,40.75903168414564,-74.0375465416869,40.79201719622124,-74.01636726572458,Clear,10.35175741505761
TRIP_01002,2026-08-19 06:40:35,40.71578151849601,-74.05310300917871,40.76910411366845,-74.0604727746007,Rainy,19.169965352266352
TRIP_01003,2026-08-06 22:09:34,40.68045316111472,-74.03339979093705,40.72310871032884,-74.02727476553305,Snowy,20.32548568259098
TRIP_01004,2026-08-21 00:05:04,40.747711165680684,-74.01670751553556,40.8002454914264,-73.9864219115621,Clear,12.977194117081583
TRIP_01005,2026-08-23 14:56:42,40.73247426927109,-73.96414227568343,40.74611758333514,-73.88958834433198,Clear,16.969994495358023
TRIP_01006,2026-08-20 12:05:36,40.75755966100139,-74.02205795193528,40.76356109195612,-74.01657854063117,Clear,4.943601819352093
TRIP_01007,2026-08-02 16:23:11,40.7445585900841,-74.08528128533848,40.74245154951714,-74.04113766203265,Rainy,15.940333480793608
TRIP_01008,2026-08-12 21:13:06,,,40.783600741767565,-73.93883830119555,Clear,5.406487787908505
TRIP_01009,2026-08-22 13:38:08,40.686038239421976,-74.04785450668075,40.703680515542914,-74.02454044400416,Rainy,15.084924386371844
TRIP_01010,2026-08-14 20:16:48,40.778669703281714,-74.00893602135523,40.804870032137885,-73.94347411887732,Clear,31.363495000560732
TRIP_01011,2026-08-25 20:29:44,40.72267998023462,-73.98367317465296,40.738801056523556,-73.94074439721035,Clear,22.59885815229024
TRIP_01012,2026-08-18 18:16:05,40.81656304363126,-73.99601947907986,40.832554211739456,-74.0132584572621,Rainy,19.342917754946065
TRIP_01013,2026-08-12 05:02:46,40.67834060909552,-73.95129102262392,40.67503978750636,-73.94846527333827,Clear,5.5663036322951465
TRIP_01014,2026-08-03 22:46:32,40.799598190158264,-73.98204984283036,40.847846760564806,-73.92436320249712,Rainy,18.98001214752923
TRIP_01015,2026-08-21 02:04:58,,,40.74499108104044,-74.024809137706,Clear,11.752945576368674
TRIP_01016,2026-08-14 03:53:27,40.68022909981928,-73.89707189130041,40.69499578179072,-73.91153709488889,Clear,8.245274782707687
TRIP_01017,2026-08-09 17:41:39,40.68860570829729,-73.9962833268331,40.68618283069981,-74.00085190018231,Clear,13.76156763228505
TRIP_01018,2026-08-13 01:51:24,40.696782634590285,-74.01336701133107,40.67682524127855,-73.97226220564974,Clear,10.858633141383475
TRIP_01019,2026-08-20 06:10:04,40.734008297320095,-73.95780372884722,40.79324722309658,-73.90797142041069,Clear,22.776565445740335
TRIP_01020,2026-08-18 07:26:57,40.73894177440177,-73.9935274527035,40.77558093564573,-73.97299179365903,Rainy,18.933295068191423
TRIP_01021,2026-08-10 01:34:25,40.68411499980307,-73.98603859035303,40.655397464525976,-73.89177917632495,Clear,16.805394316279827
TRIP_01022,2026-08-23 04:15:41,40.711582270386955,-73.88139080006997,40.754476539408245,-73.8366662291663,Rainy,18.21809614577484
TRIP_01023,2026-08-11 18:15:31,40.819913517930594,-74.01975607141276,40.867587953037585,-74.00706050350175,Clear,26.79958347420793
TRIP_01024,2026-08-12 01:42:21,40.79917715850504,-74.02188804470087,40.82290844217407,-74.02635922614385,Clear,12.402348098066852
TRIP_01025,2026-08-01 23:04:20,40.7346161834837,-74.00017107439938,40.802559510356254,-74.00941760353855,Clear,15.95023235291675
TRIP_01026,2026-08-14 17:38:04,40.71470017390841,-73.95242420322094,40.7412017631721,-73.92236156360653,Rainy,29.939006414653488
TRIP_01027,2026-08-08 20:46:56,40.71880156633591,-74.08132670150952,40.696296860497434,-74.07599001285693,Clear,18.933040499885745
TRIP_01028,2026-08-05 12:18:28,40.743475898636525,-74.10427779457383,40.77443096866798,-74.03406548195433,Clear,16.51107747208687
TRIP_01029,2026-08-02 04:25:28,40.66166037174008,-74.035355763531,40.689007290791466,-73.97136640944346,Clear,16.553347214269394
TRIP_01030,2026-08-05 05:47:01,40.69993117312883,-74.08769614795297,40.70183226766549,-74.04870415152806,Clear,-99.0
TRIP_01031,2026-08-05 14:32:50,40.62937079630612,-74.02724156737628,40.666577561412446,-74.04261145256498,Clear,11.168366138743732
TRIP_01032,2026-08-03 18:14:34,40.732761156130266,-73.98087501519353,40.70273119814454,-73.9810415813701,Clear,-99.0
TRIP_01033,2026-08-08 14:00:37,40.74515979698514,-74.05053744317762,40.79487680180843,-73.99286711740538,Clear,17.158441027122798
TRIP_01034,2026-08-22 16:15:44,40.68864067688503,-74.07734132883907,40.68229702577687,-74.07423331483292,Clear,9.628861486417792
TRIP_01035,2026-08-01 02:55:05,40.791499338164506,-74.00253314191423,40.781950954410995,-73.94886888989664,Rainy,14.392112072939709
TRIP_01036,2026-08-20 20:57:02,40.65151171684988,-73.96287282576924,40.668096973680655,-73.92863470807819,Rainy,21.29431406792463
TRIP_01037,2026-08-15 14:10:26,40.63958125598951,-74.09074867192584,40.67257044383082,-74.06919713538144,Clear,13.587952362613494
TRIP_01038,2026-08-22 05:37:40,40.724022590928,-73.9649883800847,40.748940312835806,-73.96607336447276,Clear,9.542582980644424
TRIP_01039,2026-08-14 10:55:05,40.76515491513061,-73.96513468981308,40.76287514015744,-73.94796200511882,Clear,11.855776622366273
TRIP_01040,2026-08-18 19:46:53,40.79699638457289,-73.95829574489217,40.801813705837134,-73.93260630624592,Rainy,19.41413399285643
TRIP_01041,2026-08-09 10:01:30,40.689855786856555,-73.94507598925641,40.67586451643523,-73.89409982230738,Clear,22.4215859670864
TRIP_01042,2026-08-06 22:45:45,40.76673404167157,-73.89589930376702,40.77999364462267,-73.90247137178604,Clear,5.556337583268093
TRIP_01043,2026-08-24 12:24:36,40.710874576524965,-74.02380460243096,40.76312521296029,-74.01168910770674,Snowy,26.605441940398613
TRIP_01044,2026-08-09 10:38:01,40.70416863500296,-74.00052142099611,40.72404074687364,-73.97917672703814,Snowy,26.973053953862728
TRIP_01045,2026-08-24 11:04:26,40.756982996874335,-74.0268219216624,40.80276542451712,-73.98694157093182,Rainy,22.668530838921846
TRIP_01046,2026-08-24 01:13:06,40.74541614392067,-74.00590115776221,40.80907818405246,-74.0131550878879,Snowy,27.93218346386997
TRIP_01047,2026-08-05 03:09:28,40.63398039215079,-73.92935633221819,40.63633983657968,-73.9488534260048,Rainy,9.588377590803892
TRIP_01048,2026-08-16 05:20:37,40.786627017486296,-74.07325072419653,40.80102981989464,-74.03303176964522,Rainy,9.534392208065304
TRIP_01049,2026-08-09 00:28:47,40.781804567707375,-74.04905248360828,40.86694035353925,-74.07459095705669,Clear,20.76295153312475
TRIP_01050,2026-08-17 12:05:01,40.68152186492453,-73.93714095317478,40.74485216728392,-73.87859156173191,Snowy,39.28136912103684
TRIP_01051,2026-08-08 22:53:31,40.73259017667187,-73.95499817465489,40.7024180408975,-73.93967595757938,Rainy,15.464838946915181
TRIP_01052,2026-08-04 08:22:06,40.737501509314136,-74.02415658234085,40.769115958795965,-74.05058251480908,Clear,19.414921163788726
TRIP_01053,2026-08-21 00:45:01,40.725833688291196,-73.96327989994397,40.745850488061386,-73.95769250652607,Clear,7.526806677741696
TRIP_01054,2026-08-08 10:36:17,40.68528474230773,-73.9889392078754,40.73007833563349,-73.95756549888333,Clear,27.18090874463908
TRIP_01055,2026-08-12 20:23:51,40.6792188316031,-73.93098626954995,40.67686946857855,-73.92696730217659,Snowy,16.863703297340827
TRIP_01056,2026-08-19 04:28:38,40.71152229645043,-74.00227452030866,40.70633404528921,-73.98167362784393,Clear,8.031441234798548
TRIP_01057,2026-08-02 16:44:10,40.77143645096297,-73.95471839430637,40.771154329504164,-73.91251604333522,Clear,12.059977860820814
TRIP_01058,2026-08-05 12:28:54,40.73998000772972,-73.87389940447537,40.742822151343766,-73.85996511453699,Clear,5.738559934017932
TRIP_01059,2026-08-13 07:42:07,40.6942692833957,-73.97609504224762,40.73872900839997,-73.98420677254161,Snowy,23.946040786296148
TRIP_01060,2026-08-10 10:27:32,40.75138493553242,-74.00353359171025,40.73594890033795,-73.99250311163141,Clear,16.744399016011087
TRIP_01061,2026-08-07 07:37:25,40.5703728689685,-73.96987765073895,40.57169445196972,-73.90743244664517,Clear,13.559960790013745
TRIP_01062,2026-08-14 19:06:34,40.77023828501861,-74.02426404291019,40.73656791330357,-73.95371211255019,Clear,31.94981123765348
TRIP_01063,2026-08-02 21:49:21,40.6258143110611,-73.88660161472376,40.67602784576347,-73.92719939994203,Clear,18.78922903415512
TRIP_01064,2026-08-03 13:49:44,40.694677952929844,-73.9969964481152,40.752808855912775,-73.94426561083945,Clear,20.626763708399807
TRIP_01065,2026-08-08 03:14:43,40.656816505268694,-74.01964666601127,40.66700430234278,-73.9921422345302,Clear,5.507595923392797
TRIP_01066,2026-08-14 19:38:55,40.64806592621396,-74.047784450251,40.65912744526956,-74.0000649698774,Clear,23.114639670950638
TRIP_01067,2026-08-12 08:41:39,40.77084133936893,-73.95113899041968,40.804437996437414,-73.9476536382277,Clear,-99.0
TRIP_01068,2026-08-20 01:25:47,40.68941493993441,-73.96264062935862,40.75364940015576,-73.99568853464366,Clear,14.982783358392664
TRIP_01069,2026-08-21 22:17:51,40.73012519408654,-74.0308677185707,40.76238351651346,-73.99333305491128,Clear,16.70064115132594
TRIP_01070,2026-08-22 23:41:28,40.71045397105604,-73.97717743274387,40.709527712781785,-73.98540675058236,Snowy,8.10220793414377
TRIP_01071,2026-08-06 05:53:51,40.73665204136116,-74.08142779841064,40.70808736420157,-74.10307657135519,Clear,8.098164594107113
TRIP_01072,2026-08-13 18:16:01,40.71664109455301,-73.99675147124634,40.70318730667311,-74.01630351272054,Clear,21.056237156036765
TRIP_01073,GARBAGE_TIMESTAMP_TEXT,40.64865038879057,-73.98336218239616,40.67084697229995,-73.9453347689237,Clear,14.871179734912149
TRIP_01074,2026-08-22 14:07:08,40.76261334097236,-73.92063350952203,40.76295351527634,-73.89644993554116,Clear,10.523892109077744
TRIP_01075,2026-08-21 10:34:51,40.68811217084193,-74.04454094013643,40.71396120202166,-74.00106695948018,Clear,21.237866657292496
TRIP_01076,2026-08-14 07:34:17,40.634970905067014,-74.06991763144012,40.63838318457993,-74.02984537380523,Clear,14.1880666999163
TRIP_01077,2026-08-23 13:51:07,40.691394241951706,-74.05077139804625,40.679649849012876,-74.04339940498376,Rainy,11.892947882501225
TRIP_01078,2026-08-17 07:36:43,40.78783798953172,-74.07282842501574,40.77252704058812,-74.05494263223207,Clear,9.840142713648518
TRIP_01079,2026-08-02 16:12:53,40.755311087105675,-73.93916713211205,40.82218172238687,-73.93451025797552,Clear,16.459401662008986
TRIP_01080,2026-08-14 08:40:08,40.69536739327961,-73.9285680352488,40.74203702575512,-73.91487786843477,Snowy,42.479950452342386
TRIP_01081,2026-08-20 05:11:41,40.69533711478408,-73.98998917110256,40.76725265333892,-73.99900681324199,Clear,20.31211981563544
TRIP_01082,2026-08-22 04:49:38,40.69671824743913,-73.94493525271574,40.732916774461785,-73.91322072389951,Rainy,15.690867328100039
TRIP_01083,2026-08-13 00:37:52,40.81663739917804,-73.99930208097099,40.8237376569196,-73.94704845850154,Clear,10.394870113428013
TRIP_01084,2026-08-21 07:08:38,40.73189677261158,-74.01075558238504,40.791597000286274,-74.01525397327967,Clear,17.84141529034692
TRIP_01085,2026-08-10 07:29:01,40.734302082359555,-74.0226518809527,40.7533100423187,-73.96421379159065,Clear,15.396805330980799
TRIP_01086,2026-08-18 14:31:23,40.764314172701596,-74.02151954956888,40.79093942581031,-73.99811390467454,Clear,10.51391619292711
TRIP_01087,2026-08-06 23:13:24,40.72473945795133,-74.08339007781545,40.74345472657907,-74.05615770852327,Snowy,15.143197935871253
TRIP_01088,2026-08-25 21:31:55,40.699847892708966,-73.99278726181963,40.631440766130446,-74.02377014740786,Clear,23.971260657379243
TRIP_01089,2026-08-18 23:34:29,40.702982507545755,-74.0080166955107,40.771124557914604,-74.04223456479768,Clear,19.630094039495987
TRIP_01090,2026-08-01 22:32:45,40.709219937029296,-73.9687319637961,40.74395005540803,-73.94440847291271,Clear,9.48659333403832
TRIP_01091,2026-08-01 00:03:29,40.71093888817451,-74.00132382517808,40.74083358000057,-73.95763186143911,Clear,14.488467718748701
TRIP_01092,2026-08-12 14:28:27,40.74918147718185,-74.01413518507846,40.76732819531373,-74.01427659838781,Rainy,13.268713801716029
TRIP_01093,2026-08-04 09:42:37,40.71539729429037,-74.04955965150039,40.74030012890195,-73.97945683448289,Clear,30.143649134310646
TRIP_01094,2026-08-10 11:02:14,40.74943200386078,-74.00239233815891,40.75151363578539,-73.96034425893129,Rainy,16.59265368963899
TRIP_01095,2026-08-16 09:21:22,40.70876417099457,-73.9690881384592,40.74726155156379,-73.97633837601043,Rainy,26.527463655525214
TRIP_01096,2026-08-11 15:48:45,40.7167317595158,-74.06316694955419,40.697518809183826,-74.04224148954258,Clear,9.729698907516688
TRIP_01097,2026-08-16 13:05:41,40.6128899657734,-74.00162631231596,40.638472018747514,-73.90731843830426,Clear,23.57012029393082
TRIP_01098,2026-08-17 22:30:41,40.758616383735124,-73.99434785242353,40.795463587852254,-74.01162477250752,Clear,8.542780104014687
TRIP_01099,2026-08-21 09:45:19,40.7301244237949,-74.04190323918091,40.74416434978021,-74.00605514101346,Clear,16.798291033853367
TRIP_01100,2026-08-17 08:14:38,40.76270050549299,-74.0353928152454,40.793826539267116,-74.0250751518271,Clear,20.031358757115047
TRIP_01101,2026-08-02 03:51:23,40.567987231090314,-73.99446945756169,40.55824719932328,-73.95326256883413,Snowy,15.136678922198586
TRIP_01102,2026-08-18 10:36:25,40.81721873523904,-74.06267105091463,40.80824393211216,-74.00465284152509,Clear,25.595400681596065
TRIP_01103,2026-08-08 21:51:04,40.70582051859224,-73.98850381423753,40.73292203222303,-73.98009092689887,Clear,9.683228787125497
TRIP_01104,2026-08-02 04:34:31,40.76820914083688,-74.05076771868296,40.80856563047551,-73.99720035053174,Clear,14.667967610234424
TRIP_01105,2026-08-12 18:38:50,40.66080470364373,-73.95285731534834,40.624558733978674,-73.86622121352018,Clear,39.706226889140304
TRIP_01106,2026-08-04 22:45:18,40.74343869525313,-73.88910861273058,40.77909931430646,-73.86712037061025,Clear,10.038081337986423
TRIP_01107,2026-08-18 06:31:46,40.660129221841316,-74.04903784008509,40.663833176830025,-74.00549117946026,Clear,11.912959923762799
TRIP_01108,2026-08-21 00:43:25,40.68161155196521,-73.97928960688127,40.69582736934599,-73.97700282998737,Clear,5.187884797443274
TRIP_01109,2026-08-24 18:58:22,40.80850156769334,-74.04233709524411,40.78831602998639,-74.02175931597317,Clear,19.169457524527832
TRIP_01110,2026-08-06 12:30:05,40.70326587996183,-73.95395229131012,40.69771736275623,-73.93925254409136,Clear,5.845191486519878
TRIP_01111,2026-08-13 14:47:39,40.72367164365899,-74.06926292045426,40.7726554034249,-74.02535484268451,Snowy,30.438359148254907
TRIP_01112,2026-08-13 12:59:51,40.75630338653444,-73.98197066207861,40.777289287753845,-73.9258303840059,Clear,17.041843197683985
TRIP_01113,2026-08-20 11:50:16,40.737584094398635,-74.04964944834447,40.746100742347345,-74.03293909381799,Rainy,8.63788726162601
TRIP_01114,2026-08-03 14:48:37,40.72032094525718,-74.01634922945492,40.736826294678245,-73.95034054408293,Clear,15.740181427346545
TRIP_01115,2026-08-24 18:29:43,40.73104805012331,-74.05755126375736,40.76572440486324,-73.99164984051052,Rainy,44.369512944702095
TRIP_01116,2026-08-04 20:54:43,40.83297077926191,-73.96488247645522,40.866185614146815,-73.91947686415982,Clear,23.970934487330414
TRIP_01117,2026-08-22 01:06:15,40.70991906014832,-74.04784901772197,40.72766825013642,-74.04332981367362,Rainy,13.09203699492924
TRIP_01118,2026-08-24 11:47:45,40.72285495233575,-73.9784017870334,40.775643725662654,-73.97675665153561,Rainy,23.856362490606486
TRIP_01119,2026-08-01 21:26:08,40.765332719800384,-74.02320490141312,40.81444659890759,-74.02757634205382,Rainy,17.65468894171746
TRIP_01120,2026-08-07 04:29:41,40.7680762966479,-74.01172361858994,40.80047745752181,-73.96324863648279,Rainy,12.315197489782872
TRIP_01121,2026-08-10 17:06:56,40.77215151527802,-73.99861220462999,40.79378986876532,-74.01496525085467,Clear,19.03904678493795
TRIP_01122,2026-08-18 12:10:09,40.74473651110146,-74.04409123358295,40.78445614395504,-74.00378610395961,Clear,13.900222185425921
TRIP_01123,2026-08-22 08:46:13,40.65564975436348,-73.99548164432295,40.68507777701752,-74.00791492475767,Clear,20.918682872480414
TRIP_01124,2026-08-03 23:13:52,40.79447157661506,-73.92948327178227,40.84629557876924,-73.88477688818702,Clear,15.798923224764561
TRIP_01125,2026-08-16 22:27:34,40.655482730349064,-74.04490473929164,40.702469571651214,-74.02438815180972,Clear,13.052682900402937
TRIP_01126,2026-08-08 01:55:33,40.72793177326195,-73.94740949283631,40.71738415621942,-73.88740033598052,Clear,11.165589257201836
TRIP_01127,2026-08-23 17:06:48,40.675086207499035,-73.93109511832562,40.66250731237678,-73.87685148097597,Clear,29.422265151645902
TRIP_01128,2026-08-06 09:06:03,40.70959308267035,-74.0468077494514,40.70855559633823,-73.98375578709134,Clear,26.517629724348176
TRIP_01129,2026-08-11 15:58:48,40.72923812051518,-74.07875273025452,40.778522281217185,-74.01492816870585,Clear,21.560090283273425
TRIP_01130,2026-08-06 19:30:18,40.72886786077252,-73.99090195499141,40.70157859086938,-73.96659302997178,Clear,24.58088104878182
TRIP_01131,2026-08-20 21:20:17,40.733896037711766,-74.03337037613835,40.76573875938501,-74.04813416813109,Clear,10.467905683926775
TRIP_01132,2026-08-15 01:50:26,40.79348556345293,-73.91256983904185,40.824361856185725,-73.92414553069177,Clear,12.279616955496751
TRIP_01133,2026-08-06 11:29:32,40.7354767150757,-74.00425962297501,40.79035615683628,-74.0468650788545,Snowy,32.03979802371212
TRIP_01134,2026-08-23 23:22:42,40.70059216823547,-74.04610997040176,40.72600232895538,-74.0586199454046,Rainy,12.142333429142486
TRIP_01135,2026-08-19 21:30:03,40.76100435841442,-74.06335797555059,40.7407080766969,-74.04129326581945,Clear,10.534439387571378
TRIP_01136,2026-08-21 18:52:37,40.772273524446234,-73.95150475204547,40.76349287562679,-73.94829437747022,Clear,8.891445201337683
TRIP_01137,2026-08-08 21:08:30,40.65141960924315,-74.03455919870422,40.63595974358621,-74.01996326683651,Clear,11.143985846537083
TRIP_01138,2026-08-10 09:29:09,40.74267000349249,-74.00380856002698,40.7465316845025,-73.96902709744315,Clear,13.827620382343433
TRIP_01139,2026-08-04 17:43:56,40.74785863711555,-73.95820986274438,40.76237159009283,-73.94733182048635,Clear,13.747640192535778
TRIP_01140,2026-08-11 15:18:42,40.697921824832,-74.03021291759654,40.68295857904537,-74.04386778160892,Snowy,14.473617437608755
TRIP_01141,2026-08-23 03:11:59,40.78158534066558,-74.00829644143701,40.84570520038515,-73.98989345146391,Snowy,22.738085640136035
TRIP_01142,2026-08-17 23:12:59,40.705297220648376,-74.00682842049113,40.685538779489804,-74.01378313509431,Rainy,7.728529233239131
TRIP_01143,2026-08-04 05:38:07,40.71907882267358,-73.9718337744242,40.779461925389455,-73.95995736933357,Clear,15.3511125745418
TRIP_01144,2026-08-02 08:09:50,40.70414640878581,-73.97646278322448,40.75970129972899,-73.91617947429178,Clear,32.89904394860839
TRIP_01145,2026-08-01 15:49:07,40.71357895237907,-74.01700568656274,40.76052802886974,-74.00512084568562,Clear,15.103024972886606
TRIP_01146,2026-08-10 21:42:48,40.657986245655245,-74.00281754692517,40.65717324743034,-73.92968882032474,Clear,15.508764356707676
TRIP_01147,2026-08-25 06:57:58,40.640797455870285,-74.02458895057617,40.67107098224559,-73.96163987096803,Clear,17.666863527930012
TRIP_01148,2026-08-03 06:37:34,40.79252525316125,-74.07988062034597,40.77420411915473,-74.07725977960335,Clear,8.447769641244449
TRIP_01149,2026-08-08 00:04:55,40.670451932584086,-73.99311995713009,40.7177791436351,-74.00645367012257,Rainy,13.111113262606796
TRIP_01150,2026-08-19 12:25:42,40.66323038252719,-73.91139041195835,40.681010839081104,-73.89296703681596,Rainy,12.636043205946303
TRIP_01151,2026-08-22 10:33:40,40.605130494319816,-74.05018595703456,40.61285088788222,-73.99558612413266,Clear,20.518903117164175
TRIP_01152,2026-08-02 20:50:25,40.68085191261552,-74.04465148548013,40.664139567215834,-74.03935721266699,Rainy,22.43987812034107
TRIP_01153,2026-08-12 08:40:22,40.64664551032963,-74.04953638858218,40.59232032677075,-74.00229367963432,Clear,30.378720842079357
TRIP_01154,2026-08-10 04:08:54,40.79490075800682,-73.96977041106385,40.78374453229574,-73.91351721138976,Clear,16.876002336342708
TRIP_01155,2026-08-18 09:48:57,40.76329085446714,-73.98357572729017,40.81667480033553,-73.98679649680105,Clear,28.94888803776607
TRIP_01156,2026-08-10 13:35:09,40.67839248274112,-74.01392688462083,40.68630747988687,-74.01420841726949,Clear,6.500316932204378
TRIP_01157,2026-08-24 21:49:36,40.825421790267214,-74.05190095308195,40.84034192455376,-74.01052109211814,Clear,13.871920839183655
TRIP_01158,2026-08-09 05:47:21,40.76188827434958,-74.001381160418,40.801554905098236,-73.97682573392876,Clear,7.614400346396965
TRIP_01159,2026-08-23 15:10:52,40.696558430824574,-74.08423110636679,40.770728497168065,-74.08481295216309,Snowy,38.4661935235916
TRIP_01160,2026-08-15 18:34:47,40.58782971425632,-73.99882867165712,40.647579853904695,-73.98939408510071,Clear,31.448692927561556
TRIP_01161,2026-08-21 19:36:40,40.82734712862954,-73.9624237806956,40.818177078515056,-73.94453936727743,Snowy,26.604400509925124
TRIP_01162,2026-08-05 03:12:51,40.643321376661824,-74.06855995683168,40.6050442595187,-74.09550558958034,Clear,10.265817761387886
TRIP_01163,2026-08-17 19:43:51,40.630530062652156,-74.08262591384148,40.72131849042516,-74.03965662064701,Clear,46.37047176811657
TRIP_01164,2026-08-25 19:38:32,40.763928521600484,-73.92702810541526,40.851998269950265,-73.92138887108344,Clear,43.93358966224936
TRIP_01165,2026-08-16 06:29:01,40.834787620316966,-74.03658798197523,40.860441228209844,-74.10009946868918,Clear,17.265796650490465
TRIP_01166,2026-08-12 10:39:00,40.78201364092553,-73.94920260770282,40.76389899355807,-73.9299187367521,Clear,16.2255510258238
TRIP_01167,2026-08-03 07:25:39,40.74099545600262,-74.01369988325989,40.78989225201944,-74.01594702102669,Clear,-99.0
TRIP_01168,2026-08-11 20:04:39,40.742537717083266,-74.01409774084706,40.75929820650289,-73.94343307507798,Rainy,37.63992646597853
TRIP_01169,2026-08-21 08:16:36,40.75547077793902,-73.98407936502517,40.77208134424582,-73.98164271565277,Clear,18.610902528915748
TRIP_01170,2026-08-19 18:01:50,40.75074642948934,-74.05019994283732,40.79758019478249,-74.06312924374468,Clear,28.616922738239456
TRIP_01171,2026-08-23 14:39:27,40.72685957119847,-73.99937514282522,40.75689081360466,-73.96413716272636,Clear,14.811432620452507
TRIP_01172,2026-08-24 07:00:45,40.718010055197595,-74.0250744707412,40.702435607867145,-74.02488789178143,Rainy,10.322882200688777
TRIP_01173,2026-08-11 06:17:26,40.709670343605026,-74.07202467217026,40.71992808555257,-74.07540835820782,Clear,5.60313128972112
TRIP_01174,2026-08-15 09:35:20,40.675101770556665,-73.98912589626369,40.71493635841651,-73.95384085477896,Clear,25.376076331726118
TRIP_01175,2026-08-01 13:19:51,40.698766246156666,-74.0191653903439,40.73407381282882,-74.03037940958059,Clear,13.654913427137929
TRIP_01176,2026-08-25 08:44:26,40.62815215929023,-74.01385124142223,40.656012656520986,-74.03756945116821,Clear,-99.0
TRIP_01177,2026-08-17 23:51:03,40.70788301866026,-74.06650804717071,40.75588570729454,-73.99472810710789,Snowy,32.89659979040828
TRIP_01178,2026-08-05 17:30:48,40.66337044464245,-73.92642998161186,40.672518935007936,-73.88904501948385,Clear,-99.0
TRIP_01179,2026-08-21 06:09:08,40.65762053413921,-73.96216429068069,40.682980627395786,-73.95009056923053,Rainy,10.762087648065599
TRIP_01180,2026-08-13 17:11:07,40.72179470755768,-73.9577922057914,40.64052733455235,-73.93789652208247,Clear,41.16654070303644
TRIP_01181,2026-08-23 17:04:06,40.782400114317234,-74.02127223512208,40.78891060850195,-73.9860963043786,Clear,20.647084841330024
TRIP_01182,2026-08-15 02:17:37,40.75871583030012,-74.09245914447517,40.80163291755739,-74.04325902098677,Snowy,23.188179116115517
TRIP_01183,2026-08-06 19:32:20,40.63427496981884,-73.90835413087552,40.642563135805325,-73.91103338961497,Clear,12.328476695028028
TRIP_01184,2026-08-17 10:58:55,40.66331859317148,-74.0090548754003,40.66933177141997,-73.97807047962132,Rainy,17.331357679814026
TRIP_01185,2026-08-02 08:18:37,40.75983855939941,-74.043439989801,40.74859497084617,-74.0386411150873,Clear,14.0330702250238
TRIP_01186,2026-08-25 06:03:02,40.663675630323084,-73.98515992127585,40.71377660710496,-73.97082935861123,Clear,12.650089188360463
TRIP_01187,2026-08-02 09:09:48,40.70156834250015,-73.94764396059983,40.73802224070637,-73.92282317457588,Clear,19.451491772117155
TRIP_01188,2026-08-16 00:43:19,40.74030260495123,-74.00715252780428,40.785065042885925,-73.98735288499586,Snowy,19.0486640585105
TRIP_01189,2026-08-20 09:00:15,40.66438277725682,-73.94207124160303,40.63259635839808,-73.90000423465395,Rainy,31.04156652478666
TRIP_01190,2026-08-11 03:34:56,40.7180687753073,-73.95185000307416,40.73325527400933,-73.91723740630069,Clear,6.147037954127595
TRIP_01191,2026-08-13 20:14:56,40.64609872525409,-74.0598190593701,40.65769539502159,-74.08506413565127,Clear,15.84203426443693
TRIP_01192,2026-08-10 05:10:56,40.68273161780244,-74.03968950528298,40.69431446660448,-74.06042420149494,Clear,9.77221367643772
TRIP_01193,2026-08-01 19:35:29,40.728789096707125,-73.95812314183601,40.73030827039559,-73.94921464237879,Clear,11.545233181660086
TRIP_01194,2026-08-10 21:57:14,40.63315031332342,-74.14163062819053,40.642767185170015,-74.06677187031727,Clear,18.679886453802112
TRIP_01195,2026-08-01 20:14:02,40.73482373689802,-74.01347278465825,40.78031308037922,-74.0190205396333,Clear,24.814512909622568
TRIP_01196,2026-08-01 05:18:03,40.71181811005367,-74.07754156008123,40.67443256945324,-74.06378824136961,Rainy,14.069125343238136
TRIP_01197,2026-08-12 01:16:57,40.74042449772086,-74.02982769007167,40.813743340761775,-74.02591807088037,Rainy,21.899667323071974
TRIP_01198,2026-08-06 11:14:16,40.723995706703235,-74.02094100445146,40.75851094045403,-74.0175623359741,Rainy,14.91545548331261
TRIP_01199,2026-08-01 13:54:01,40.781007021498695,-74.02391221889538,40.799737064628886,-73.99856502657822,Snowy,18.535914834994085
TRIP_01200,2026-08-04 19:01:53,40.7190612251324,-74.03361306260562,40.76626624952359,-73.97158974431976,Clear,31.87882128951528
TRIP_01201,2026-08-14 17:59:39,40.69132972294374,-74.06085718248144,40.667774680588685,-74.02717813048503,Rainy,30.658035452051127
TRIP_01202,2026-08-20 00:47:38,40.71891487515162,-73.89140443665907,40.71897384799709,-73.89551036550189,Clear,3.754768664552923
TRIP_01203,2026-08-06 21:26:18,40.73996490145182,-73.91262689979193,40.7563326384801,-73.81003001446784,Snowy,38.01533242952095
TRIP_01204,2026-08-10 22:05:25,40.715243003516285,-74.06410329101281,40.77620981462925,-74.04174609438398,Clear,16.961083365196487
TRIP_01205,2026-08-10 18:02:51,40.71482958456019,-73.92689416243482,40.7334346871264,-73.92421079112628,Clear,17.35607992251556
TRIP_01206,2026-08-03 19:05:48,40.677700415609664,-74.02597327452364,40.71120205574522,-73.96361038328331,Rainy,41.21949525399121
TRIP_01207,2026-08-18 09:37:59,40.679654954122455,-73.99954062633341,40.68196758424437,-73.99361274487173,Snowy,14.424843419700618
TRIP_01208,2026-08-13 05:11:45,40.642669736410014,-74.00916369799485,40.677274998479035,-73.93927628834523,Rainy,22.500096070036463
TRIP_01209,2026-08-17 21:26:59,40.80027883715935,-74.0389874320627,40.87059602494858,-74.0451067157917,Rainy,24.192950750379072
TRIP_01210,2026-08-25 07:57:04,40.65060683823044,-73.95680738281969,40.70047263898066,-73.89390647115205,Clear,21.60580907696393
TRIP_01211,2026-08-04 05:42:29,40.67815474011021,-73.99970567347117,40.695711060476874,-73.97367424354272,Rainy,8.115089290485198
TRIP_01212,2026-08-05 21:13:09,40.676879636721544,-74.02982757116096,40.71714436213951,-73.9710960041799,Rainy,25.691855596993257
TRIP_01213,2026-08-11 02:22:07,40.757546218847224,-74.07122947219003,40.79487172748544,-73.99417650092899,Rainy,23.241573616261366
TRIP_01214,2026-08-21 04:27:51,40.6980525160854,-74.05067975068596,40.733250146236315,-74.0646579694016,Clear,6.714400411746772
TRIP_01215,2026-08-21 09:26:39,40.77518710363369,-74.0880690057801,40.8285457044595,-74.02979585115735,Clear,33.53273277656148
TRIP_01216,2026-08-21 08:28:59,40.67912546878781,-74.00538882257923,40.732259799902934,-74.02765593971199,Clear,28.57059630916563
TRIP_01217,2026-08-15 00:54:36,40.72674970811119,-74.06583327961422,40.74293495020495,-74.07724881027167,Clear,8.671080590938002
TRIP_01218,2026-08-15 03:50:27,40.671032647337015,-74.01927802562592,40.710289019181346,-74.0233803094197,Snowy,19.440791462449788
TRIP_01219,2026-08-10 22:27:33,40.82005745638867,-73.93749490731948,40.82856460875387,-73.90238580823414,Clear,7.038482437833708
TRIP_01220,2026-08-05 17:54:05,40.65342007904852,-73.94603502135392,40.645727907159056,-73.92504454504588,Clear,15.645281453017223
TRIP_01221,2026-08-10 14:22:27,40.728291035511354,-74.00761384470513,40.740206222840236,-73.99262792723002,Snowy,18.052060758701916
TRIP_01222,2026-08-09 12:49:24,40.74448884404661,-74.01035423630715,40.76220049949442,-73.98596717793649,Clear,8.475928321906707
TRIP_01223,2026-08-07 01:15:57,40.733489954872574,-73.91200627252896,40.70364252519723,-73.87426758485014,Clear,12.000606228254034
TRIP_01224,2026-08-02 03:01:48,40.70353561705612,-73.97996219398206,40.74934559383862,-73.93991475026382,Clear,16.07897704296805
TRIP_01225,2026-08-06 09:13:26,40.70630896501333,-74.02239032299383,40.643289202335254,-73.96956531792537,Clear,-99.0
TRIP_01226,2026-08-15 20:11:50,40.71499057359895,-74.07730090585602,40.816435081783546,-74.00269986147299,Clear,52.648744409325786
TRIP_01227,2026-08-11 00:56:39,40.70544989991858,-73.98630633909177,40.77050627393247,-73.96694721026502,Rainy,18.092116095265194
TRIP_01228,2026-08-22 05:43:51,40.760993955839744,-73.96453381137086,40.77316369411457,-73.96016648023479,Clear,7.033631820841887
TRIP_01229,2026-08-16 17:43:51,40.823326150079566,-74.03758257622569,40.84360894089648,-73.99917649235013,Clear,20.636341753135707
TRIP_01230,2026-08-02 06:30:40,40.68492541074961,-73.9914398622431,40.714014566957225,-74.00576750673103,Clear,11.63472654567716
TRIP_01231,2026-08-18 08:56:07,40.64430985102105,-74.02417866474575,40.64663503938138,-74.02453978870909,Clear,11.575624894072263
TRIP_01232,2026-08-01 04:47:13,40.70838589758244,-74.01520161995995,40.73416447201004,-73.96522019156816,Clear,12.049300558130673
TRIP_01233,2026-08-13 10:19:22,40.84178546688272,-74.13039110287812,40.85746546755167,-74.11411495412266,Clear,13.53805436413528
TRIP_01234,2026-08-13 14:29:55,40.67261627160151,-74.0170890701858,40.68978809008458,-74.03333484393654,Rainy,12.860848165772298
TRIP_01235,2026-08-16 12:39:17,40.7947558402722,-73.95753153487959,40.82019967217662,-73.98222562684055,Clear,11.883799925587187
TRIP_01236,2026-08-19 14:41:22,40.79668504070382,-74.03757012777832,40.7772792067532,-74.0161086273965,Clear,11.53415374133632
TRIP_01237,2026-08-04 05:07:55,40.685120587914604,-74.00337368158924,40.70630767963861,-73.9491167854802,Clear,15.470665703865825
TRIP_01238,2026-08-07 11:17:49,40.74124915395927,-74.04379753533459,40.76615258635779,-73.98994116200865,Clear,16.423240555133095
TRIP_01239,2026-08-19 03:32:04,40.794219831156425,-73.98797791618536,40.818085319797106,-73.96465150109857,Clear,13.349205263160947
TRIP_01240,2026-08-07 10:20:22,40.69384361295063,-74.01682615987681,40.707368690287545,-73.93655887730392,Clear,31.091854320737305
TRIP_01241,2026-08-21 10:41:55,40.70262098199488,-74.0529620770341,40.756756715273966,-74.03610668801231,Snowy,45.71121082314372
TRIP_01242,2026-08-07 15:32:26,40.68371595430257,-73.93937242661674,40.69310637765612,-73.92352945531866,Clear,12.96757202850812
TRIP_01243,2026-08-01 11:15:04,40.66206216346536,-73.95955339932338,40.68888194067005,-74.01657647661555,Clear,16.067383763201697
TRIP_01244,2026-08-14 17:40:33,40.6803361227467,-74.03624533819641,40.73925504876447,-74.02966622667124,Rainy,40.360808443168295
TRIP_01245,2026-08-12 09:33:14,40.651602986661885,-73.9811105845291,40.66922170246128,-73.93555013348185,Clear,26.45100603692619
TRIP_01246,2026-08-04 18:53:03,40.71450417341296,-73.97912939985898,40.740938071436986,-73.91221055975319,Clear,30.42631270043342
TRIP_01247,2026-08-25 08:12:41,40.67430133844707,-73.97388493824944,40.69140979935763,-73.97879197725946,Clear,12.685149691632407
TRIP_01248,2026-08-14 02:34:51,40.72448929558954,-74.09071279479976,40.78161038939645,-74.05684522492096,Snowy,24.635935422614413
TRIP_01249,2026-08-16 08:13:21,40.63500521768982,-73.95566967294837,40.64727348084224,-73.90426330197867,Snowy,38.66430792143502
TRIP_01250,2026-08-16 08:23:22,40.72934401161073,-74.03448494814629,40.78784464892937,-74.0141487035504,Clear,31.387174960262982
TRIP_01251,2026-08-05 12:14:56,40.754476448080446,-74.02389139667207,40.77136881124103,-74.0723898103979,Clear,8.693972197620297
TRIP_01252,2026-08-04 13:51:55,40.61311321787143,-73.874105912387,40.607329426167986,-73.84668721239977,Clear,11.657437640250052
TRIP_01253,2026-08-20 06:35:26,40.73150282849238,-73.99090633096395,40.7718840236096,-73.94806341224212,Clear,15.412352629725605
TRIP_01254,2026-08-17 08:03:02,40.77418344962366,-74.02531612377236,40.785043414610996,-74.0337388106229,Clear,11.655561359851154
TRIP_01255,2026-08-19 08:39:57,40.65231794906544,-74.1162647186378,40.69093297603842,-74.10388935456403,Clear,25.57061027655156
TRIP_01256,2026-08-07 06:35:18,40.79642861934189,-73.93651179330269,40.73454648779418,-73.95117667456655,Rainy,25.103053406843
TRIP_01257,2026-08-12 19:37:11,40.733750950468306,-74.07326048354044,40.75390710832515,-74.13036490999785,Clear,29.00146816527654
TRIP_01258,2026-08-20 03:01:46,40.677549407212084,-74.05617194517498,40.68376124824936,-74.00536181282135,Clear,10.84670765975811
TRIP_01259,2026-08-23 05:17:52,40.710011546117116,-74.0225676149544,40.69811378552118,-74.00268007096845,Rainy,11.169277796584755
TRIP_01260,2026-08-22 04:03:42,40.74071634562609,-73.93517941041499,40.744119115570896,-73.86724916051384,Rainy,20.365680438904146
TRIP_01261,2026-08-11 08:34:10,40.71660026957062,-73.96733800066671,40.71938917524184,-73.92161833490952,Clear,15.419844536705114
TRIP_01262,2026-08-02 08:30:55,40.73973779962232,-74.013891875492,40.7582982257768,-74.00451816834197,Snowy,27.790143290832198
TRIP_01263,2026-08-25 09:31:42,40.666766320346035,-73.99058539681806,40.64574652650749,-73.97308081662119,Clear,19.94097670187891
TRIP_01264,2026-08-03 16:10:16,40.7212680412018,-74.03601928464356,40.75075625460959,-73.99903396292045,Clear,15.04915026929406
TRIP_01265,2026-08-19 03:01:23,40.64211427515475,-73.99901731552173,40.70310071871093,-73.95001081301905,Clear,15.351801746587746
TRIP_01266,2026-08-14 14:27:02,40.70723869693256,-74.00233316276109,40.735666551841,-73.97265304383883,Clear,10.757309783666923
TRIP_01267,2026-08-20 21:57:44,40.66760461792676,-73.95756150521593,40.71187427620363,-73.90439371085725,Clear,23.039374350076898
TRIP_01268,2026-08-22 12:49:21,40.676023502870514,-73.95764109387805,40.728860376508926,-73.94654115597828,Clear,15.088505677640418
TRIP_01269,2026-08-20 20:30:06,40.77460465876052,-73.98130113088972,40.83169934412605,-73.99121543729329,Clear,35.086977492714745
TRIP_01270,2026-08-23 15:47:53,40.76736550602971,-74.0241173778773,40.84346966681435,-74.00606165548413,Clear,22.976561399705176
TRIP_01271,2026-08-06 05:03:34,40.74325690604536,-73.9689088852805,40.74828084609708,-73.94275333855842,Clear,11.728666969370153
TRIP_01272,2026-08-01 02:18:08,40.658184361766374,-74.01059842331016,40.65662984221154,-74.02664448515233,Clear,5.546761496967205
TRIP_01273,2026-08-14 18:55:55,40.696979577515265,-74.06009571843566,40.74048354696501,-74.08019738096006,Clear,24.23659892110193
TRIP_01274,2026-08-19 12:21:47,40.77345488499896,-74.02616438959555,40.814702871588686,-73.99274280070135,Clear,15.765803374726222
TRIP_01275,2026-08-08 23:25:47,40.71988584568199,-74.00177365081079,40.763156104670465,-73.99396435635191,Clear,8.797035970768302
TRIP_01276,2026-08-09 08:55:54,40.828766476999085,-73.96048921081676,40.905444950626595,-73.94546443798662,Snowy,65.84341262436153
TRIP_01277,2026-08-03 06:51:49,40.73246589196972,-74.01517640860786,40.75280698923367,-74.00596718857888,Rainy,13.976095177963215
TRIP_01278,2026-08-24 01:32:11,40.7224024558245,-74.06645993556198,40.755187152613885,-74.00084190850909,Clear,16.15172372900294
TRIP_01279,2026-08-16 11:52:09,40.697344176789876,-74.00316291583516,40.68793252924537,-73.94531008102331,Clear,16.53470179185302
TRIP_01280,2026-08-09 20:26:17,40.71947704523912,-74.00032719799717,40.803536678958395,-74.01744780869834,Clear,41.66008693532226
TRIP_01281,2026-08-04 07:22:20,40.705176508180976,-73.99670811855486,40.7150801605447,-73.99269191494727,Clear,7.040121678549394
TRIP_01282,2026-08-04 15:20:22,40.74820543383443,-73.96000642420228,40.758958955989605,-73.91450629616318,Clear,13.250336855869538
TRIP_01283,2026-08-21 07:38:54,40.76063511583973,-73.95505383799551,40.770232619109485,-73.9169957508824,Clear,15.644111187557964
TRIP_01284,2026-08-25 23:12:59,40.67350052697461,-74.03571054361909,40.67415365121528,-74.01695428248898,Clear,4.219341506490139
TRIP_01285,2026-08-08 21:06:23,40.646238352322115,-74.03680717290244,40.64435524085668,-74.05093517905136,Clear,5.963292726112344
TRIP_01286,2026-08-05 17:54:25,40.620989731344835,-74.05800993554777,40.62527860285815,-74.05848613693237,Clear,9.997066331357344
TRIP_01287,2026-08-19 09:10:39,40.73819956634563,-73.97105921648598,40.7172256885041,-73.96656224351237,Clear,14.213583015387401
TRIP_01288,2026-08-06 10:47:29,40.657631669691305,-73.93355899458311,40.65407213208341,-73.90524916464953,Snowy,23.850737808155607
TRIP_01289,2026-08-04 01:12:38,,,40.683624363695806,-73.95064228175453,Clear,15.533141326267426
TRIP_01290,2026-08-17 22:44:09,40.73222893022655,-74.01807152823625,40.774298584535785,-74.0186779352799,Clear,7.831448657230196
TRIP_01291,2026-08-13 09:38:41,40.83744997587164,-73.93266087215505,40.88522710117348,-73.94344192958171,Clear,27.444085195263135
TRIP_01292,2026-08-16 02:35:59,,,40.76781271804551,-73.96397970164409,Clear,14.08044444378823
TRIP_01293,2026-08-04 03:15:40,40.754724538722584,-73.98418821475995,40.829748575653454,-73.93323604534453,Clear,20.67975626178257
TRIP_01294,2026-08-06 09:56:27,40.71689146792738,-74.06554582529868,40.68374879138407,-74.08895231430151,Clear,20.21190360223593
TRIP_01295,2026-08-04 22:11:41,40.70785551734044,-73.97206359653603,40.690959023881845,-73.90845457200979,Clear,12.894442741150517
TRIP_01296,2026-08-12 18:28:18,40.75875382414939,-74.05245681702549,40.75464211432255,-74.03761775788895,Rainy,21.15480773699336
TRIP_01297,2026-08-22 23:32:35,40.69828627279057,-74.06270100929675,40.70419437889588,-74.06473060936615,Clear,8.191629769525175
TRIP_01298,2026-08-13 07:53:45,40.7261696157036,-74.02333857883833,40.73715253398604,-74.0513442574412,Clear,12.198068667670979
TRIP_01299,2026-08-16 01:07:12,40.7288848903098,-74.03528963617244,40.73547556372562,-73.99409401296981,Snowy,16.85447016210693
TRIP_01300,2026-08-01 11:48:06,40.67939547731785,-74.01707998471925,40.70597474471181,-74.0022151205765,Clear,12.456378254118642
TRIP_01301,2026-08-16 13:41:34,40.762402117476825,-74.07804908172625,40.783460979199184,-74.05292791724361,Clear,12.05261104847191
TRIP_01302,2026-08-12 07:47:56,40.70405201216523,-73.95805918467661,40.70236696830988,-73.96508353690696,Clear,5.908279907303168
TRIP_01303,2026-08-24 00:16:37,40.67501274202536,-73.94961568527418,40.62974627871573,-73.93918856630171,Clear,11.366758640448783
TRIP_01304,2026-08-01 23:46:44,40.73962549217852,-74.10336712370705,40.729839431017155,-74.09796456109768,Clear,8.131991340520118
TRIP_01305,2026-08-06 20:44:53,40.667876600910446,-73.95707710971668,40.67139944131107,-73.94009490287803,Clear,11.754261964092729
TRIP_01306,2026-08-04 00:54:09,40.71420905786846,-74.04652643149109,40.72679667476423,-74.04661300128237,Clear,9.214233596150807
TRIP_01307,2026-08-25 03:12:35,40.71234405016779,-73.96315122315086,40.698454026388475,-73.98917665197148,Clear,7.741818714207305
TRIP_01308,2026-08-16 08:30:03,40.76709477829158,-74.00942232463332,40.77237058429669,-73.90756733227443,Clear,32.88385697295082
TRIP_01309,2026-08-20 07:26:35,40.736534911644,-74.00456122179595,40.72260528998943,-74.02546334921608,Rainy,11.507203290609375
TRIP_01310,2026-08-09 10:23:36,40.711548652062746,-74.01525488247105,40.72777407151629,-73.98981111226279,Rainy,20.308895714167857
TRIP_01311,2026-08-09 07:29:25,40.753688314960016,-73.94539353978833,40.741495575109134,-73.97855437464105,Clear,10.05885648864945
TRIP_01312,2026-08-04 19:00:19,40.78231037745087,-74.06797940062626,40.776843237759756,-74.1078908237248,Snowy,35.01238996813746
TRIP_01313,2026-08-13 23:27:27,40.740690515317596,-73.97560798306326,40.72142999138792,-73.95267318830768,Clear,7.348099961750992
TRIP_01314,2026-08-05 21:51:29,40.71331763099217,-73.95093349175552,40.72871261012508,-73.92570246412247,Rainy,12.981492118102143
TRIP_01315,2026-08-21 09:15:07,40.64720818838249,-73.97018299597298,40.64121475528392,-73.9123380262489,Clear,-99.0
TRIP_01316,2026-08-12 02:25:35,40.65954431684623,-73.88976505428383,40.70674784484649,-73.85777864905336,Rainy,19.002272695309397
TRIP_01317,2026-08-17 20:51:21,40.697538764782266,-74.03244733813624,40.729714272783056,-74.01694165969862,Snowy,38.12097516493967
TRIP_01318,2026-08-22 12:57:37,40.68232438989204,-73.95813475887033,40.70022883384653,-73.96662276619227,Clear,9.8832376694052
TRIP_01319,2026-08-03 13:06:02,40.70345143485073,-74.01130453176707,40.699526869930416,-73.94633416972006,Clear,16.003626342334794
TRIP_01320,2026-08-06 12:45:14,40.71563249624486,-73.94432969618236,40.747048105404346,-73.89646415880085,Rainy,21.45394177087226
TRIP_01321,2026-08-16 00:14:55,40.73928463771784,-74.00638444978607,40.780005664398296,-74.02377433411853,Clear,11.707698787744656
TRIP_01322,2026-08-07 08:46:13,40.709275061097046,-74.02539378909313,40.7335557134631,-74.00425487724681,Clear,17.057231948447082
TRIP_01323,2026-08-19 23:49:40,40.73712508219131,-73.94069638980642,40.80523613785532,-73.91637482286062,Clear,14.716650475141456
TRIP_01324,2026-08-01 11:09:06,40.71602372074051,-74.03057809695095,40.74981284028275,-74.02094770664911,Clear,13.10806951602086
TRIP_01325,2026-08-14 00:14:53,40.61402667168231,-74.07663628794502,40.66143488820935,-74.03348077337081,Clear,16.79791886992573
TRIP_01326,2026-08-01 12:19:54,40.66583323030906,-74.03184234415869,40.689840192775144,-73.98689035000824,Clear,13.814446392331869
TRIP_01327,2026-08-02 02:35:15,40.70559562221392,-73.97504835267057,40.745865555811626,-73.96076292360472,Clear,10.017159278005085
TRIP_01328,2026-08-22 11:56:35,40.65231526285795,-73.93639806242065,40.64841182587787,-73.92482413979458,Snowy,11.620700953683897
TRIP_01329,2026-08-22 11:38:51,40.74279643649981,-74.00044353123518,40.74904448560343,-73.93547477735515,Clear,14.911316065687926
TRIP_01330,2026-08-22 02:36:43,40.789337541617186,-73.9400901466383,40.81981844822166,-73.89210497986743,Clear,11.102093093261553
TRIP_01331,2026-08-12 19:22:21,40.773738092584864,-74.07390874607388,40.804001077031586,-74.05173793437663,Clear,19.965901750856258
TRIP_01332,2026-08-07 21:43:01,40.702127856453494,-74.0281631732409,40.737356211141794,-74.0570394444133,Rainy,18.00133389614903
TRIP_01333,2026-08-14 22:15:23,40.7873363068425,-74.02042875585771,40.84034809361086,-73.99010875266856,Clear,14.748685047050875
TRIP_01334,2026-08-07 03:51:59,40.72023337286011,-74.01172797137363,40.697484237705645,-73.9707854674261,Rainy,11.936154674363474
TRIP_01335,2026-08-05 13:40:04,40.6959457014441,-74.00179528058749,40.686712125015795,-74.06443092943944,Clear,14.00291872409982
TRIP_01336,2026-08-02 04:02:41,40.682129866822955,-73.97145445213039,40.70901704605518,-73.94389836868085,Clear,8.161824374810015
TRIP_01337,2026-08-08 09:33:45,40.697676515675596,-74.02824034190853,40.695945606721494,-74.0207411015124,Clear,7.341425181047807
TRIP_01338,2026-08-04 20:11:19,40.69339115907294,-73.99904856565234,40.81472420631162,-73.98567419405623,Clear,55.827672335976125
TRIP_01339,2026-08-14 15:04:57,40.72132081111877,-74.0082561445162,40.75679239969388,-74.01547757309909,Rainy,16.480652405447078
TRIP_01340,2026-08-16 03:28:02,40.7208286990525,-74.05229449519456,40.73847877358459,-74.03674017390667,Clear,5.0918889026579865
TRIP_01341,2026-08-01 03:08:00,40.712952301007675,-74.01168333445408,40.717488222815156,-73.94992358716864,Clear,12.092240883229486
TRIP_01342,2026-08-16 22:02:31,40.73464690848732,-74.01318297649486,40.74024203999153,-74.00657493145933,Rainy,5.529637145422422
TRIP_01343,2026-08-24 05:12:48,40.77233231373932,-74.01425402825015,40.79323653357878,-73.96528682148636,Clear,9.714753771692779
TRIP_01344,2026-08-15 20:29:11,40.760277706772065,-74.00441202717093,40.7836371647507,-74.00860196373732,Clear,19.191125403377626
TRIP_01345,2026-08-08 15:34:27,40.63855510157751,-74.00221632296933,40.644854127236705,-73.95945363718965,Snowy,19.71622053182486
TRIP_01346,2026-08-04 06:46:42,40.58510394325491,-74.02761475895537,40.59690937585931,-74.0075650832867,Clear,8.344511687602171
TRIP_01347,2026-08-16 21:45:54,40.75951599556196,-73.94236426330144,40.819844532819,-73.91180351843776,Rainy,27.776197697116984
TRIP_01348,2026-08-13 08:24:49,40.64445606507923,-74.06447403146015,40.70599121395876,-74.04425943377723,Rainy,37.89438458010869
TRIP_01349,2026-08-03 19:21:30,40.701561729905364,-74.0420485054235,40.729122749303414,-74.00279974845026,Clear,28.365508549987034
TRIP_01350,2026-08-05 21:26:55,40.654294348697036,-73.86700181878882,40.63405655687993,-73.92402937232683,Clear,14.927873351249104
TRIP_01351,2026-08-02 21:56:52,40.622700978121,-74.05789956774946,40.65885607282017,-74.08049432715319,Clear,11.626506446073892
TRIP_01352,2026-08-17 15:55:19,40.73987313641024,-74.07368773373548,40.80650160965857,-74.04117531879523,Clear,19.688954386251904
TRIP_01353,2026-08-24 12:30:51,40.75075775801513,-73.96927616274994,40.811851191074005,-74.01058231336683,Rainy,26.480221031661557
TRIP_01354,2026-08-11 07:56:52,40.683974479963666,-74.1098559926887,40.726007255547955,-74.10577340335811,Clear,16.881975614141638
TRIP_01355,2026-08-05 01:56:58,40.58324788539276,-74.01776369549862,40.64592057405133,-73.99939392072972,Clear,17.02053146357687
TRIP_01356,2026-08-04 02:33:02,40.685487777587376,-73.89870875374618,40.70708930576175,-73.90355295787457,Clear,8.026135470251072
TRIP_01357,2026-08-16 19:08:05,40.73239020027013,-74.08324679610767,40.77123328936514,-74.08399363818849,Clear,27.070517235910657
TRIP_01358,2026-08-15 04:40:55,40.6388544215613,-74.10509822428693,40.63843115457154,-74.07695075828232,Clear,4.038728187696411
TRIP_01359,2026-08-06 02:54:30,40.72196799598896,-74.08095906009788,40.750735959673634,-74.03068021142448,Rainy,16.740191548757096
TRIP_01360,2026-08-13 21:31:59,40.712034507541354,-73.96108202158265,40.77192053486047,-73.9698355030203,Clear,19.01934595192425
TRIP_01361,2026-08-15 10:15:46,40.74176457498005,-73.9497611640007,40.74408187263545,-73.94701290988633,Rainy,12.485357448327857
TRIP_01362,2026-08-24 05:45:10,40.71877901842071,-74.03162943984893,40.71293571553678,-74.03356726904875,Clear,2.0
TRIP_01363,2026-08-20 09:15:11,40.66414655295593,-73.97183937979995,40.68707122112664,-74.02448077235627,Clear,22.347424312023964
TRIP_01364,2026-08-07 06:26:23,40.772628575083225,-73.9364872336244,40.78582870897151,-73.91223587991487,Clear,9.6965848542387
TRIP_01365,2026-08-18 14:58:05,40.70487352134865,-73.91663267927851,40.74434795298077,-73.86859114690365,Snowy,31.031966792124482
TRIP_01366,2026-08-19 07:51:46,40.71143477302451,-74.018316764059,40.717836987246095,-73.96781746783952,Clear,17.461159652017322
TRIP_01367,2026-08-04 17:12:53,40.66613660204634,-74.1210735858835,40.73768979051442,-74.12719657717672,Snowy,62.76635749723024
TRIP_01368,2026-08-22 00:31:27,40.69063588744043,-74.04704394612048,40.671945604501595,-74.06459488757609,Rainy,7.887160929543516
TRIP_01369,2026-08-08 18:48:09,40.66855986429866,-74.02734020974677,40.72617190788525,-74.00669204331902,Rainy,44.39949508162038
TRIP_01370,2026-08-01 00:20:04,40.70415269700383,-74.01894693982892,40.701207220154586,-73.97406872923193,Clear,15.304360916316067
TRIP_01371,2026-08-01 20:54:20,40.798385424007115,-74.01539297005044,40.764505941969595,-73.99074745660113,Clear,26.697229649935306
TRIP_01372,2026-08-25 19:44:08,40.644204942853435,-73.95005527010346,40.6713411975439,-73.92137613102724,Clear,21.42562932062469
TRIP_01373,2026-08-16 07:45:48,40.632121930106166,-73.94227857866562,40.644483690525746,-73.88802365083353,Clear,20.28201916318322
TRIP_01374,2026-08-04 06:48:59,40.78635851637468,-74.01458368269624,40.77307023533759,-74.01675777947317,Snowy,14.93581093315631
TRIP_01375,2026-08-24 15:13:47,40.702333816142406,-73.95107575619741,40.67189250939095,-73.9376748587976,Rainy,14.196150224966502
TRIP_01376,2026-08-02 23:46:10,40.679346363067005,-73.98811693166844,40.69909553944886,-73.91907876631561,Rainy,22.00904729216591
TRIP_01377,2026-08-13 03:55:00,40.76479523436981,-74.00277470135687,40.81407034111852,-73.9886790350498,Clear,11.229896534327143
TRIP_01378,2026-08-15 11:20:08,40.68251922301316,-73.9606727921445,40.72006782780575,-73.97869290112351,Clear,12.643769864027135
TRIP_01379,2026-08-07 02:15:03,40.804100485677345,-74.00238739758811,40.82580168514252,-74.00246808047562,Clear,9.314158181120911
TRIP_01380,2026-08-23 13:53:12,40.74669629356696,-73.9031094411451,40.781061720763496,-73.91125483668175,Clear,12.714888372820807
TRIP_01381,2026-08-20 18:26:01,40.688404429592715,-74.07792055833973,40.70758800562138,-74.04720568076868,Rainy,27.474690554194787
TRIP_01382,2026-08-10 18:14:38,40.820665410663274,-74.0317585449546,40.79777368337236,-74.03863695506226,Rainy,23.994256934838297
TRIP_01383,2026-08-15 16:23:15,40.68251425384983,-74.0123259448477,40.659887434293125,-73.98419491726186,Clear,14.145288974843602
TRIP_01384,2026-08-17 15:17:48,40.749904768600466,-73.9840273654771,40.763809712730925,-73.98610932203333,Clear,3.4633624849098483
TRIP_01385,2026-08-04 01:48:48,40.72776462902033,-73.94260197564485,40.74294503042935,-73.98630333179679,Clear,11.049943811673304
TRIP_01386,2026-08-02 21:01:14,40.777887064469944,-74.0072199283618,40.82341654482515,-73.97802133475234,Clear,15.674969692012834
TRIP_01387,2026-08-16 10:28:33,40.790875559836344,-74.07711148247532,40.83359468654959,-74.0526575720289,Clear,23.060783105102253
TRIP_01388,2026-08-08 20:29:23,40.71440020745329,-73.96387430517726,40.75255419792606,-73.928341570706,Clear,26.18293889765577
TRIP_01389,2026-08-12 13:27:13,40.67512910648269,-73.96825206169291,40.68672062509038,-73.96844167826787,Clear,2.303815129231988
TRIP_01390,2026-08-24 11:33:13,40.735798607146954,-74.10309293296898,40.71437904204365,-74.10647926722976,Rainy,11.139994531140553
TRIP_01391,2026-08-23 11:55:40,40.678914231512394,-74.00619020668354,40.71127636562437,-73.9741462009291,Clear,16.580371394976943
TRIP_01392,2026-08-08 19:47:41,40.81346936237633,-74.08550709153401,40.8492244417742,-74.01993650435809,Rainy,45.18851588253145
TRIP_01393,2026-08-07 14:56:08,40.719626766554136,-74.0392325548751,40.667970822679806,-74.01889751458991,Clear,16.605792945031975
TRIP_01394,2026-08-04 22:05:27,40.694533922434395,-74.05114044634814,40.689503776836915,-74.01840289346673,Snowy,11.637637481129472
TRIP_01395,2026-08-12 14:50:57,40.72203401529325,-73.9655367650879,40.72130238397143,-73.95518439562068,Snowy,13.122863266788011
TRIP_01396,2026-08-22 23:33:59,40.64544368552352,-74.00015849129139,40.66899419155722,-74.0264674069476,Clear,12.11186834075689
TRIP_01397,2026-08-19 23:19:51,40.66421929807447,-74.0702795500378,40.6601184850915,-74.02125666746318,Clear,12.724509743401304
TRIP_01398,2026-08-02 14:26:57,40.77282069539722,-73.96199670185213,40.791676658332484,-73.91474427467955,Clear,12.056875536746047
TRIP_01399,2026-08-12 00:54:45,40.67995528605143,-74.07769029119642,40.69363923784084,-74.03636707044116,Clear,8.353470489672645
TRIP_01400,2026-08-04 21:55:42,40.660454450865906,-73.98949431047646,40.67567996671978,-73.97495267362673,Clear,12.492945529361984
TRIP_01401,2026-08-07 12:45:06,40.739632637626364,-74.04670053346457,40.738140808815345,-74.00878885047241,Clear,8.97829638156004
TRIP_01402,2026-08-22 10:19:19,40.77208520773315,-74.02428385412652,40.772915656111145,-73.97747100020489,Rainy,27.75988490014213
TRIP_01403,2026-08-25 10:20:08,40.74874766553325,-73.98078646259808,40.73633965373983,-73.91218170204938,Clear,23.45934421759302
TRIP_01404,2026-08-25 03:33:01,40.76260238429029,-73.97992753004702,40.79400440750751,-73.9302717469076,Clear,-99.0
TRIP_01405,2026-08-25 08:18:14,40.674960245571526,-73.93915154632221,40.71209332442927,-73.9172369095712,Clear,23.64560379546163
TRIP_01406,2026-08-21 20:49:15,40.64170946666291,-74.01011268498357,40.63859092815915,-74.0293602826463,Snowy,25.403251449208494
TRIP_01407,2026-08-02 11:28:32,40.78786668259777,-73.99067745685183,40.853485885478285,-73.96600770792168,Clear,21.21998782159361
TRIP_01408,2026-08-02 13:26:06,40.696666008057896,-74.02788686612021,40.70722796463463,-74.00018954424473,Clear,7.7747324612979
TRIP_01409,2026-08-17 14:16:08,40.70025834917725,-73.99690050586887,40.76616391789114,-73.95562961260931,Snowy,34.439308174157496
TRIP_01410,2026-08-13 01:58:31,40.779209707092456,-73.98402569759958,40.77994589187751,-73.92340894181987,Clear,13.130966682655028
TRIP_01411,2026-08-15 19:42:18,40.74061150047003,-74.01091549237272,40.69981416717205,-73.99377000773443,Clear,27.53343701809559
TRIP_01412,2026-08-14 03:58:29,40.735594388604085,-74.09618752420462,40.76766032335146,-74.01315790851022,Clear,17.000357507499523
TRIP_01413,2026-08-11 15:54:25,40.82105011724506,-73.98942645518346,40.848506470398625,-74.02220506578468,Clear,15.122249223475647
TRIP_01414,2026-08-02 01:40:21,40.680624088481,-73.98777192613223,40.70165590234022,-73.95519166995838,Clear,6.457720885955338
TRIP_01415,2026-08-23 20:20:35,40.759192006404064,-74.0400086738174,40.759925032050745,-74.04396428558292,Rainy,12.372788917389297
TRIP_01416,2026-08-08 22:25:17,40.715650656244854,-74.07021935180363,40.73461348948028,-74.10743601179429,Clear,13.691983227635356
TRIP_01417,2026-08-15 01:21:27,40.72622961394316,-73.9322060424748,40.73089183020708,-73.91825927376378,Clear,8.622107141486595
TRIP_01418,2026-08-11 16:06:39,40.78922342132063,-73.98142772445529,40.800152934330676,-74.00514290540792,Clear,10.94164441191363
TRIP_01419,2026-08-10 23:34:12,40.738191787814486,-74.01745405154608,40.78344075548744,-74.00229688848707,Clear,11.99467369049934
TRIP_01420,2026-08-23 16:12:30,40.73971480395248,-74.06285164415738,40.765241320838385,-74.04180856671454,Clear,13.762477766288784
TRIP_01421,2026-08-19 21:40:20,40.76642536686549,-74.04709074142107,40.80472390848545,-73.99353449914099,Snowy,30.44568256153006
TRIP_01422,2026-08-16 04:40:59,40.69455236352286,-73.94087048016068,40.707596308324085,-73.9660980342036,Snowy,10.766902039839774
TRIP_01423,2026-08-09 05:20:41,40.67083951663305,-73.9991169029566,40.68057899625891,-73.95186354798723,Clear,12.598694938198525
TRIP_01424,2026-08-18 10:23:27,40.66055954029895,-74.03352935335003,40.64595506437229,-74.01058693984164,Clear,14.35260727995497
TRIP_01425,2026-08-24 14:38:45,40.614482170531204,-73.98051553843877,40.62338107215416,-73.92965006383048,Clear,15.330909390219256
TRIP_01426,2026-08-08 18:46:18,40.81561035649702,-74.04671990937231,40.73597691982934,-74.03967244462325,Snowy,66.38119989627762
TRIP_01427,2026-08-18 16:02:02,40.657639581713916,-73.93095784848599,40.65993292272475,-73.9509251860889,Clear,11.605031575467288
TRIP_01428,2026-08-07 09:56:59,40.70173731882071,-73.93835997325516,40.71928109350499,-73.95488495304164,Clear,15.120575595847496
TRIP_01429,2026-08-17 14:07:16,40.698959335005554,-74.02932870356014,40.73586954463366,-74.04808292717016,Rainy,15.716280674467695
TRIP_01430,2026-08-03 03:26:39,40.72817033489046,-74.03743351235154,40.740109998564705,-74.00309908776391,Clear,7.715831415023385
TRIP_01431,2026-08-13 00:59:49,40.75358686062697,-74.13690665993461,40.784017066894314,-74.07259899926817,Clear,13.543500420168858
TRIP_01432,2026-08-11 20:05:47,40.75582367441799,-74.08007903857757,40.71043001457628,-74.07702758437722,Clear,27.183180279535467
TRIP_01433,2026-08-21 18:57:54,40.68364612807155,-74.07297348874789,40.701941022505345,-74.03409942980016,Clear,25.52321732802232
TRIP_01434,2026-08-17 17:10:45,40.70444391431068,-73.99924048295063,40.67405883052328,-74.0249437446947,Rainy,30.625656406626007
TRIP_01435,2026-08-12 19:55:24,40.72692899752442,-74.02231168522206,40.710679892054635,-73.99690204774674,Clear,14.744836463324688
TRIP_01436,2026-08-07 16:36:53,40.70036544369082,-74.07326677437077,40.7147504772549,-74.03320989588065,Clear,10.012839796243654
TRIP_01437,2026-08-14 23:25:12,40.793167278801,-74.02005820212322,40.85145519843721,-74.04350194538154,Clear,20.354880966408142
TRIP_01438,2026-08-24 11:13:56,40.73734874758191,-73.98073314261764,40.76848495048601,-73.96684964668704,Rainy,16.27212404281477
TRIP_01439,2026-08-09 03:53:18,,,40.770090819216605,-73.93813051828965,Rainy,15.783942604570099
TRIP_01440,2026-08-01 12:05:00,40.74594406343337,-74.10098351404294,40.76535815174936,-74.16899663345983,Clear,16.627307854584938
TRIP_01441,2026-08-25 21:16:58,40.77147369287427,-74.01241317402419,40.77006482607813,-73.95234958217314,Clear,13.111666345580414
TRIP_01442,2026-08-03 16:01:31,40.721851077935185,-74.07516703884858,40.725531575534006,-74.04455665757185,Clear,9.261077521557423
TRIP_01443,2026-08-22 06:32:57,40.64795840260221,-73.96091356514299,40.68077968396633,-73.91941173571146,Clear,15.370565886457582
TRIP_01444,2026-08-21 21:46:03,40.732784397587636,-73.96679267918232,40.7112235820343,-73.95917425755816,Clear,9.043388618970676
TRIP_01445,2026-08-06 20:12:58,,,40.718023776818896,-74.08258303576318,Clear,30.76192868256298
TRIP_01446,2026-08-23 12:19:32,40.68636916591252,-74.04430226012002,40.69471395389895,-74.00828037143052,Snowy,18.064825368274594
TRIP_01447,2026-08-02 05:28:57,40.74211820093775,-74.02906335252491,40.78688491318384,-74.0115410622874,Clear,10.197476346347075
TRIP_01448,2026-08-11 17:44:20,40.774714153571686,-74.11863966973657,40.82354695728865,-74.0976762060736,Clear,31.17177238822935
TRIP_01449,2026-08-12 19:38:19,40.71386357883681,-73.98920159132797,40.683671058461634,-73.936573381772,Rainy,39.60233173765837
TRIP_01450,2026-08-07 23:06:01,40.72824165062995,-74.01964222731701,40.73079422773313,-73.97678031110112,Clear,9.856471440570768
TRIP_01451,2026-08-11 00:20:28,40.79791074723176,-73.95749124587161,40.79224491659354,-73.87985412335892,Clear,13.301005599415442
TRIP_01452,2026-08-13 11:12:38,40.72483765897443,-74.06092046089813,40.69045582002224,-74.03630483403192,Clear,9.898359975434483
TRIP_01453,2026-08-12 16:58:39,40.84288415570902,-74.0369561474125,40.83190815742274,-74.03769252054623,Clear,9.885536037781016
TRIP_01454,2026-08-03 06:50:51,40.74107548228158,-74.08132626290195,40.83431315763954,-74.06697876830921,Snowy,45.7252515678256
TRIP_01455,2026-08-08 13:45:01,40.62476186204221,-74.0562145281747,40.663047158928585,-74.02374462699855,Clear,14.245090735345766
TRIP_01456,2026-08-06 15:57:40,40.75046708105523,-74.0650990998034,40.827985720113396,-74.01462340423362,Clear,24.339605816705564
TRIP_01457,2026-08-25 20:14:50,40.73185791924414,-73.95620131605767,40.776730872444695,-73.98021233460084,Snowy,47.79648855315324
TRIP_01458,2026-08-15 21:11:40,40.77728763770414,-74.04091309243756,40.775032342873885,-74.02065696398219,Clear,11.705438011285631
TRIP_01459,2026-08-16 05:51:59,40.7464590675635,-73.99979121576277,40.75500593166328,-73.93150496605162,Clear,11.252438583795884
TRIP_01460,2026-08-15 12:52:22,40.70587720080081,-74.02503817019308,40.74353028620802,-74.01224443632316,Clear,12.406704532256072
TRIP_01461,2026-08-10 13:02:11,40.651585088185534,-74.06947326330064,40.68471027428973,-74.02154290765456,Snowy,25.66079886836604
TRIP_01462,2026-08-25 00:31:23,40.7023488371357,-74.01441502115858,40.70502857666445,-73.9796214953421,Clear,9.337207834834047
TRIP_01463,2026-08-21 15:41:08,40.67027397728954,-73.97604483340682,40.64497418217216,-73.92736901521107,Clear,15.066855299629209
TRIP_01464,2026-08-18 00:41:38,40.68377382750977,-74.06638796962717,40.80240666313143,-74.07068078587517,Clear,25.51425799124854
TRIP_01465,2026-08-10 11:42:40,40.74222892022103,-73.96554436046343,40.75799443005074,-73.9697064105654,Snowy,12.817169772372939
TRIP_01466,2026-08-05 03:51:59,40.79629522521757,-74.04848604607389,40.806523058422094,-74.02787788931022,Rainy,12.48416158925895
TRIP_01467,2026-08-13 07:15:00,40.73253357649115,-74.03014919630364,40.755933610408306,-74.05611584992084,Clear,10.890618002483311
TRIP_01468,2026-08-17 14:23:14,40.65300584689824,-73.9794658438495,40.66572398921891,-73.96755806204784,Rainy,13.385152539816497
TRIP_01469,2026-08-18 05:01:04,40.73503013341101,-74.03917180786098,40.75871200064217,-74.01158550813551,Rainy,18.783391396755896
TRIP_01470,2026-08-19 06:40:33,40.77263157433229,-74.0041212570332,40.831239992915776,-73.93058218882472,Clear,21.229486850507232
TRIP_01471,2026-08-07 23:45:57,40.682310854784035,-74.0217345414394,40.69857440039344,-73.9896529957613,Clear,9.890747013043438
TRIP_01472,2026-08-24 22:14:11,40.70609914166636,-73.9995315996648,40.69121782848652,-73.96077474553861,Clear,9.596668786111918
TRIP_01473,2026-08-20 03:57:12,40.71353440973646,-74.12503695527617,40.7286850959021,-74.07010267986468,Clear,15.944209411649108
TRIP_01474,2026-08-09 11:09:40,40.67355508434589,-74.0974840907604,40.67962303090359,-74.10642381842726,Rainy,8.56919814997109
TRIP_01475,2026-08-21 22:06:56,40.74521402169219,-73.97520164969765,40.8079309898096,-73.96015412956878,Clear,15.838148685426276
TRIP_01476,2026-08-12 15:14:06,40.706752592569615,-73.95414092971755,40.76188616451174,-73.86137855196344,Clear,25.32051690254602
TRIP_01477,2026-08-08 06:42:03,40.73377662219535,-74.05152433517658,40.75700237220828,-74.03389800184812,Clear,10.757280524375538
TRIP_01478,GARBAGE_TIMESTAMP_TEXT,40.6684253911099,-74.01820141760855,40.650063315465324,-73.96470849514509,Rainy,36.38956908970591
TRIP_01479,2026-08-13 08:29:58,40.690927084983834,-73.99126403735488,40.67415031708064,-73.94235190103969,Clear,22.6721560228848
TRIP_01480,2026-08-18 06:51:47,40.74891906789139,-73.97133911991706,40.76937276573893,-73.99568253134869,Clear,12.087938377736645
TRIP_01481,2026-08-23 04:06:37,40.69415834239541,-74.10738386358354,40.72424803147505,-74.07806948527336,Rainy,14.278547443662674
TRIP_01482,2026-08-02 06:52:40,40.799148192561674,-74.05030201234892,40.80790950798189,-74.02589958818277,Rainy,11.201431333000874
TRIP_01483,2026-08-13 16:48:46,40.69281819071927,-74.02262896899249,40.698413103193054,-73.99273020535728,Snowy,16.789466488888962
TRIP_01484,2026-08-18 23:46:42,40.724034236287594,-73.9708429901382,40.726250259292236,-73.97346636453193,Clear,5.640514701818637
TRIP_01485,2026-08-25 11:22:16,40.759429541593654,-73.88107847581392,40.778727722786336,-73.89458606117128,Clear,10.96015185556509
TRIP_01486,2026-08-12 06:23:06,40.64188171335335,-74.01740028634049,40.59039884279116,-74.01168058634111,Rainy,23.926902063409152
TRIP_01487,2026-08-21 22:09:15,40.624759559400964,-74.0763488731052,40.61171976053787,-74.05928272301773,Clear,10.988633990060917
TRIP_01488,2026-08-11 15:33:24,40.6365171842715,-73.98588659613993,40.637705658908075,-73.93033706271193,Clear,13.336151935136193
TRIP_01489,2026-08-02 17:04:13,40.77592920517136,-73.93995021052297,40.83215430101992,-73.8654308859312,Clear,41.15107818553181
TRIP_01490,2026-08-08 05:27:08,40.685207092705376,-74.00059929395103,40.68079268344751,-73.93870135856433,Rainy,15.71738241291738
TRIP_01491,2026-08-06 20:16:39,40.84070996428341,-74.05133242725772,40.86612400853835,-74.00552687093426,Clear,23.985622449808027
TRIP_01492,2026-08-03 11:44:17,40.684587620067134,-73.958100302926,40.71138390259507,-73.96823051079498,Clear,12.32827527928871
TRIP_01493,2026-08-23 10:33:45,40.722027565159856,-73.97282271907508,40.78096506032968,-73.96508960432477,Clear,30.630376993166163
TRIP_01494,2026-08-01 14:17:21,40.789905497628396,-74.05730404220978,40.84778281983732,-74.03100626063738,Clear,16.457038759447805
TRIP_01495,2026-08-18 16:00:45,40.81310464440796,-73.98692871912328,40.83137955534411,-73.98590189026557,Snowy,14.666307131946413
TRIP_01496,2026-08-20 23:53:47,40.815875178831824,-73.95613672161706,40.82161063659614,-73.91882055204121,Clear,8.182657132027721
TRIP_01497,GARBAGE_TIMESTAMP_TEXT,40.77321831152966,-73.94690549787205,40.77330331844489,-73.90529091462443,Clear,8.99173006986582
TRIP_01498,2026-08-16 19:37:46,40.764003126290575,-74.00932244876547,40.7767712296166,-73.97323374688851,Clear,21.002938631780392
TRIP_01499,2026-08-01 06:22:10,40.74242634746006,-74.02390397230897,40.74940534683035,-73.97314993417224,Clear,11.400524237346932
TRIP_01500,2026-08-01 07:45:04,40.75171805380833,-73.94463630889594,40.78832687608908,-73.95177404530733,Snowy,22.808491226840378
TRIP_01501,2026-08-13 14:40:07,40.68524071418357,-74.06650802514905,40.717850008708126,-74.01852316402628,Snowy,27.50820091288774
TRIP_01502,2026-08-19 16:50:17,40.67189005582889,-73.98407103545395,40.70964409156324,-73.98494039895756,Clear,14.183439722235352
TRIP_01503,2026-08-18 03:01:55,40.712631277129454,-74.07450133136823,40.77040978847254,-74.08272940994752,Clear,15.221790027021434
TRIP_01504,2026-08-05 16:53:59,40.704290768873754,-73.95273118638703,40.78017684251576,-73.91676770236144,Clear,25.99309900788851
TRIP_01505,2026-08-07 15:00:11,40.69013859753364,-74.01890227578056,40.71387849933587,-73.9624260689146,Clear,14.270114841283814
TRIP_01506,2026-08-19 08:47:06,40.74761937237284,-73.94257083821762,40.80060328551471,-73.90793043362633,Clear,27.520187073576853
TRIP_01507,2026-08-15 11:03:05,40.76056526042853,-73.98142936218223,40.770015454913505,-73.96080524146905,Clear,10.370430638932586
TRIP_01508,2026-08-06 14:59:34,40.71722034431459,-74.0671610115031,40.77277055382208,-74.03785639672006,Rainy,23.531165261525395
TRIP_01509,2026-08-02 04:07:50,40.786676504052764,-73.93476861339614,40.83852177876804,-73.91067580585413,Rainy,20.161752471730864
TRIP_01510,2026-08-21 15:18:29,40.65571554429333,-73.92843773667862,40.70596802339162,-73.94221626356268,Clear,17.538050577249493
TRIP_01511,2026-08-23 15:37:21,40.703117027036015,-73.96188567537004,40.72593912227176,-73.97916427971839,Rainy,17.94346917785152
TRIP_01512,2026-08-01 17:21:07,40.67695888396986,-74.0440793932518,40.676908139050134,-74.02644416963601,Rainy,18.477377948275066
TRIP_01513,2026-08-05 11:49:04,40.619473169146346,-74.02130069771788,40.597637316010385,-73.9989049926448,Clear,8.19045961525427
TRIP_01514,2026-08-25 21:28:12,40.708665965707866,-73.99872863912971,40.72746484948223,-73.97838866777867,Snowy,18.37267073878568
TRIP_01515,2026-08-21 21:28:11,40.70671262458084,-74.04118551996658,40.77270300084832,-74.00090247155708,Rainy,27.376738040842554
TRIP_01516,2026-08-16 13:42:27,40.78847248716211,-73.92138267137685,40.79917714012119,-73.90784697286178,Clear,9.364542033508465
TRIP_01517,2026-08-09 22:09:47,40.74434058422774,-73.9987836764137,40.787894381791546,-73.96189430095654,Snowy,23.775482361916367
TRIP_01518,2026-08-19 09:25:52,40.66159065878354,-74.14116740235536,40.7069092007991,-74.12550500537516,Clear,23.60090857149766
TRIP_01519,2026-08-04 20:39:10,40.80550462831671,-73.9890322093622,40.81699404168889,-73.9143314405011,Clear,30.077045323841517
TRIP_01520,2026-08-06 03:52:26,40.77385168477627,-74.02340786984087,40.83334202990186,-74.00098645803908,Clear,14.714446275557465
TRIP_01521,2026-08-23 23:04:49,40.74190488517343,-74.00974632780593,40.67464506283902,-73.91952464946016,Rainy,22.623304972990425
TRIP_01522,2026-08-22 02:06:23,40.70147579505751,-74.02443096828928,40.68479328669537,-73.99387062055655,Clear,9.241060798724375
TRIP_01523,2026-08-22 11:34:16,40.664828038163826,-73.96564767916966,40.65735906927307,-73.95205799428732,Clear,7.016185159776434
TRIP_01524,2026-08-03 10:05:42,40.69418966119645,-73.95001561107233,40.689598210510425,-73.95699905036012,Clear,12.217132892646886
TRIP_01525,2026-08-04 16:21:00,40.76723743098521,-73.99184734188707,40.79732531952079,-74.0151339991088,Clear,8.783905416815221
TRIP_01526,2026-08-12 23:02:15,40.80702931529673,-74.0229655593569,40.83573044938835,-74.03270882788878,Clear,9.284768223125132
TRIP_01527,2026-08-03 13:48:50,40.78996217641361,-74.00806686024046,40.82178189357886,-74.01445504951538,Clear,15.310070369563828
TRIP_01528,2026-08-07 23:42:47,40.688357528910686,-74.00502001917111,40.72623997373466,-73.97317541855875,Clear,13.342614344054699
TRIP_01529,2026-08-24 18:36:00,40.65681912833555,-74.04612150199324,40.64831599126118,-74.04190646312504,Rainy,18.388886995195847
TRIP_01530,2026-08-25 23:09:17,40.719844312345565,-73.97705356757145,40.70329903034135,-73.95144575599481,Clear,9.217179444174342
TRIP_01531,2026-08-10 00:28:12,40.62437803172186,-73.98299788380697,40.6562676221821,-73.92453853293567,Rainy,14.51267787361439
TRIP_01532,2026-08-04 11:55:47,40.72895838570924,-73.92897793801117,40.730051423499845,-73.91161218856021,Clear,8.269728170904127
TRIP_01533,2026-08-19 11:37:15,40.70541987068507,-73.94323251098558,40.67830561932403,-73.86085781003158,Clear,20.959545308782637
TRIP_01534,2026-08-12 23:09:36,40.68949817490659,-74.0402837458795,40.738638503442836,-74.05555807528968,Rainy,14.720171372531633
TRIP_01535,2026-08-25 18:11:07,40.633064846636664,-73.96498508127455,40.69491790383173,-73.9495025877258,Clear,33.94913987116929
TRIP_01536,2026-08-04 06:57:23,40.73848000532849,-74.05354766915472,40.80519483201945,-74.04972705686305,Rainy,20.003700431778274
TRIP_01537,2026-08-23 04:10:16,40.6861649580169,-73.97120339495295,40.71177518966115,-73.92310819677124,Clear,11.259265897899816
TRIP_01538,2026-08-24 20:02:01,40.65430415821449,-74.031830709938,40.693082121093674,-74.07902445884899,Clear,29.252003740554656
TRIP_01539,2026-08-19 01:13:57,40.56918688933592,-74.05716266116877,40.63028293603677,-74.08045611984411,Clear,18.1204658492949
TRIP_01540,2026-08-01 15:46:17,,,40.712181781046766,-73.97521813753866,Clear,6.627127835175805
TRIP_01541,2026-08-02 10:30:52,40.80141257983349,-74.1397283564077,40.85473291035511,-74.07318702477741,Clear,33.562039667107896
TRIP_01542,2026-08-17 12:43:25,40.7958629607274,-74.09354877872026,40.82412484775169,-74.06677352369914,Clear,12.575570181635456
TRIP_01543,2026-08-24 01:53:52,40.689945187170686,-74.01487459418871,40.73735653674096,-74.03542101781665,Clear,11.697818752201517
TRIP_01544,2026-08-18 09:11:48,40.682689396981914,-74.00187791166826,40.708272187608195,-74.01779290944897,Clear,19.504303124952347
TRIP_01545,2026-08-22 13:53:30,40.736238712803754,-74.02446593850792,40.795126414096195,-73.95427624742257,Clear,18.658205544929697
TRIP_01546,2026-08-19 12:23:24,40.662880728040584,-74.08497181493588,40.68958644091683,-74.08360585889977,Clear,13.216699741087194
TRIP_01547,2026-08-03 07:04:21,40.72788959499098,-74.04689459210692,40.70337022320695,-74.05518349328041,Clear,10.605259905205148
TRIP_01548,2026-08-12 00:52:57,40.75110401391924,-73.98643953363813,40.81466181288868,-73.92211835681921,Clear,20.849149703945617
TRIP_01549,2026-08-16 11:22:48,40.774146661194216,-73.97691091146858,40.76572073896505,-73.92657800130097,Rainy,12.292021173197469
TRIP_01550,2026-08-09 12:22:30,40.707792296176,-74.0068111558798,40.76538404248332,-73.9485893665818,Clear,16.261158415800267
TRIP_01551,2026-08-04 03:58:46,40.70261631249115,-73.94815831094814,40.719909026047944,-73.95665956735611,Clear,6.699291522229916
TRIP_01552,2026-08-10 22:37:02,40.66890087066217,-73.98613014882704,40.724181200218105,-74.01188331805747,Clear,15.442316092130223
TRIP_01553,2026-08-25 14:37:10,40.671455982298006,-74.04337278269792,40.72549904074401,-74.01937778801704,Clear,16.571418104133127
TRIP_01554,2026-08-02 01:00:10,40.701476055404925,-74.02002510267059,40.73438034463439,-73.98997131867837,Clear,12.287635629148141
TRIP_01555,2026-08-05 05:34:51,40.73116827534081,-74.07614330786039,40.766424334869626,-74.04520525374924,Clear,13.494682528977389
TRIP_01556,2026-08-05 19:08:27,40.75847923131166,-74.01140694951957,40.79115808982744,-73.9470614314504,Clear,33.81814058072509
TRIP_01557,2026-08-19 04:22:43,40.672641052465984,-73.95039496903894,40.63222630977755,-73.98240798173919,Clear,12.595291391996762
TRIP_01558,2026-08-12 15:06:13,40.78743442844798,-73.97173549576445,40.81098433501493,-73.92594464422551,Clear,14.510856506932582
TRIP_01559,2026-08-22 08:46:22,40.699243819947874,-73.93589953370405,40.68576189466572,-73.94879828502846,Clear,12.69690438789862
TRIP_01560,2026-08-11 03:42:25,40.71173163528258,-74.02114426218995,40.73686724959495,-73.97547220256412,Clear,11.499749885171408
TRIP_01561,2026-08-09 05:30:16,40.67543941604261,-73.93869501027429,40.66115113965111,-73.93294371140993,Clear,4.609429694051984
TRIP_01562,2026-08-09 22:05:05,40.591587986986355,-74.0156652113224,40.576039428749574,-74.02008436519911,Clear,5.26052247147261
TRIP_01563,2026-08-04 19:42:02,40.75700226981805,-73.93242074587151,40.82515030487067,-73.93071782707999,Clear,37.31338665876894
TRIP_01564,2026-08-24 23:17:31,40.74964219485462,-74.00709283737211,40.801725616498345,-74.03046114339541,Clear,12.860745256594559
TRIP_01565,2026-08-16 20:47:28,40.69873362214409,-73.97063843130978,40.71860934459576,-73.94942556311477,Clear,17.758942757242796
TRIP_01566,2026-08-25 11:45:08,40.71614953586125,-73.93224438178451,40.74169259536872,-73.93542458350433,Clear,11.604206718317696
TRIP_01567,2026-08-07 13:19:19,40.738596960885204,-74.01567138142906,40.75115948011291,-73.97208243450206,Rainy,17.474731467450884
TRIP_01568,2026-08-10 10:38:18,40.63467270715567,-73.99508055062279,40.671768998435056,-73.9558788681918,Clear,24.487546661196617
TRIP_01569,2026-08-19 20:42:05,40.686347366132686,-73.94155682873968,40.686065735136225,-73.8709121171526,Clear,30.146296787270018
TRIP_01570,2026-08-08 00:22:39,40.75251323398109,-74.01265015819651,40.80232544186713,-73.98166033369027,Clear,14.628302696757794
TRIP_01571,2026-08-05 09:01:35,40.65008552884154,-74.0720446141253,40.66249292361111,-74.0364242811129,Clear,20.518334297264264
TRIP_01572,2026-08-22 01:14:19,40.727477896608335,-73.89884964727075,40.7348824867334,-73.83684665291592,Clear,12.864456939734803
TRIP_01573,2026-08-10 20:29:55,40.64497090976883,-74.02948822321686,40.66562230032338,-74.02831810409766,Clear,14.890353499767606
TRIP_01574,2026-08-24 01:37:21,40.73612149912168,-73.99806219745312,40.73838709422391,-74.02270994383781,Clear,6.904159920019585
TRIP_01575,2026-08-14 04:23:25,40.71101792588513,-73.94819966652744,40.74087839637002,-73.92219684475359,Clear,9.550800125802796
TRIP_01576,2026-08-02 13:44:33,40.63204340920473,-74.03642469518655,40.635922531525324,-74.05910369926299,Clear,6.817541104561778
TRIP_01577,2026-08-23 08:34:14,40.77103696772286,-74.0563933956611,40.80509267580742,-73.96277523547334,Clear,36.97714242875221
TRIP_01578,2026-08-23 02:11:37,40.6760704211601,-73.99331313516126,40.73255061732744,-73.9296481863989,Snowy,30.419482367003205
TRIP_01579,2026-08-19 16:37:26,40.672287378149285,-74.09565381989562,40.67070772754504,-74.01073452989657,Rainy,26.578740141768108
TRIP_01580,2026-08-19 16:47:20,40.722828459861546,-74.0203953038434,40.73891119614269,-73.9985218945435,Snowy,15.249662537278919
TRIP_01581,2026-08-08 23:23:18,40.77023186747144,-73.99374806678424,40.8040717888625,-73.95723085897319,Clear,12.08944874899631
TRIP_01582,2026-08-08 19:14:39,40.66200890905108,-74.01949759484125,40.66893318840164,-74.01328185779984,Rainy,16.046803619835938
TRIP_01583,2026-08-03 15:34:32,40.7158839924924,-74.0831725471593,40.7498136093172,-74.03668480299169,Rainy,21.254848330823407
TRIP_01584,2026-08-08 23:40:53,40.73424082501653,-73.9262911021898,40.77090279083608,-73.94275739855132,Snowy,18.77211018614865
TRIP_01585,2026-08-12 17:16:07,40.747455280363155,-74.00082309230254,40.79995313365198,-74.05711588798678,Clear,36.04596793742296
TRIP_01586,2026-08-20 10:29:26,40.72162207776386,-73.93444239411191,40.723442376381314,-73.93816371269656,Rainy,11.687276032948127
TRIP_01587,2026-08-07 13:41:14,40.69444860804583,-74.01900181250902,40.68616535083892,-74.04266601677753,Clear,11.608752863706474
TRIP_01588,2026-08-12 19:16:39,40.67142048896756,-74.05000059908454,40.68219316728065,-73.98566279699976,Clear,27.27893856822828
TRIP_01589,2026-08-14 14:24:24,40.71710719415232,-73.99254095398724,40.708074623965906,-73.91807063033484,Clear,17.366784531585743
TRIP_01590,2026-08-11 11:19:15,40.65919304940072,-74.01678935631641,40.69612799552215,-74.0388772284888,Snowy,25.995470122555695
TRIP_01591,2026-08-25 19:17:09,40.56673247582527,-74.06488807289956,40.55187993681998,-74.00613660467393,Clear,26.208760181099652
TRIP_01592,2026-08-19 17:29:00,40.73462799020788,-73.93251078706062,40.82461848275546,-73.8839692375556,Clear,46.392291323075106
TRIP_01593,2026-08-22 03:22:06,40.75799674205431,-74.0371135111447,40.81687457790152,-74.06420681168626,Snowy,27.125350003925774
TRIP_01594,2026-08-01 07:25:16,40.59465337822291,-74.09801331923978,40.61503065131092,-74.08972134516773,Clear,6.8952080068198285
TRIP_01595,2026-08-08 04:00:14,40.6623134647645,-73.93959169730213,40.70833529955444,-73.93699660896587,Rainy,17.175169111651403
TRIP_01596,2026-08-04 06:45:43,40.743757713050265,-74.03121490079063,40.71465365712094,-73.98877503883182,Rainy,18.060690798908073
TRIP_01597,2026-08-21 02:59:26,40.81567477348559,-74.03639119463078,40.911375973427575,-74.05325457515794,Clear,21.9968986978864
TRIP_01598,2026-08-20 17:39:59,40.713839685383775,-74.0942693793515,40.71613324701776,-74.07723555812129,Clear,11.807749580555376
TRIP_01599,2026-08-02 05:29:06,40.676399852938545,-73.91895292567015,40.69278493052156,-73.91953096078865,Clear,9.286295451543523
TRIP_01600,2026-08-07 12:32:39,40.70365517794476,-74.07047402936048,40.66797717932911,-74.03627379385892,Snowy,22.740988710778026
TRIP_01601,2026-08-25 22:44:23,40.78154382095741,-74.00307752596471,40.816132440099636,-73.98958128691535,Rainy,14.99143683117562
TRIP_01602,2026-08-20 23:18:48,40.680501791043774,-73.96036898387298,40.66731146633146,-73.9564263549912,Clear,4.055336167860405
TRIP_01603,2026-08-13 15:55:14,40.672840399667486,-73.98491415334985,40.695890072514466,-73.9713130506188,Clear,14.232390707637883
TRIP_01604,2026-08-11 11:21:24,40.6886628238909,-74.00898271559961,40.692334590903165,-73.92790143061441,Clear,18.55396487020762
TRIP_01605,2026-08-03 23:24:08,40.66513356958706,-74.09108329291438,40.65280125153915,-74.08359028199796,Rainy,12.242399169339471
TRIP_01606,2026-08-14 06:59:10,40.71893351579974,-74.04648624178836,40.71480267074686,-74.05771639833686,Clear,5.466305790250441
TRIP_01607,2026-08-10 02:18:01,40.79403392292348,-73.99660998309787,40.82080756394605,-73.9591069760232,Clear,10.056948060733012
TRIP_01608,2026-08-17 01:52:15,40.728953963655805,-74.04535870349935,40.71050923446974,-74.02966444358204,Rainy,12.697587915557795
TRIP_01609,2026-08-17 09:03:42,40.70018232489369,-73.99583202700006,40.69771797476298,-74.01828904492605,Clear,11.26889002105112
TRIP_01610,2026-08-17 23:11:20,40.69820943655422,-73.97191282955924,40.73810763799216,-73.88496793950317,Clear,16.30692255163141
TRIP_01611,2026-08-10 15:35:34,40.63464045956517,-73.95787485570999,40.7327148558114,-73.94844922407759,Rainy,35.91931349403181
TRIP_01612,2026-08-09 05:43:00,40.75695548885736,-74.06730896789064,40.79128315344395,-74.05864505150949,Clear,8.18029131859801
TRIP_01613,2026-08-14 23:09:17,40.70890814014936,-73.89616769725106,40.70139029088404,-73.87137263669382,Clear,8.645318996732797
TRIP_01614,2026-08-13 08:26:54,40.70377600432047,-73.96762603277229,40.7127625792183,-73.89572252969602,Clear,27.99708419397511
TRIP_01615,2026-08-19 03:02:37,40.872455378392246,-74.00608570768345,40.89340304857682,-74.03647806747902,Clear,6.504589339091202
TRIP_01616,2026-08-09 09:08:16,40.72773764541829,-73.95152317084617,40.737254896899216,-73.92324359536356,Clear,18.278759045713343
TRIP_01617,2026-08-10 05:47:48,40.67521044749524,-73.8877296114,40.722302192497345,-73.80511144654619,Rainy,20.799716918516467
TRIP_01618,2026-08-11 19:06:03,40.691482120189725,-74.07793600505285,40.718006324680154,-74.05407414463066,Clear,23.394381306591484
TRIP_01619,2026-08-25 09:20:13,40.77022228545984,-74.01726313212457,40.817457857007135,-74.03432315150367,Clear,25.6814577885741
TRIP_01620,2026-08-25 16:27:13,40.71846352052689,-74.12492158299366,40.72903020681796,-74.12347348858249,Clear,6.452539144345987
TRIP_01621,2026-08-20 22:12:33,40.640886101084135,-73.9963674233676,40.700651107675775,-73.9701609474749,Clear,12.99473572691457
TRIP_01622,2026-08-09 02:03:43,40.75876144672876,-73.98773028790374,40.773766879200316,-73.92780617043455,Clear,13.163003997426152
TRIP_01623,2026-08-15 19:07:49,40.679392795723054,-74.00795810577213,40.670257099648914,-73.99813818110461,Clear,11.973219358930425
TRIP_01624,2026-08-05 01:27:21,40.80646488881088,-74.03872667854992,40.891784500242146,-73.99392712462695,Clear,22.748786763140735
TRIP_01625,2026-08-09 13:00:51,40.76680240328573,-74.10847572580941,40.732053070876894,-74.13153679062081,Clear,16.138497594040363
TRIP_01626,2026-08-04 16:41:01,40.69043390521706,-73.98732331582941,40.68827174345792,-74.01063486691727,Clear,12.244355378542402
TRIP_01627,2026-08-06 18:40:50,40.77685081808676,-73.93322827580424,40.778039982531844,-73.92771229646479,Rainy,14.521839774041755
TRIP_01628,2026-08-19 08:02:37,40.71619277552637,-74.03555092278667,40.81144196371807,-73.97241006113047,Clear,45.11538424549309
TRIP_01629,2026-08-06 16:44:44,40.75543868375611,-73.98399700354884,40.829644450280504,-73.96193076436343,Clear,21.32183884333381
TRIP_01630,2026-08-07 08:24:24,40.73703664086472,-74.084407215671,40.80185448517399,-74.055712879804,Clear,31.585290168652822
TRIP_01631,2026-08-18 00:53:21,40.670482167250455,-73.98313934681538,40.68056240737916,-73.95479695894817,Clear,8.719896216784283
TRIP_01632,2026-08-20 12:39:20,40.680622508384126,-74.02566911488724,40.77340784849938,-73.97239287540964,Clear,28.376596453175726
TRIP_01633,2026-08-23 08:32:08,40.76429804087906,-74.04412089753015,40.79534860099429,-74.04242751830628,Clear,21.521072866386742
TRIP_01634,2026-08-20 22:31:10,40.69606123339467,-74.04401818206081,40.745379134503764,-74.00336962880617,Clear,14.385720690718047
TRIP_01635,2026-08-20 03:28:47,40.692617576837904,-74.02568057910165,40.71800843827109,-74.0306070590173,Clear,5.759484390866429
TRIP_01636,2026-08-14 19:53:52,40.66504387103253,-73.98687833421538,40.68355987389283,-73.90738015453775,Clear,33.43323167761297
TRIP_01637,2026-08-18 21:25:21,40.73397995327967,-74.07160816005978,40.746426593061884,-74.07561989318869,Clear,10.96105473066133
TRIP_01638,2026-08-09 00:22:34,40.81592624596216,-74.02585576657839,40.82963704615958,-74.03232744567075,Clear,3.477095997530123
TRIP_01639,2026-08-20 00:34:45,40.659423354287284,-74.00807358889996,40.69767810374763,-73.97158349449532,Rainy,17.598395869774937
TRIP_01640,2026-08-14 22:29:21,40.71401097283364,-74.06095196122659,40.7450269667969,-74.03855830828363,Clear,9.508909189230451
TRIP_01641,2026-08-13 00:14:24,40.783411027770775,-73.91616673991625,40.80246688666467,-73.88636116772842,Clear,7.487674529310073
TRIP_01642,2026-08-20 06:15:51,40.70881793043772,-74.04867477400306,40.774103650218684,-74.02185536013829,Clear,20.997110724777016
TRIP_01643,2026-08-23 20:00:46,40.73541858981249,-74.03947184568167,40.66641599775027,-74.0521836116459,Clear,40.01185402897951
TRIP_01644,2026-08-20 14:18:05,40.65968032359266,-74.05491539749113,40.6949769410303,-73.98651462961874,Snowy,32.902108937913795
TRIP_01645,2026-08-06 00:29:15,40.73421535486038,-73.9160759956431,40.77574751606015,-73.86926972946642,Rainy,17.304997745310207
TRIP_01646,2026-08-18 12:43:49,40.703442786749775,-73.97835473857003,40.75785167279743,-73.91758624003202,Clear,18.259916892759826
TRIP_01647,2026-08-10 13:51:28,40.762086499784,-74.05282960031218,40.780140356552394,-74.0486795269855,Clear,8.877682295683892
TRIP_01648,2026-08-25 10:49:58,40.77216930257824,-73.950688422057,40.79840690459976,-73.91819271571555,Snowy,32.69358287231871
TRIP_01649,2026-08-24 11:16:59,40.842278182100934,-73.99596506528556,40.891856633600376,-73.97004401141852,Rainy,21.293291494410862
TRIP_01650,2026-08-24 02:30:20,40.74178165866068,-73.99313732894443,40.806516650789085,-73.93929725015839,Clear,17.485037629010638
TRIP_01651,2026-08-01 00:05:50,40.72908981582911,-74.02322386043762,40.74007373627375,-73.96841641648274,Clear,6.921620754146045
TRIP_01652,2026-08-24 03:21:12,40.72251921507887,-74.04347079934784,40.7505284885727,-74.0176792752591,Clear,12.852894116489068
TRIP_01653,2026-08-12 07:51:25,40.69514168535947,-73.98911169504727,40.76549890428993,-74.01465022900257,Rainy,25.1191779803069
TRIP_01654,2026-08-24 06:52:38,40.72972419217309,-74.03325436149979,40.686003379896725,-73.95986450488715,Rainy,26.5843391607625
TRIP_01655,2026-08-07 13:25:17,40.69802992949305,-73.91516221852125,40.69732955149862,-73.87848259551055,Clear,12.254078127304403
TRIP_01656,2026-08-23 18:55:23,40.721223048813485,-74.06946455526216,40.78519812817157,-74.0677176665039,Clear,37.23191283937774
TRIP_01657,2026-08-25 19:57:50,40.7786798767804,-73.92919216135725,40.83145601178865,-73.89699589720925,Snowy,53.27477332780243
TRIP_01658,2026-08-25 17:31:05,40.66247287173602,-74.01156594243989,40.69814622806382,-74.03689874889346,Rainy,27.766599205107788
TRIP_01659,2026-08-16 02:20:31,40.76979392805645,-73.99104571329894,40.77633602186318,-73.93938512127481,Clear,13.214360581924161
TRIP_01660,2026-08-02 14:19:10,40.778655753367,-73.96434211166853,40.77220119839743,-73.9884784639969,Clear,6.811826798589901
TRIP_01661,2026-08-19 17:53:10,40.70689657365045,-74.03751246475022,40.709160105073174,-74.02413749951134,Clear,13.8773800461761
TRIP_01662,2026-08-03 03:37:11,40.60670725504957,-73.96278758076507,40.67314750167413,-73.9354539472769,Clear,17.2262878347314
TRIP_01663,2026-08-21 03:29:43,40.68240890064528,-74.14137719276906,40.68355561997062,-74.0902120014096,Clear,4.401935599814468
TRIP_01664,2026-08-04 01:43:12,40.777649727328054,-74.0419994766611,40.800692416255245,-74.01880313636808,Clear,5.9248689803170755
TRIP_01665,2026-08-16 03:27:07,40.71165659688506,-74.05220314036706,40.709045367539204,-74.01315425415868,Snowy,14.865581271491951
TRIP_01666,2026-08-05 13:46:42,40.662834888385255,-74.0686753006186,40.70811810928823,-74.04952030787209,Rainy,15.080443874261064
TRIP_01667,2026-08-10 09:55:05,40.68756125393859,-74.01674774190394,40.6913994655282,-73.99771332043227,Clear,10.637970863150814
TRIP_01668,2026-08-16 20:35:57,,,40.7719031846206,-73.96414818408047,Rainy,24.516700291357772
TRIP_01669,2026-08-09 09:29:04,40.74013667841007,-73.97086700007503,40.70963521441878,-73.9565387377006,Clear,19.34343038975061
TRIP_01670,2026-08-10 15:30:10,40.70085339504152,-73.99395616213998,40.67245234795537,-74.02455326943242,Clear,13.761053913877376
TRIP_01671,2026-08-06 06:58:11,40.69445877940927,-74.03928467324468,40.714688975208915,-74.04233437805559,Rainy,13.28519778663355
TRIP_01672,2026-08-13 16:40:59,40.69321209254781,-73.98754917810874,40.67345737789188,-73.96020593287538,Clear,8.00535701010216
TRIP_01673,2026-08-08 15:52:02,40.666679490775074,-73.99978571525746,40.749832089955106,-73.98725934536212,Rainy,28.126521142432555
TRIP_01674,2026-08-05 20:56:54,40.79356878447347,-73.9591971916032,40.7517230911101,-73.94387146406865,Clear,27.906006416127315
TRIP_01675,2026-08-13 17:52:47,40.69668397653943,-73.96715316485343,40.69267871757951,-73.95685377493659,Clear,15.561789211765491
TRIP_01676,2026-08-25 13:10:49,,,40.7941589520593,-74.01038413108591,Clear,7.731679516347217
TRIP_01677,2026-08-08 11:50:51,40.78886580259612,-74.05086265030806,40.797911814462246,-74.04565563413735,Clear,7.7122740967653005
TRIP_01678,2026-08-02 08:21:08,40.7627155449074,-74.03864750779161,40.749591181207485,-74.02785246012327,Clear,15.116395720538986
TRIP_01679,2026-08-14 14:10:12,40.6912189843641,-74.03348946798191,40.68248114917924,-74.01333517376565,Snowy,15.630626735435694
TRIP_01680,2026-08-24 04:05:54,40.73298650451683,-74.02176331669581,40.72326688219185,-73.98996196636172,Clear,8.125635444052138
TRIP_01681,2026-08-05 00:24:49,40.71159021968045,-73.99259747862051,40.72298856883585,-73.97801398734708,Clear,5.543520922232644
TRIP_01682,2026-08-23 23:07:16,40.66761490696349,-73.9702412804936,40.746172779649015,-73.98113093816437,Clear,22.023869798349654
TRIP_01683,2026-08-23 10:29:10,40.72901796408608,-74.00855593465077,40.75135608298283,-74.03049839584834,Rainy,23.473102427247763
TRIP_01684,2026-08-03 07:39:56,40.65384801044201,-74.00519376060498,40.709335025123636,-73.90727064438373,Clear,26.393391898340393
TRIP_01685,2026-08-24 20:20:34,40.77218396942308,-73.99883468475,40.80739325979793,-74.01272913565793,Clear,24.358610370541577
TRIP_01686,2026-08-22 09:50:45,40.68956913513508,-74.03179526565661,40.742985007074545,-74.02735401569454,Rainy,33.53280685919108
TRIP_01687,2026-08-18 22:25:34,40.72285798279364,-74.05226961288214,40.65885905371584,-74.01675960380672,Snowy,27.90140452018244
TRIP_01688,2026-08-20 13:10:41,40.72696439357731,-74.09377189486554,40.73783065294287,-74.06294607657857,Rainy,13.303628634918853
TRIP_01689,2026-08-24 13:00:15,,,40.75906881400932,-74.005131497127,Clear,18.79241617392134
TRIP_01690,2026-08-25 05:17:15,40.74213469007376,-73.98234272733661,40.74498261539128,-73.97562423942259,Clear,5.6716289529325765
TRIP_01691,2026-08-19 15:04:26,40.68905481716887,-74.04114557190198,40.76192901211496,-74.01398882978279,Rainy,26.561198623661525
TRIP_01692,2026-08-12 05:56:33,40.756364864872864,-74.0178903518713,40.8208815694859,-73.99605004194407,Snowy,24.53424019833688
TRIP_01693,2026-08-16 20:22:42,40.64550101598766,-73.98267843562938,40.65142709450384,-73.97204237665562,Snowy,23.118741781943033
TRIP_01694,2026-08-12 10:22:19,40.71911897897732,-73.97996552517887,40.72402407340593,-73.95260323292572,Clear,14.519306649533823
TRIP_01695,2026-08-19 07:28:17,40.80974644995292,-74.0599766426083,40.799338274682285,-74.00831567620578,Rainy,17.508923800095385
TRIP_01696,2026-08-05 11:09:46,40.662783433769725,-73.95614703217731,40.66389560681381,-73.93681303888037,Clear,4.413303089675254
TRIP_01697,2026-08-05 16:31:54,40.67891275147376,-73.94963249553223,40.66193507954869,-73.93009891014154,Clear,11.93731997113526
TRIP_01698,2026-08-04 11:17:07,40.738495392482946,-74.06249249286093,40.771359727895934,-74.01044766181465,Clear,17.462394438235975
TRIP_01699,2026-08-20 16:39:12,40.721779089096984,-74.04719184348205,40.69809769429659,-73.9983510326875,Snowy,26.531401002721758
TRIP_01700,2026-08-23 02:34:38,40.73033150496368,-73.94644546584269,40.76844349544939,-73.87892737261379,Clear,16.123179981005283
TRIP_01701,2026-08-18 20:06:53,40.73725935650739,-74.01334267606276,40.77610171741439,-74.04602958309715,Clear,24.407119674721127
TRIP_01702,2026-08-23 01:38:01,40.74453607342809,-74.1169888973726,40.71469994127257,-74.0698353218775,Snowy,21.337471754710954
TRIP_01703,2026-08-07 13:14:15,40.76828499209781,-74.07598407523663,40.834779550287664,-74.03793667387457,Clear,19.896982084111585
TRIP_01704,2026-08-24 07:15:20,40.73329093284643,-74.01846848125862,40.768699211678886,-74.02503805319122,Clear,11.026129659555831
TRIP_01705,2026-08-07 10:23:35,40.70073711726907,-74.06415213251422,40.74322805791242,-74.03660449497426,Rainy,33.29962800304633
TRIP_01706,2026-08-18 22:12:48,40.74642868506014,-74.02667118853182,40.743668729013855,-73.97513753609908,Rainy,17.569628811418905
TRIP_01707,2026-08-12 17:41:38,40.807794096744765,-74.00438018931582,40.84646547029896,-74.00925495699039,Clear,27.53715905958098
TRIP_01708,2026-08-12 11:57:44,40.70616831268087,-73.93288726979826,40.759960116172536,-73.89961039692757,Snowy,32.204511548648384
TRIP_01709,2026-08-01 06:47:47,40.664073534766466,-74.0205226958114,40.68111528279633,-73.97438208553946,Clear,13.595861108045796
TRIP_01710,2026-08-21 15:47:13,40.76815403346435,-73.95237291002137,40.8482117072418,-73.96450349689731,Snowy,38.53414452484794
TRIP_01711,2026-08-11 18:42:01,40.70678094180232,-73.93456199189816,40.72810288084971,-73.91883056267152,Rainy,22.603834430979656
TRIP_01712,2026-08-07 08:40:13,40.6041665226993,-73.9342845165324,40.65839009671288,-73.90525546523313,Clear,28.28623811918392
TRIP_01713,2026-08-10 15:23:49,,,40.78396134807528,-73.99564621549702,Rainy,16.683838877738797
TRIP_01714,2026-08-01 23:33:19,40.68603359070231,-74.10416445739195,40.72359923668802,-74.11053905336475,Clear,14.38472536699052
TRIP_01715,2026-08-04 01:03:54,40.70827333588479,-73.9829587567298,40.67813336785575,-73.96701009478568,Clear,8.14477965502407
TRIP_01716,2026-08-06 21:03:49,40.729399016528454,-73.95358000560933,40.760530628674914,-73.90953081410221,Snowy,21.76434880000476
TRIP_01717,2026-08-05 10:44:34,40.722324983988955,-74.01005335527176,40.720275730951236,-73.970741335236,Clear,17.564804389187806
TRIP_01718,2026-08-19 19:10:10,40.748272590856956,-73.91877080649624,40.74288064168363,-73.92461318837184,Clear,13.600426902610101
TRIP_01719,2026-08-21 01:53:46,40.69102568147151,-73.96300832192662,40.76334877700549,-73.92344328537315,Clear,22.073625761124514
TRIP_01720,2026-08-22 07:33:39,40.738455289908806,-73.97758633114236,40.75204218246694,-73.98266452442736,Clear,10.760473191566543
TRIP_01721,2026-08-24 19:22:14,40.6998226661208,-73.9516809644397,40.68972361119154,-73.97998605837951,Rainy,26.6133552455125
TRIP_01722,2026-08-16 12:54:30,,,40.75896657520111,-73.98034581456838,Snowy,11.135473071826093
TRIP_01723,2026-08-17 13:13:00,40.743568374200656,-74.13064052496976,40.724554867333,-74.0769514438222,Clear,13.343978454946102
TRIP_01724,2026-08-24 00:34:53,40.66602806489777,-74.03095694757351,40.72904459894366,-73.99127813100927,Clear,13.775764161047418
TRIP_01725,2026-08-24 14:04:36,40.767099105808754,-73.94614159863761,40.76622868348376,-73.9261887528588,Clear,7.0353191616768
TRIP_01726,2026-08-04 13:19:38,40.6860018277443,-74.04637956700492,40.72188082576261,-74.03888073151265,Clear,14.906854992275763
TRIP_01727,2026-08-22 23:46:10,40.75320288991406,-74.01717362526185,40.813886091340365,-74.00886648934534,Clear,18.103079673887773
TRIP_01728,2026-08-14 05:26:09,40.73116436567007,-74.05824181569515,40.736159785233625,-74.03497826851932,Clear,7.950756182204759
TRIP_01729,2026-08-07 09:45:25,,,40.840669856807935,-73.92885699481529,Clear,20.690595780609513
TRIP_01730,2026-08-05 21:32:50,40.701626700881405,-73.9219253771291,40.690724119234275,-73.91236859748514,Clear,5.777794227262156
TRIP_01731,2026-08-08 18:48:50,40.69533416019409,-74.05019344475704,40.7887072472675,-74.03666052859784,Snowy,78.99851587930706
TRIP_01732,2026-08-16 03:39:24,40.71182901970562,-73.99863509998055,40.75992042374412,-74.01916733373409,Rainy,17.296647363455644
TRIP_01733,2026-08-04 12:59:06,40.69764101085829,-74.04002470238821,40.71186281769547,-74.04517814991513,Rainy,7.837787340036211
TRIP_01734,2026-08-01 08:58:27,40.7527970950971,-73.97525276804843,40.74961208317043,-73.94293756430385,Clear,18.627076714293967
TRIP_01735,2026-08-04 13:29:08,40.63198446957817,-73.98051584613788,40.64856457299298,-73.96023049093965,Rainy,12.192879036816288
TRIP_01736,2026-08-03 14:26:28,40.660115879042685,-73.96541472141934,40.66991636737214,-73.95467757515513,Snowy,15.040455049302675
TRIP_01737,2026-08-05 00:42:50,40.65940985392104,-73.98940407761461,40.73799819054103,-73.99674690074075,Snowy,30.606778578263693
TRIP_01738,2026-08-05 21:28:55,40.76031537959868,-73.85922968968057,40.74354933793223,-73.7919241949129,Clear,17.53068785212227
TRIP_01739,2026-08-17 18:48:36,40.7983306686291,-74.05739618825054,40.822374711327804,-74.06253556469092,Clear,17.34611679212575
TRIP_01740,2026-08-24 19:26:08,40.70757753907313,-74.09153016772183,40.72702739707412,-74.06398238350397,Clear,19.733407936793363
TRIP_01741,2026-08-22 05:58:52,40.7043589138405,-74.02565451003507,40.720836604830154,-74.02029058267728,Clear,8.303585396036214
TRIP_01742,2026-08-13 20:10:54,40.71630260815566,-74.084399413278,40.73304410850751,-74.06331103449885,Snowy,30.787592662255104
TRIP_01743,2026-08-24 22:32:48,40.77089391513041,-74.0806231135003,40.787411790826795,-74.04689482124208,Clear,7.2014411430111895
TRIP_01744,2026-08-06 02:15:12,40.666432343290474,-74.0560657327099,40.71262432528044,-74.07717343038614,Clear,12.92058066065474
TRIP_01745,2026-08-12 10:22:01,40.72471844913674,-74.05210944527158,40.76298798253151,-74.03230793259618,Clear,23.39751064403224
TRIP_01746,2026-08-19 07:44:45,40.76155988148912,-74.05373090509751,40.7941272298303,-73.99800904562811,Clear,19.59953378571707
TRIP_01747,2026-08-15 16:14:52,40.737854708497,-73.98008905247772,40.66683502763264,-73.90724399567296,Snowy,44.817156670137024
TRIP_01748,2026-08-10 00:43:40,40.722279080829935,-74.03130945305426,40.75127292705483,-74.01520987225192,Clear,9.467058427726094
TRIP_01749,2026-08-23 04:21:26,40.76285230462836,-74.01497572874362,40.73318312382326,-73.99372529252712,Clear,8.91085115593156
TRIP_01750,2026-08-15 02:18:38,40.57763838535004,-73.96128836127495,40.61702799024412,-73.8749483704169,Clear,17.150345999217837
TRIP_01751,2026-08-07 06:33:33,40.746693765976545,-74.04431612623907,40.81092868700366,-73.9902683977911,Clear,20.89090006606755
TRIP_01752,2026-08-12 04:03:06,40.68009621584363,-74.01922729493523,40.672309042465976,-74.01774583201289,Rainy,8.032032370688551
TRIP_01753,2026-08-16 02:20:33,40.62126835515718,-73.98771200069535,40.6334149334869,-73.98628150422194,Rainy,10.103856884401594
TRIP_01754,2026-08-17 08:19:39,40.73836012997625,-74.10307839003102,40.74037945882466,-74.0543819061774,Clear,23.628020237878832
TRIP_01755,2026-08-12 06:45:27,40.781482927258146,-74.12524527544753,40.83854588053085,-74.1355763893489,Snowy,29.450570561256605
TRIP_01756,2026-08-16 00:09:10,40.705927574268614,-73.98869413356012,40.72877841082678,-73.93606233101995,Clear,11.155055451852682
TRIP_01757,2026-08-07 17:18:13,40.76044372736015,-73.98139928597166,40.832293608777135,-73.95137028705913,Clear,38.32612810954448
TRIP_01758,2026-08-17 22:18:53,40.79341391289943,-73.90278899325737,40.825826538987855,-73.86725737033656,Snowy,15.674183881182035
TRIP_01759,2026-08-13 22:02:33,40.778545722679205,-73.99809525620665,40.80581922809828,-73.98579727031105,Clear,6.721607968437924
TRIP_01760,2026-08-25 08:30:38,40.79479822646857,-73.9650130141371,40.816844429946656,-73.9639077582645,Clear,15.781103243648099
TRIP_01761,2026-08-14 04:51:46,40.749906374553596,-74.0157736321793,40.79444613753132,-73.95191384725325,Clear,16.455696563546443
TRIP_01762,2026-08-20 00:51:30,40.716571681945084,-73.99113863892075,40.68444109599773,-73.97854075733736,Rainy,13.935041879937014
TRIP_01763,2026-08-07 04:56:03,40.63270170940514,-73.92263715791252,40.65526202807076,-73.91496521020973,Snowy,12.28587361279481
TRIP_01764,2026-08-11 18:37:19,40.7004968755935,-74.11219964090628,40.718395482281664,-74.09460375294267,Clear,16.953268510033958
TRIP_01765,2026-08-18 04:51:46,40.67063767023419,-73.98531918712142,40.712400235048925,-73.95952852313988,Clear,11.665258811407394
TRIP_01766,2026-08-21 19:05:35,40.821347135874895,-73.89922066349614,40.83571608769867,-73.91014541729773,Clear,14.873594657004048
TRIP_01767,2026-08-17 14:17:37,40.704005709378386,-73.99189828903954,40.692843676353505,-73.98884443386575,Rainy,11.171745741894558
TRIP_01768,2026-08-24 19:21:50,40.71896024033923,-73.92347135183836,40.73918076058682,-73.92201231405554,Clear,14.490052826998127
TRIP_01769,2026-08-12 08:39:59,40.74037426880202,-74.03746060747648,40.72788905293597,-73.99210219833827,Rainy,25.016502441463494
TRIP_01770,2026-08-15 00:28:01,40.71498012231862,-74.00760237470818,40.677222255941,-74.01418125174818,Rainy,13.411845292500919
TRIP_01771,2026-08-25 02:29:18,40.797552552021536,-74.00432376488057,40.8393662264661,-74.03699680061331,Clear,9.91131979848056
TRIP_01772,2026-08-10 13:18:57,40.68166753191328,-74.11687955396793,40.71903937909412,-74.15589239085512,Clear,11.79808329874712
TRIP_01773,2026-08-11 20:05:50,40.72253037276187,-74.0644088913925,40.756543101081675,-74.08852029543277,Clear,21.468092698151708
TRIP_01774,2026-08-14 07:01:53,40.675676470715096,-74.0608437539692,40.73476432337347,-73.99999760788376,Clear,21.184875841913012
TRIP_01775,2026-08-18 21:56:29,40.646798874438964,-73.96489669609838,40.64684791772984,-73.94441049811385,Clear,9.717835993887517
TRIP_01776,2026-08-04 02:01:55,40.682211545454734,-73.9623923447158,40.659278121171596,-73.92735487211158,Clear,11.54782157250545
TRIP_01777,2026-08-04 17:42:08,40.71094816014758,-73.98979817786467,40.72884726684334,-73.95370354605103,Clear,25.26239706764365
TRIP_01778,2026-08-08 20:07:04,40.691334888774136,-73.96479485515721,40.70090987978296,-73.94310933760543,Clear,16.81962304437799
TRIP_01779,2026-08-13 06:20:28,40.67817895100631,-74.0142074706361,40.672910079503204,-73.99645090953564,Rainy,11.153126401925318
TRIP_01780,2026-08-05 12:51:47,40.64248412681641,-73.94590341652302,40.660088652211776,-73.89456762362848,Rainy,18.356113510748788
TRIP_01781,2026-08-14 04:54:50,40.708644721368564,-74.0055605778684,40.71029656698243,-73.98118070043901,Snowy,12.008089864554677
TRIP_01782,2026-08-04 23:21:55,40.63756398129845,-74.00310679762866,40.602483822797744,-73.94113387325076,Clear,18.601038753215374
TRIP_01783,2026-08-11 01:44:15,40.75080279818448,-74.01927963166312,40.75756749746067,-73.98065473330443,Clear,9.86554779599719
TRIP_01784,2026-08-09 15:38:15,40.71692198764673,-73.97177747611818,40.702830732645616,-73.97031136432261,Clear,8.840031709812308
TRIP_01785,2026-08-13 04:58:46,40.639922425026754,-74.02705994083064,40.66687186717508,-74.02197396154673,Clear,6.55329244663166
TRIP_01786,2026-08-07 17:58:19,40.69733954614751,-73.9571784311401,40.69765850340029,-73.95900237533372,Clear,10.388934426274117
TRIP_01787,2026-08-23 01:39:29,40.67519217972047,-74.0626074570358,40.7285411239447,-74.00608101637728,Clear,17.490993808459137
TRIP_01788,2026-08-10 09:10:52,40.72875872552096,-74.0609458127364,40.796874707539,-74.05309734132477,Clear,34.550029641810994
TRIP_01789,2026-08-21 07:15:47,40.77982252230116,-73.97162866224367,40.820203963491515,-73.97558284614766,Clear,15.26522994214779
TRIP_01790,2026-08-17 05:49:48,40.619041376517714,-74.01042721072915,40.592510591058215,-73.98083386949534,Clear,9.931791032969615
TRIP_01791,2026-08-12 14:30:06,40.71855130395737,-74.02869457080766,40.78370718392374,-74.01160958399883,Clear,19.434275274198434
TRIP_01792,2026-08-14 03:48:25,40.70479336022167,-73.96149711337623,40.77206497373288,-73.93266005799897,Clear,16.439732529619963
TRIP_01793,2026-08-11 05:41:28,40.74636700382253,-74.03636307070431,40.76693071916176,-73.9596686535875,Rainy,19.667859788802303
TRIP_01794,2026-08-15 05:47:11,40.72345983141189,-74.01601006271503,40.78314761622195,-73.96861793853716,Clear,18.927346708837405
TRIP_01795,2026-08-19 15:45:37,40.67520153341306,-73.93603860249644,40.67865127927166,-73.91522828586739,Clear,10.738010379392716
TRIP_01796,2026-08-09 21:32:25,40.69684730321667,-73.92904288270947,40.66085992517118,-73.95129558423565,Clear,15.345327802561886
TRIP_01797,2026-08-22 07:06:45,40.67299870715983,-73.92738008948649,40.67019017400118,-73.92237896440275,Clear,10.108038276420825
TRIP_01798,2026-08-08 10:59:23,40.766600356929935,-74.02010628884669,40.83847938291128,-73.97877490577034,Rainy,41.34976606856803
TRIP_01799,2026-08-09 18:38:37,40.7138655824336,-73.94446485475078,40.68913318472526,-73.95959608594063,Clear,18.99338134879474
TRIP_01800,2026-08-18 04:18:42,40.80785953428765,-74.05344764138843,40.8278451727456,-73.96921853249852,Rainy,20.628129215482073
TRIP_01801,2026-08-05 23:24:08,40.70976695930927,-74.0513451437361,40.73079127610948,-74.03091264685703,Clear,7.301166669283469
TRIP_01802,2026-08-24 07:42:58,40.67737966165448,-74.12352279263122,40.68199043433544,-74.10205734083493,Clear,6.90312148124022
TRIP_01803,2026-08-22 05:14:37,40.63711428036936,-73.92235658990508,40.643808632374245,-73.92235594569382,Snowy,5.390388830587747
TRIP_01804,2026-08-22 10:28:14,40.622643016187205,-74.04919899245381,40.64481049021429,-74.01429685975054,Rainy,25.754116563570882
TRIP_01805,2026-08-12 08:41:28,40.633593202849724,-74.01232662898735,40.63672833259168,-74.02706668318302,Clear,13.921608680150094
TRIP_01806,2026-08-15 16:15:57,40.72615633255057,-74.05151621709642,40.70349457763554,-73.96656943942338,Rainy,27.78183438216419
TRIP_01807,2026-08-22 07:48:42,40.738236251161496,-73.9712417375835,40.7646872094498,-73.91172119844394,Clear,15.121291213969634
TRIP_01808,2026-08-11 05:24:53,40.633740464898395,-74.02478168303587,40.685941462371744,-73.97525278967996,Clear,15.883160533409471
TRIP_01809,2026-08-02 00:51:37,40.75755191570381,-74.07124084452165,40.80363909126341,-74.09295371469535,Clear,15.420792450765818
TRIP_01810,2026-08-25 04:54:53,40.688646947415826,-73.9839168717907,40.68435488339413,-73.95775447367697,Snowy,9.898883087135895
TRIP_01811,2026-08-22 08:04:49,40.72013965059928,-74.0776865012405,40.70260281313795,-74.02141390930008,Clear,24.092637335365424
TRIP_01812,2026-08-24 18:14:46,40.793411031412774,-74.04787028626578,40.80488539494813,-74.01007712428505,Rainy,28.313997846881186
TRIP_01813,2026-08-09 13:36:29,40.757641965793276,-74.1113444557313,40.824675711087146,-74.12140772887031,Clear,20.023634369749416
TRIP_01814,2026-08-17 14:19:56,40.69937346760471,-74.07719790560988,40.73874140997349,-74.07670071826914,Clear,15.456698781983517
TRIP_01815,2026-08-17 23:55:24,40.66824038872924,-73.99707354151397,40.70935932903306,-73.99063162565415,Rainy,11.781428802954705
TRIP_01816,2026-08-09 12:21:12,40.605209229933536,-74.10422680190514,40.6519049384871,-74.1023299369398,Clear,13.377948466329352
TRIP_01817,2026-08-05 13:29:38,40.67684233403788,-74.08005728623108,40.70946533091344,-74.01419392115977,Clear,19.629603692438852
TRIP_01818,2026-08-25 04:11:34,40.70224348805861,-74.00611844580664,40.72586174448702,-74.04374883997133,Clear,7.1840023393352155
TRIP_01819,2026-08-09 09:00:45,40.66344102364244,-74.03318034480465,40.70331023054188,-73.99350277061488,Rainy,35.12832718408575
TRIP_01820,2026-08-01 09:42:59,40.70623715164539,-73.90639816820203,40.70985216851885,-73.92516726944989,Clear,14.123077225848693
TRIP_01821,2026-08-20 01:54:33,40.71664259414794,-73.91430517269877,40.69420870380695,-73.9231427173223,Clear,9.649268232337933
TRIP_01822,2026-08-23 23:27:10,40.7015572009096,-74.04939612313756,40.743247108948324,-74.08968812414362,Clear,12.255394057938087
TRIP_01823,2026-08-08 02:40:57,40.68029987095883,-73.97814311907983,40.7374320141313,-73.9746147520146,Snowy,25.11822976065458
TRIP_01824,2026-08-16 15:41:05,40.721232733598335,-73.96853587215602,40.70768577541765,-73.90321392260985,Clear,14.071119030229879
TRIP_01825,2026-08-20 23:51:51,40.73489703247847,-74.03587394290122,40.77955467695095,-74.00792921562727,Rainy,15.801205798291164
TRIP_01826,2026-08-11 07:19:31,40.65828004612786,-74.08077707682492,40.728703017529504,-74.0967279232349,Rainy,27.230489842023633
TRIP_01827,2026-08-01 05:27:07,40.783346618987316,-74.0066149224654,40.8032792329346,-73.95610049223403,Clear,9.875100475379492
TRIP_01828,2026-08-14 02:01:21,40.70787059338579,-74.0146422837407,40.70333052784354,-73.95770315583364,Clear,12.1579430463278
TRIP_01829,2026-08-01 10:20:05,40.71374248114724,-74.02778822484854,40.73743304135304,-74.00466683041736,Clear,16.19647908094713
TRIP_01830,2026-08-08 06:05:49,40.74821072116283,-73.98388415659177,40.75169470211681,-73.90284168184719,Clear,19.212888959239887
TRIP_01831,2026-08-12 07:23:26,,,40.725958903264484,-73.99888955661154,Clear,16.015755975617495
TRIP_01832,2026-08-21 18:27:58,40.76045683169566,-74.06359987737896,40.79345235371381,-74.02312030216018,Rainy,32.62362393314565
TRIP_01833,2026-08-24 04:18:08,40.72715620826009,-74.00054585148251,40.69904432400919,-74.0046472126975,Clear,8.986806849640256
TRIP_01834,2026-08-25 11:46:54,40.68217813126798,-73.98670149537156,40.65886026359321,-73.94787954080292,Clear,10.117022242876807
TRIP_01835,2026-08-13 23:12:52,40.730875176260305,-74.064832247195,40.75145390267152,-74.03832850886687,Clear,7.449574942382055
TRIP_01836,2026-08-21 04:01:50,40.65561368963397,-73.95959546945045,40.67494443346659,-73.92400059937032,Clear,11.311709744477978
TRIP_01837,2026-08-08 13:30:05,40.71822798528883,-74.0945240568888,40.748534622600026,-74.09506162546305,Clear,10.879240190173869
TRIP_01838,2026-08-25 06:45:30,40.711138500467776,-74.03490567293578,40.787395262122274,-74.01106270640501,Rainy,30.641200919873462
TRIP_01839,2026-08-06 15:26:29,40.702394157136375,-74.01890042680988,40.72552957821865,-74.02340627181633,Clear,10.91260968448634
TRIP_01840,2026-08-04 06:15:35,40.706373124428055,-74.03781118563259,40.744318288938096,-74.08222514863158,Clear,16.151104862457256
TRIP_01841,2026-08-07 20:01:54,40.61870754772512,-74.03425302367756,40.60944155965668,-73.98430388662021,Rainy,29.953507734357462
TRIP_01842,2026-08-08 09:26:01,40.68536375461295,-73.91244627588459,40.72840188451845,-73.93751794533527,Clear,26.11171248849065
TRIP_01843,2026-08-06 03:20:00,40.71744224505706,-74.04854420445194,40.72165051910374,-74.02532861050847,Rainy,9.992595977955075
TRIP_01844,2026-08-06 11:26:13,40.72079281959987,-73.8839389138764,40.742935444577306,-73.85394884999293,Clear,9.000197178723152
TRIP_01845,2026-08-15 23:17:16,40.661416242953706,-73.98414366101345,40.678150784201634,-73.95434677053755,Rainy,9.775039204572677
TRIP_01846,2026-08-09 14:17:55,40.776085392043235,-74.0013972431344,40.82707461909066,-73.98988961534235,Clear,10.965718053441332
TRIP_01847,2026-08-21 17:04:47,40.66949125758928,-73.98218798233061,40.650191960958026,-73.95405163807222,Clear,17.787622404027637
TRIP_01848,2026-08-09 21:34:43,40.76127286002634,-73.8795036125374,40.71277570098788,-73.84537460044385,Clear,16.596019876251855
TRIP_01849,2026-08-24 13:00:40,40.734159718093586,-74.05567965019657,40.74775673718095,-74.01363070572401,Clear,10.59172569072296
TRIP_01850,2026-08-09 19:12:39,40.68048863450781,-74.06202089594682,40.71454457221496,-73.99001765576529,Rainy,43.51974320211667
TRIP_01851,2026-08-11 13:47:42,40.80156554463048,-74.0437433098286,40.8261336259047,-74.01671748528365,Clear,14.890532788976351
TRIP_01852,2026-08-19 21:41:25,40.65311815841218,-74.00439284265177,40.71008428553459,-73.98247137730124,Clear,20.25473056763862
TRIP_01853,2026-08-08 10:24:39,40.7587577086805,-74.09228855624063,40.79187888890589,-74.09949042520114,Clear,18.554669312299314
TRIP_01854,2026-08-25 19:41:48,,,40.76591366594636,-73.97180464831709,Clear,20.69180413085842
TRIP_01855,2026-08-23 10:43:09,40.679268989546166,-73.92132264332932,40.629506384921974,-73.8813011502351,Clear,31.172147326716697
TRIP_01856,2026-08-20 16:02:38,40.78242326500322,-73.99842963046876,40.79530389797736,-73.98419872599722,Clear,9.97166584528533
TRIP_01857,2026-08-03 16:54:39,40.700297674270054,-74.02063427294877,40.75113644433779,-73.98429589782324,Clear,18.456070277852263
TRIP_01858,2026-08-21 21:18:13,40.727234681464,-74.03690802243418,40.73547324798398,-74.02568350824066,Clear,9.830070881342087
TRIP_01859,2026-08-05 18:44:49,40.72581609193856,-73.96107441477243,40.7466656998489,-73.92094463520976,Snowy,41.92869339459752
TRIP_01860,2026-08-23 10:54:43,40.70608456292648,-74.0472916386619,40.73872537055568,-73.99991356924102,Clear,22.840339145859723
TRIP_01861,2026-08-08 11:00:49,40.75334041365799,-73.91368020397003,40.74288164243049,-73.86672136796811,Clear,12.868552608377442
TRIP_01862,2026-08-02 11:18:22,40.75247443602761,-73.90933201261429,40.79117151292677,-73.88579668283005,Clear,13.370681273089549
TRIP_01863,2026-08-07 06:00:17,40.625373401338095,-73.99316246006691,40.694487055038145,-74.00436150461542,Rainy,28.936561566008763
TRIP_01864,2026-08-08 09:28:22,40.778017012143906,-74.00657575440383,40.7928326115871,-74.00493314598307,Clear,12.12944074168887
TRIP_01865,2026-08-01 14:14:27,40.62967540059822,-73.95446700958792,40.615803467943245,-73.91661228987137,Clear,10.591125108431976
TRIP_01866,2026-08-04 09:39:31,40.76442731021709,-73.95126007488864,40.78242927940643,-73.85779570571643,Clear,36.0405175963515
TRIP_01867,2026-08-14 12:20:48,40.76913525684138,-74.04629958655298,40.722403733583114,-74.03652120969893,Clear,16.0417364146227
TRIP_01868,2026-08-07 05:08:19,40.65825167848924,-74.03232775665684,40.68835877640854,-73.9986526263052,Clear,15.247715274958939
TRIP_01869,2026-08-20 07:13:19,40.69225928560227,-74.07211737173417,40.72582751693172,-74.06879894845855,Rainy,14.507531259328331
TRIP_01870,2026-08-03 22:44:20,40.6575147665757,-73.9855467530833,40.72778385539107,-73.99476576441077,Clear,15.525735694195388
TRIP_01871,2026-08-09 20:40:53,40.70205394848556,-73.97266860582715,40.71623410470856,-73.97295808173448,Clear,16.920956218744713
TRIP_01872,2026-08-22 10:05:54,40.69739828579071,-74.07349628189306,40.72965284593511,-74.11597044119414,Rainy,28.922284568982544
TRIP_01873,2026-08-12 03:03:56,40.75178302661347,-74.02875994524081,40.74594438354189,-73.96815689335358,Clear,14.873377817979776
TRIP_01874,2026-08-23 21:16:38,40.778315437305984,-74.07336269587907,40.78762262369023,-74.1202666034665,Clear,10.75000318898585
TRIP_01875,2026-08-06 19:28:39,40.7825841905395,-74.05093999051219,40.75682862743964,-74.03885483742421,Clear,21.162083151224298
TRIP_01876,2026-08-07 07:40:32,40.68469159867109,-73.97844914698868,40.69884791003259,-73.99379298384918,Snowy,11.741365844085088
TRIP_01877,2026-08-03 17:50:58,40.702338906312775,-74.04267410333391,40.71317963170722,-74.04920550979477,Clear,13.860989600663842
TRIP_01878,2026-08-11 15:17:58,40.62862809038895,-74.02104129780162,40.657604083371616,-73.95974561800945,Clear,14.447395497038116
TRIP_01879,2026-08-06 01:03:04,40.67250649667519,-74.08736558639737,40.673798590265214,-74.06133357669643,Clear,11.372705501309463
TRIP_01880,2026-08-21 13:00:21,40.76104258165488,-73.99665048951377,40.78354294218413,-74.00561237428921,Clear,8.083272841143565
TRIP_01881,2026-08-14 20:12:53,40.79357914117741,-74.00821366599223,40.80357773950918,-74.00589917996713,Clear,11.405729066639536
TRIP_01882,2026-08-16 03:28:58,40.651082556406,-74.04244796250165,40.66113757475702,-74.04541239911492,Rainy,8.653889498317307
TRIP_01883,2026-08-06 08:32:21,,,40.705587656821244,-73.9967570850465,Clear,16.233351205483633
TRIP_01884,2026-08-17 22:35:05,40.711479712152055,-73.99698525597483,40.73269540042156,-73.97179850543121,Rainy,13.200585703466919
TRIP_01885,2026-08-16 06:28:26,40.72680805794098,-74.04674340744546,40.76964327911253,-73.9698761642486,Clear,19.655013175623658
TRIP_01886,2026-08-05 08:23:18,40.67231982400392,-74.07981312720008,40.68870053298003,-74.11730215018001,Snowy,31.87178438290754
TRIP_01887,2026-08-01 07:51:54,40.73400305222321,-73.91572127836567,40.74350649174952,-73.89676564780841,Snowy,14.955889424202924
TRIP_01888,2026-08-04 22:31:48,40.68910803264646,-74.03766363523552,40.70368380929384,-74.02713066601156,Clear,4.523047679229386
TRIP_01889,2026-08-01 01:20:30,40.71207738645609,-74.01083800515934,40.71063746295086,-73.96244154932783,Clear,11.324412824449531
TRIP_01890,2026-08-14 21:33:32,40.74011421240019,-73.95545801324899,40.74931687959319,-73.92481346970364,Rainy,15.474872676694307
TRIP_01891,2026-08-25 12:31:54,40.71312111349055,-73.82954724062148,40.79405587488275,-73.79183637437804,Clear,25.1933431588124
TRIP_01892,2026-08-08 21:40:55,40.69098070547367,-74.06822432249444,40.683600342652795,-74.03787173691398,Clear,11.66174542337284
TRIP_01893,2026-08-20 20:33:48,40.70731950980371,-73.98350863931367,40.71895981978733,-73.99146837307218,Snowy,20.372492041680783
TRIP_01894,2026-08-06 02:26:19,40.708381852039736,-74.0413776142647,40.71675719214164,-73.98503964936991,Clear,10.818940214918026
TRIP_01895,2026-08-17 05:39:13,40.694299448505895,-74.03293951522883,40.70688430013856,-73.98898436809036,Clear,9.88323340080594
TRIP_01896,2026-08-10 19:41:14,40.699860196866645,-74.04201060105034,40.709923017600296,-73.99454470729859,Rainy,34.05256000387646
TRIP_01897,2026-08-08 10:47:57,40.792732358525235,-74.06228274839003,40.82110956156186,-74.00436124327481,Clear,25.419979290735746
TRIP_01898,2026-08-03 14:44:30,40.74084597239706,-74.00806456808924,40.70954071935531,-73.97553431506968,Clear,9.25811185538311
TRIP_01899,2026-08-11 13:38:18,40.69802598409854,-74.07972513435242,40.7491411282745,-74.01529536222888,Clear,18.712744142178973
TRIP_01900,2026-08-15 05:19:21,,,40.7866252042148,-73.9273304345208,Clear,10.796034379673005
TRIP_01901,2026-08-07 23:13:53,40.6961090255122,-74.00324985319833,40.67882287793031,-73.98982161083906,Snowy,8.554843164325863
TRIP_01902,2026-08-04 08:38:24,40.771456231879334,-73.98487825135493,40.72338391369076,-73.96507636866943,Snowy,45.99942039283548
TRIP_01903,2026-08-15 02:36:48,40.73128210960991,-74.02930943059731,40.721969945225666,-74.0100247436414,Clear,3.9439102492624474
TRIP_01904,2026-08-24 00:32:15,40.70743489279979,-74.02436019671059,40.72015489895698,-74.0199419363733,Rainy,9.134250959813834
TRIP_01905,2026-08-23 13:10:45,40.73518584629051,-73.99162180474164,40.83259460325124,-73.92266513929053,Clear,27.39367344796017
TRIP_01906,2026-08-08 18:33:22,40.63425619239658,-74.0642025316203,40.670553901345805,-74.03531367065519,Clear,28.987379417554685
TRIP_01907,2026-08-10 04:46:00,40.65646162655451,-74.02389952172067,40.622233937079066,-74.00105736744568,Clear,10.27351521115843
TRIP_01908,2026-08-02 18:21:16,40.65310374968005,-74.04898067569393,40.65241408453302,-74.01733244804613,Clear,17.65723196924282
TRIP_01909,2026-08-15 23:49:20,40.719947154738186,-74.05052844052955,40.73835078165,-73.94113280502744,Clear,20.164516939313362
TRIP_01910,2026-08-08 20:13:07,40.799425749974255,-74.11149191203128,40.8270362566032,-74.12544363768927,Clear,18.818622377365042
TRIP_01911,2026-08-22 22:39:50,40.82436500730963,-73.939033670526,40.80492254150032,-73.94438482587749,Clear,8.684385318530872
TRIP_01912,2026-08-13 04:09:38,40.74470255507204,-74.04032693765768,40.76065284823272,-74.06174406818108,Clear,7.084449336999088
TRIP_01913,2026-08-09 13:37:09,40.73784222374722,-73.94783119724183,40.73631304961891,-73.93480917439489,Snowy,11.085653670378912
TRIP_01914,2026-08-01 10:39:05,40.62274711329236,-73.95256038393029,40.60963435641429,-73.92519483063047,Snowy,28.28444156860896
TRIP_01915,2026-08-17 03:05:46,40.6856663100133,-74.07029998532583,40.71345417941427,-74.06425966087606,Rainy,9.534277639213112
TRIP_01916,GARBAGE_TIMESTAMP_TEXT,40.67341081240459,-74.06042056178364,40.71662712760787,-74.0566123657282,Clear,14.250513028655545
TRIP_01917,2026-08-19 06:23:50,40.681757620087446,-73.87797485203221,40.7269888583963,-73.85370270603336,Clear,16.538422481556427
TRIP_01918,2026-08-10 18:10:02,40.70439280907076,-73.91845370290365,40.741624399604774,-73.91351693764854,Clear,19.36145134926945
TRIP_01919,2026-08-11 05:05:46,40.68919547111515,-74.0075759256664,40.69427438512094,-73.97827065085092,Clear,10.237787837159752
TRIP_01920,2026-08-03 21:56:10,40.613835009481214,-73.99313134467913,40.65527150232512,-73.93970431427685,Clear,19.524527592964944
TRIP_01921,2026-08-08 22:54:07,40.75019551280588,-74.03754232014737,40.77946714594901,-73.99723140605334,Clear,7.815887805216142
TRIP_01922,2026-08-23 15:34:07,40.65916284871301,-73.98438236428998,40.68318110520157,-73.93795196387502,Clear,10.458847693606284
TRIP_01923,2026-08-08 12:32:41,40.72476234320556,-74.04185909503613,40.726411549554506,-73.98928154269093,Rainy,19.713290948398402
TRIP_01924,2026-08-05 04:16:21,40.8165041334875,-74.10761768821492,40.82159784966725,-74.07913284341136,Clear,9.46984470926124
TRIP_01925,2026-08-14 05:31:13,40.66683077042068,-74.07207778932555,40.68904737850442,-74.05683702010684,Clear,9.701594511731168
TRIP_01926,2026-08-12 19:21:29,40.586285623862686,-74.00494536260747,40.679481857872254,-74.00811295473397,Clear,43.46517492737433
TRIP_01927,2026-08-22 00:04:17,40.698499788906,-74.06255336177513,40.72753706330874,-74.0542887066842,Clear,12.94221730264328
TRIP_01928,2026-08-14 06:28:56,40.76784798174993,-74.00936387324568,40.769512326682424,-74.00507443922598,Clear,4.301752418873794
TRIP_01929,2026-08-15 08:46:58,40.81071737271103,-74.05973305197165,40.80574568936195,-74.01778288217302,Clear,19.914774318798315
TRIP_01930,2026-08-16 08:58:06,40.65132252027738,-74.0451176961251,40.656569521897694,-74.01471421948727,Rainy,21.845724843062246
TRIP_01931,2026-08-07 16:42:58,40.73763496116183,-73.96334173467935,40.822953764588306,-73.92243899879792,Clear,28.37144416156416
TRIP_01932,2026-08-06 13:46:52,40.689534477161,-73.99362597261799,40.697556777782616,-74.008436078301,Clear,8.319401881298882
TRIP_01933,2026-08-08 23:26:03,40.707502582284796,-74.00648322106566,40.75470869832311,-73.94353073653843,Clear,16.771813572949846
TRIP_01934,2026-08-01 05:57:30,40.84501716735085,-73.96205180134646,40.853739319986715,-73.95486121249166,Clear,5.674529429083656
TRIP_01935,2026-08-01 20:04:18,40.63765148358024,-73.98196957033264,40.665487019818634,-73.99497006959487,Clear,18.428257817644187
TRIP_01936,2026-08-05 21:04:48,40.72548698307473,-73.93367183543744,40.76923934129499,-73.9268483683821,Clear,10.160439288153473
TRIP_01937,2026-08-12 06:14:50,40.73618465858827,-74.02899296311575,40.73902757309397,-73.93447998333814,Clear,21.003722980821166
TRIP_01938,2026-08-23 20:12:11,40.76708931624697,-74.02748174892638,40.767855966622385,-74.01911325492112,Rainy,12.197567678487534
TRIP_01939,2026-08-19 12:26:37,40.71769915767354,-74.07105546331957,40.7874652485072,-74.0608083574637,Clear,-99.0
TRIP_01940,2026-08-01 05:12:12,40.72820252697521,-74.02744903586863,40.777740313822086,-74.01321217628752,Clear,13.31730907932726
TRIP_01941,2026-08-13 19:35:36,40.693217571628914,-73.95776150528488,40.736937741189635,-73.94222011678782,Clear,27.37425737133816
TRIP_01942,2026-08-13 08:16:34,40.726256347062254,-73.9410006313869,40.76987463585594,-73.94444491336094,Clear,21.44232117212683
TRIP_01943,2026-08-20 17:24:58,40.69564038622513,-73.95798474159567,40.72942765087446,-73.93368834909948,Clear,26.4768806264403
TRIP_01944,2026-08-15 22:00:40,40.743878594492806,-74.09570959332747,40.824411868888056,-74.04344174608153,Clear,20.913962463529202
TRIP_01945,2026-08-06 17:00:53,40.69431948319782,-73.95184273936697,40.71563673225414,-73.92241405990261,Rainy,25.394109479401653
TRIP_01946,2026-08-07 09:30:37,40.73165501969511,-74.0979259311636,40.76897289071114,-74.1112608901306,Clear,25.893606888009366
TRIP_01947,2026-08-07 05:07:33,40.71133685931575,-73.96109413379388,40.68780947145793,-73.95142451094189,Clear,7.962710418571258
TRIP_01948,2026-08-09 08:06:31,40.76910251253861,-74.02438922632855,40.76435369194087,-74.0209350483316,Clear,7.260612333179367
TRIP_01949,2026-08-09 16:34:47,40.710230313820574,-73.9708733343033,40.69420574382552,-73.94928515025626,Rainy,11.60528919004738
TRIP_01950,2026-08-16 01:42:30,40.62414837658966,-74.07262241739473,40.68237028409514,-74.01270886724785,Clear,14.123501229977265
TRIP_01951,2026-08-16 14:32:20,40.7758960750357,-73.94744161836469,40.71931987047508,-73.93190810224532,Clear,20.570129031184628
TRIP_01952,2026-08-17 02:53:53,40.66751338495687,-74.07924873730525,40.67544408427429,-74.06189338337136,Clear,8.89500945934049
TRIP_01953,2026-08-19 19:06:53,40.68011168306756,-74.03942274554267,40.61030048498774,-73.96609340097808,Clear,46.21431993272573
TRIP_01954,2026-08-11 17:56:45,40.68301693529783,-74.05590473138845,40.67807829843337,-74.0096185516383,Clear,24.291822930589536
TRIP_01955,2026-08-16 05:01:54,40.78152190465854,-74.09371424264113,40.78679343616658,-74.05649180417794,Clear,11.597895195456859
TRIP_01956,2026-08-11 10:57:09,40.60601628930107,-74.00127362162058,40.66756242211489,-73.92252967316153,Clear,38.0393814445898
TRIP_01957,2026-08-04 16:09:08,40.869687426683,-73.91569554410815,40.901586264859645,-73.88100120646433,Rainy,19.284854514269774
TRIP_01958,2026-08-13 10:41:23,40.765602840453305,-73.872654738884,40.760608594753435,-73.91225055314332,Clear,17.19449965778741
TRIP_01959,2026-08-05 02:03:34,40.723961945706456,-74.00114221064568,40.77594085729841,-73.95616223790927,Clear,14.750768648660488
TRIP_01960,2026-08-10 23:12:36,40.710055299969184,-73.95016593624662,40.73059026760507,-73.97792618996019,Clear,10.130729726294739
TRIP_01961,2026-08-13 23:00:56,40.727077703742886,-73.99439526810357,40.7482047095041,-73.9608351070461,Clear,3.719499836053725
TRIP_01962,2026-08-11 02:48:50,40.73885612141897,-73.98105584026159,40.72277597618581,-74.01246814748546,Clear,7.871292066591312
TRIP_01963,2026-08-13 15:49:22,40.7450607792975,-74.02310743255636,40.73536036788041,-74.01711309486835,Rainy,9.926598993239192
TRIP_01964,2026-08-20 22:50:29,40.74058022330017,-73.99624615372888,40.73582730430181,-73.98715968961717,Clear,5.33338787280658
TRIP_01965,2026-08-06 22:06:46,40.71727903406276,-73.97912606476967,40.73867287225739,-73.98222963798662,Rainy,9.273101657669486
TRIP_01966,2026-08-05 15:31:05,40.702933078984636,-74.03492298644382,40.725269650794054,-74.02538854635955,Clear,11.399257424348823
TRIP_01967,2026-08-03 11:03:31,40.705236335817325,-74.00987471499465,40.77155911572304,-73.95889786338384,Rainy,27.273597935505524
TRIP_01968,2026-08-22 02:47:15,40.703054585982365,-74.00892150594987,40.7346062410205,-74.01034009331465,Clear,7.1728576873002705
TRIP_01969,2026-08-23 18:14:40,40.76948850484335,-73.96467983413348,40.70826153403319,-73.92832560774816,Clear,38.24291266532977
TRIP_01970,2026-08-20 01:05:13,40.74247783611404,-74.05930160858138,40.77035709575019,-74.0682710977696,Clear,11.190518228248461
TRIP_01971,2026-08-09 09:25:17,40.56578056826679,-74.00857711043038,40.542280077581765,-73.99426209772214,Clear,16.01588997848199
TRIP_01972,2026-08-15 03:36:56,40.74559503882649,-73.91039972654737,40.736615911088144,-73.88068454855754,Clear,8.174959446593864
TRIP_01973,2026-08-23 20:37:24,40.72253680973594,-73.9477969923707,40.71817172558415,-73.95769284486926,Clear,14.16574398823174
TRIP_01974,2026-08-15 19:28:33,40.71186456217771,-73.93854104755556,40.71196441247234,-73.95789266054288,Snowy,25.3704026488866
TRIP_01975,2026-08-16 04:29:22,40.69337407734556,-74.0047784079911,40.67211959558435,-73.97002206347373,Rainy,14.091516290206354
TRIP_01976,2026-08-04 00:07:52,40.7690056359993,-73.9899501218157,40.79511009610287,-73.93625770983547,Rainy,17.325698662956768
TRIP_01977,2026-08-10 14:33:18,40.760176323106144,-73.95588819166485,40.73785225455342,-73.93826014224948,Clear,10.146827704152688
TRIP_01978,2026-08-12 09:43:57,40.67415611660882,-73.92798722352346,40.704856144826316,-73.92170661072016,Rainy,25.802632740167503
TRIP_01979,2026-08-21 19:24:08,40.73315261435623,-74.10358014564414,40.82026174666808,-74.0789098840135,Clear,42.73295605916583
TRIP_01980,2026-08-08 01:20:23,40.66421716327294,-74.07177206535249,40.644336391504915,-74.05010766778953,Clear,9.377779856712534
TRIP_01981,2026-08-24 06:03:50,40.643819091760555,-73.94052779492986,40.65528378263038,-73.91324071870852,Clear,10.114745909740884
TRIP_01982,2026-08-08 23:12:57,40.6814641387705,-74.01984446778845,40.62576041789513,-74.07569182079786,Clear,15.729923755079541
TRIP_01983,2026-08-21 02:04:51,40.75591967361914,-74.0395860394629,40.76689161483004,-74.05165916819789,Clear,4.047664275848732
TRIP_01984,2026-08-08 01:58:23,40.7604562522688,-74.06870804934978,40.79973776684775,-74.07406495251288,Clear,11.289129457325531
TRIP_01985,2026-08-10 21:15:03,40.73845427100487,-74.0337508350772,40.78007344794559,-74.00922480622185,Clear,15.212960401118279
TRIP_01986,2026-08-14 02:41:12,40.7490547893424,-74.07611846417119,40.771375701250925,-74.05054212766252,Rainy,10.356481547137387
TRIP_01987,2026-08-05 21:48:48,40.73860891435575,-73.90144528636337,40.78528681709852,-73.86235987170285,Snowy,26.203409955137516
TRIP_01988,2026-08-11 18:17:59,40.68072592023886,-74.00712180259903,40.77710755631714,-73.97939435012272,Clear,45.19899267288841
TRIP_01989,2026-08-17 10:14:07,40.7343961272337,-74.00889752708814,40.80576526785683,-74.02791957919976,Clear,33.39887757415463
TRIP_01990,2026-08-12 16:25:55,40.752820476261384,-73.9765961662416,40.75714484837909,-73.91318602771405,Rainy,21.056028056854363
TRIP_01991,2026-08-05 03:55:23,40.75051456649068,-73.95788274153668,40.72698144689668,-73.899725192434,Clear,16.587674867410342
TRIP_01992,2026-08-11 07:47:47,40.77224566857373,-73.95870559217227,40.78006112607652,-73.97645151087308,Snowy,14.286978314167403
TRIP_01993,2026-08-03 11:55:44,40.74821519236006,-73.95231890280462,40.73980570939154,-73.9223377439734,Rainy,10.251810108572428
TRIP_01994,2026-08-01 03:20:37,40.73037241037708,-74.03754227753954,40.76391283681302,-74.03540500909683,Clear,9.560353498494667
TRIP_01995,2026-08-05 04:20:24,40.76630751191582,-74.02089334024784,40.75087170573293,-73.99672742057182,Clear,10.762718590046724
TRIP_01996,2026-08-10 18:31:17,40.711473937037546,-73.96754841722789,40.72928926405984,-73.91594910883863,Snowy,43.178748494600775
TRIP_01997,2026-08-02 15:14:23,40.668706267438615,-74.03236945308198,40.71384668907471,-73.94846632509235,Snowy,40.228351737809255
TRIP_01998,2026-08-05 20:53:31,40.70464665180281,-74.00625533160137,40.72162577561829,-73.96371700044709,Clear,23.93874355647065
TRIP_01999,2026-08-09 22:04:04,40.67555486775968,-73.98606181177875,40.667165453077246,-73.95721376972546,Clear,9.462829942100443
TRIP_02000,2026-08-09 08:33:06,40.67904108625128,-73.96674074588448,40.73428550797885,-73.95693538093373,Clear,31.552122156834784
TRIP_02001,2026-08-01 19:33:25,40.70557406646422,-74.09488404811852,40.669204638121606,-74.06942000198818,Clear,21.808796663183358
TRIP_02002,2026-08-25 11:05:19,40.673179003950004,-73.97026271750555,40.68334515227368,-73.9094695607057,Snowy,-99.0
TRIP_02003,2026-08-19 15:03:31,40.69740192351805,-74.01768620289259,40.71615212281661,-73.99902746559538,Rainy,13.100815979452744
TRIP_02004,2026-08-18 04:56:53,40.618119266652315,-73.97062711445678,40.63859652640431,-73.9772104939972,Clear,5.851668110048037
TRIP_02005,2026-08-18 05:56:13,40.72346468536865,-73.96715341538226,40.74887956705099,-73.99574411134776,Clear,9.740127290399942
TRIP_02006,2026-08-20 16:17:52,40.712860273768115,-73.92560424694405,40.7511734683624,-73.89021281092174,Rainy,23.402549895873037
TRIP_02007,2026-08-10 22:55:50,40.67194556844659,-73.93832731761894,40.690883345275225,-73.91090867385012,Clear,11.673552524327391
TRIP_02008,2026-08-25 17:03:51,40.74576228342162,-73.93867141686948,40.75472053495731,-73.93804866206735,Clear,8.589544121088604
TRIP_02009,2026-08-15 05:25:05,40.75967850688133,-73.93381648404169,40.76745082654154,-73.88303606027047,Clear,9.441418941146415
TRIP_02010,2026-08-03 08:42:04,40.63242200678155,-73.9914310507592,40.6340765327204,-73.98408435669083,Clear,11.95514396206329
TRIP_02011,2026-08-14 01:53:50,40.67466376107169,-74.00439074564815,40.7182900608015,-73.98843006840289,Rainy,15.627608073901108
TRIP_02012,2026-08-08 12:50:04,40.674342882510636,-73.96235914584108,40.67494702812634,-73.94285906984001,Rainy,10.74322749982315
TRIP_02013,2026-08-15 03:35:49,40.66580484494456,-73.96939595242834,40.71120797821481,-73.95992453469249,Clear,9.041535462954293
TRIP_02014,2026-08-24 18:19:21,40.754273742096586,-74.02145331183691,40.77484371456438,-73.99437735986442,Clear,19.136231548479063
TRIP_02015,2026-08-09 14:43:03,40.70310869306136,-73.98575882955959,40.70747104885567,-73.9312133751816,Clear,11.530330366557994
TRIP_02016,2026-08-03 04:24:48,40.69957425793447,-74.00775482333923,40.7381264744068,-74.02202928028278,Clear,7.817223918199336
TRIP_02017,2026-08-05 03:52:38,40.61260688177966,-74.04869664542301,40.61078326403797,-74.01404104126878,Rainy,8.783875090583159
TRIP_02018,2026-08-07 06:48:24,40.744570901510464,-73.94147696293118,40.78371642273231,-73.91631220284299,Clear,12.82645290766885
TRIP_02019,2026-08-15 06:46:51,40.650837080257325,-74.0032400378735,40.67721886389308,-73.97862712298715,Snowy,19.19666655752134
TRIP_02020,2026-08-04 01:53:44,40.71579663151332,-73.90356458711506,40.71790689084056,-73.85740925001883,Clear,8.55096166160934
TRIP_02021,2026-08-12 09:18:46,40.72666884689791,-74.08727461350999,40.76252789135795,-74.06579569075348,Clear,24.05278766773518
TRIP_02022,2026-08-17 20:37:26,40.780832929791934,-74.03383893864216,40.817230621562594,-73.999432060785,Clear,25.102053144067135
TRIP_02023,2026-08-05 20:59:57,40.64735898004405,-74.00436805816545,40.702084568218346,-73.96289211927832,Clear,37.120213439770765
TRIP_02024,2026-08-13 13:55:13,40.56182439220896,-73.94913094511855,40.61080880258124,-73.94426190112998,Clear,14.956677448298016
TRIP_02025,2026-08-15 15:09:31,40.721992477237684,-73.98602653136989,40.756730697859474,-73.95705102754548,Clear,-99.0
TRIP_02026,2026-08-01 23:28:42,40.80282555907554,-73.99047636229096,40.78899783053928,-73.97799999050729,Clear,7.92153535880544
TRIP_02027,2026-08-07 16:29:24,40.77474731764698,-74.0623631896277,40.8682049272922,-74.0463436430193,Snowy,42.33316583174603
TRIP_02028,2026-08-04 06:34:55,40.723282970763734,-74.06384706986147,40.70117448443158,-74.05350891175581,Clear,9.560235152967458
TRIP_02029,2026-08-20 13:49:49,40.6882181907184,-73.98987476698551,40.736696085946875,-73.95574235486261,Clear,16.21437397574436
TRIP_02030,2026-08-24 23:00:37,40.753156129831865,-74.07420529969092,40.786094644338455,-74.05175595842037,Clear,11.339648972255715
TRIP_02031,2026-08-09 01:07:55,40.66412269001478,-74.03259388751447,40.648898418840346,-74.00075756648496,Clear,8.821673583520017
TRIP_02032,2026-08-20 03:20:26,40.73661788846781,-73.98095413354571,40.752888860301454,-73.96147965443258,Clear,6.410932910446621
TRIP_02033,2026-08-10 22:32:10,40.73807350795833,-74.05511621361384,40.75571092137099,-74.08323984398795,Clear,9.15905808004615
TRIP_02034,2026-08-09 18:10:03,40.76581049537494,-73.92573220188191,40.82497797684926,-73.90479114939892,Clear,34.1995359522164
TRIP_02035,2026-08-23 04:52:48,40.85078300194556,-73.9448031827881,40.84938367493715,-73.9228970441334,Clear,10.658639475347291
TRIP_02036,2026-08-18 04:17:16,40.73242079835894,-74.08457099991692,40.74456244816621,-74.05729312180232,Clear,8.400945791139831
TRIP_02037,2026-08-03 10:48:57,40.687351818714625,-74.0526185621591,40.637269730563986,-74.05043043796967,Clear,25.85019819086804
TRIP_02038,2026-08-08 23:39:22,40.7115212843904,-74.12028886222475,40.78356416818411,-74.13615295372472,Rainy,22.949538562508085
TRIP_02039,2026-08-23 01:56:38,40.62434620475555,-74.04512956812741,40.612232157464945,-74.00639136878058,Rainy,10.656616920136923
TRIP_02040,2026-08-21 19:23:52,40.67806434344555,-73.96768057617138,40.70787166937272,-73.9558887728674,Rainy,24.443242103022694
TRIP_02041,2026-08-06 19:49:59,40.69233587809435,-74.02669474711374,40.70929364320269,-74.00155742568319,Clear,18.587366238830086
TRIP_02042,2026-08-07 17:26:43,40.68659558010327,-73.9829601378192,40.70365555109977,-73.97140394021585,Snowy,30.49535785777383
TRIP_02043,2026-08-07 06:32:28,40.720417743601686,-74.08211671591408,40.76471360314781,-74.06229857068729,Snowy,28.649691612083245
TRIP_02044,2026-08-10 09:11:02,40.671679003380895,-73.9661012372709,40.741816877190004,-73.95957979770898,Rainy,39.16546084202339
TRIP_02045,2026-08-03 12:44:30,40.768851533366224,-74.03375546139642,40.79639634346449,-74.04279796907105,Clear,12.644259003938759
TRIP_02046,2026-08-06 02:59:46,40.712810353245914,-74.00539151588586,40.75246269377483,-73.9711795660628,Clear,8.058978041560565
TRIP_02047,2026-08-09 20:05:05,40.71233498394307,-74.01064372506966,40.74220173004488,-74.00873732771645,Rainy,28.178957341754643
TRIP_02048,2026-08-08 10:18:15,40.69640526417435,-74.06957742604462,40.74693120689227,-74.04465888161778,Rainy,36.149825789352555
TRIP_02049,2026-08-09 22:10:15,40.72055953419295,-74.06365421658698,40.72667204280836,-74.03134040992992,Clear,5.042682811388361
TRIP_02050,2026-08-06 16:47:19,40.75405491323338,-73.95761027654983,40.806316629865876,-73.95521465801792,Clear,18.62956702357549
TRIP_02051,2026-08-21 17:32:49,40.66944348921446,-73.98605039212491,40.72275848518388,-74.00216696115609,Clear,34.38311038679035
TRIP_02052,2026-08-08 21:09:33,40.67989417554624,-73.95349754792232,40.732370285806724,-73.86071497950674,Clear,24.3906548673822
TRIP_02053,2026-08-09 23:35:10,,,40.69780926254108,-73.98560024450325,Rainy,6.214060553493849
TRIP_02054,2026-08-10 13:06:50,40.64550645382634,-73.99885046825953,40.66045632479923,-73.9601479535015,Clear,15.285799282922639
TRIP_02055,2026-08-06 15:50:25,40.67183710701393,-74.09230053093334,40.69902111667734,-74.01411662444625,Clear,17.25203559391381
TRIP_02056,2026-08-19 12:11:26,40.68898895632277,-74.01951833483805,40.667863694977896,-73.97582110243243,Rainy,15.659693025045208
TRIP_02057,2026-08-25 21:14:07,40.75651945903564,-74.0073692160202,40.82436706527822,-73.99638250028502,Clear,18.522825113157346
TRIP_02058,2026-08-04 19:07:22,40.725928066450095,-73.90834464008637,40.74555977044503,-73.89035813171242,Clear,18.64087227451736
TRIP_02059,2026-08-21 15:47:33,,,40.75099733219652,-73.97663038498723,Rainy,14.885342465235356
TRIP_02060,2026-08-22 16:22:56,40.7553448981084,-73.92919694091452,40.75803476491658,-73.88274604810579,Clear,11.741267216749499
TRIP_02061,2026-08-05 04:43:06,40.70593141058003,-73.97612311470526,40.68612508379902,-73.9391349934635,Clear,9.507239165470025
TRIP_02062,2026-08-05 03:48:31,40.73232324249645,-74.04156516134748,40.734202345932204,-74.03699793589533,Rainy,5.031683386496877
TRIP_02063,2026-08-06 13:08:35,40.707638912353374,-74.0001437891925,40.73421503798238,-74.01140903340546,Rainy,13.586499122044502
TRIP_02064,2026-08-11 19:52:47,40.726068117469985,-73.99418881768679,40.7662709818526,-74.0138258298167,Rainy,32.470737979873334
TRIP_02065,2026-08-16 15:37:14,40.68366206711942,-74.05295777848853,40.708515813337506,-74.0033623583744,Clear,13.503042924247737
TRIP_02066,2026-08-03 08:32:10,40.59085914208618,-74.02521936882965,40.621260862573436,-74.00160817496099,Clear,16.5561935263674
TRIP_02067,2026-08-22 05:55:36,40.706086041890686,-74.01628834968386,40.715975250650246,-73.98983881359388,Rainy,9.92309827351578
TRIP_02068,2026-08-25 17:20:11,40.783937406804995,-73.92571900837174,40.81882486379236,-73.93040746714762,Clear,19.12642800989105
TRIP_02069,2026-08-07 01:38:40,40.75911077011208,-74.11003702626955,40.82359575610366,-74.13394211936868,Clear,17.41705154842912
TRIP_02070,2026-08-24 19:39:40,40.76106987422956,-73.9457090789642,40.80221355750273,-73.89683067172285,Clear,30.03321258608036
TRIP_02071,2026-08-10 11:01:41,40.77460653609031,-74.05283976174798,40.8188927927379,-74.03157859063806,Clear,15.2402842906994
TRIP_02072,2026-08-03 00:16:57,40.71723287954807,-74.07460395936349,40.74605337152727,-74.02738691956176,Clear,11.427500564110202
TRIP_02073,2026-08-22 00:36:29,40.72266578537028,-73.94700289349808,40.697571133282295,-73.93858088729355,Clear,8.11861696257973
TRIP_02074,2026-08-14 05:40:53,40.68191740522828,-73.96940509653828,40.670577409309345,-73.95650963182939,Clear,9.190937817960977
TRIP_02075,2026-08-14 03:32:37,40.69699635719865,-73.94327406488094,40.730642631218565,-73.90187511958231,Snowy,18.012153885524732
TRIP_02076,2026-08-07 20:05:25,40.74358855748856,-73.96596490262272,40.763260385929755,-73.9239944602332,Clear,20.719620476121744
TRIP_02077,2026-08-24 00:07:43,40.77299422185844,-73.90300774991313,40.806189508452626,-73.85908078123255,Clear,12.598714614790783
TRIP_02078,2026-08-11 01:33:23,40.705827686215954,-73.97806380815278,40.77612038875127,-73.96691984574586,Clear,-99.0
TRIP_02079,2026-08-02 07:52:24,40.69029053675743,-74.01382386880616,40.73207161673431,-73.97538745167662,Clear,17.046973937880978
TRIP_02080,2026-08-25 23:29:56,40.712826397942834,-73.98885368113393,40.77059298411512,-73.93558069716963,Snowy,29.547058238609143
TRIP_02081,2026-08-07 15:23:53,40.74286033744646,-73.9438265435827,40.76570077913058,-73.92696970393315,Rainy,11.852535170188306
TRIP_02082,2026-08-09 15:01:34,40.640607259193324,-74.04496876626301,40.63639078886879,-74.04037341717623,Rainy,9.28865785936079
TRIP_02083,2026-08-02 21:18:58,40.59799095234314,-74.03859442912658,40.61625496756671,-73.97831200102708,Rainy,18.702028979395152
TRIP_02084,2026-08-17 19:20:11,40.68527315752542,-74.02144800072989,40.68113060311385,-74.02108137273643,Snowy,18.274554108893106
TRIP_02085,2026-08-11 19:53:18,40.65176437870429,-74.11122913993826,40.71851322740746,-74.07234484502483,Clear,35.736786444871626
TRIP_02086,2026-08-06 09:13:32,40.68739299011764,-73.99909607957912,40.731104722413704,-73.98084874889472,Clear,24.57809869655324
TRIP_02087,2026-08-15 05:12:55,40.70541098405913,-74.10030643519755,40.741026358957974,-74.13555340369209,Clear,11.878859562221413
TRIP_02088,2026-08-14 12:23:47,40.69013757954885,-74.00334703435337,40.747215875615694,-73.94948921232901,Clear,18.399832852396887
TRIP_02089,2026-08-01 13:44:54,40.785423376723536,-73.96273551219323,40.74482168428784,-74.02547112107966,Clear,16.182487723091924
TRIP_02090,2026-08-10 09:27:03,40.729137238230116,-74.0298438230322,40.766781376770396,-74.06936766503492,Clear,26.616556280778674
TRIP_02091,2026-08-14 11:53:37,40.72782371798054,-73.92214420649066,40.70850434445141,-73.88632430410624,Clear,11.50428954029761
TRIP_02092,2026-08-15 04:09:40,40.743910357202175,-74.07902504497092,40.763692686248206,-74.04321290901058,Clear,11.997489737984207
TRIP_02093,2026-08-10 23:11:21,40.65585834411096,-73.94643696591841,40.666507116336945,-73.94556436165473,Clear,4.811412354537031
TRIP_02094,2026-08-04 03:44:56,40.76475558937101,-73.97224314717965,40.80460768773392,-73.94780848447056,Clear,14.421321724853069
TRIP_02095,2026-08-14 11:44:19,40.709011785673226,-74.09180166241553,40.735857404342056,-74.14774456378888,Rainy,19.11129361949512
TRIP_02096,2026-08-13 22:21:33,40.74632403086206,-73.87046028504797,40.80667754607042,-73.82925102111385,Clear,19.03352419785291
TRIP_02097,2026-08-21 18:08:09,40.659207138347995,-74.0091872642752,40.66115022352002,-73.98169549966359,Snowy,29.90224394512031
TRIP_02098,2026-08-17 09:51:44,40.635112061699196,-74.04987420110778,40.676385493388196,-74.0312434867078,Rainy,31.379908415809325
TRIP_02099,2026-08-20 00:01:48,40.75369448290125,-74.0763543597392,40.778561179408214,-74.05572911527507,Clear,7.216546443086083
TRIP_02100,2026-08-13 16:27:44,40.731620476304876,-74.01700090138299,40.70256176820273,-73.9822032760972,Clear,15.185703437835423
TRIP_02101,2026-08-17 18:58:13,40.667697422282124,-74.0123703436195,40.660138928526436,-73.99323738932443,Clear,17.07819101083586
TRIP_02102,2026-08-20 09:33:13,40.669316845936265,-74.00086772357302,40.6848205049306,-74.03708938865496,Rainy,24.342166096889777
TRIP_02103,2026-08-17 04:21:17,40.76907173922074,-74.0208898078112,40.82244051271749,-73.93499984077553,Clear,14.69792251057336
TRIP_02104,2026-08-03 15:57:50,40.65332940535664,-73.97433873449424,40.68724109708335,-73.91831470991139,Clear,14.863724831492824
TRIP_02105,2026-08-18 19:29:36,40.7949336476628,-74.02538149163317,40.77990862294638,-74.04392983149181,Clear,15.005794549607604
TRIP_02106,2026-08-08 05:14:56,40.667768963267605,-74.10274820586203,40.68355947642619,-74.09310232277633,Clear,7.994870915674298
TRIP_02107,2026-08-03 08:26:29,40.74471959628042,-74.01346807478248,40.82525378974421,-74.00054910048716,Snowy,61.74313081214329
TRIP_02108,2026-08-11 19:23:57,40.696369076212555,-74.12437388266866,40.71970577625778,-74.0720083956734,Clear,26.54143438166599
TRIP_02109,2026-08-23 13:22:08,40.74295937155412,-73.98831146845544,40.75313960430195,-74.03308953651504,Clear,11.743954430380592
TRIP_02110,2026-08-10 14:17:52,40.68559429989429,-74.05496501151413,40.72034648911698,-74.04993525944703,Clear,15.713496691496422
TRIP_02111,2026-08-19 06:18:04,40.70466035469639,-73.99783198225421,40.74756214708385,-74.03065107555433,Rainy,20.927476734726067
TRIP_02112,2026-08-21 17:58:32,40.714845958769786,-73.94029625092377,40.72116090834538,-73.92884911639861,Rainy,17.679792544236502
TRIP_02113,2026-08-12 05:12:48,40.66269062721093,-74.0534374347634,40.69776787044207,-74.04761246155594,Clear,9.051171263291437
TRIP_02114,2026-08-09 20:00:11,40.749841217271005,-73.9529371870744,40.75997453237088,-73.93054636505292,Clear,16.849778344596416
TRIP_02115,GARBAGE_TIMESTAMP_TEXT,40.68713932167642,-74.0276694783343,40.728719149731305,-74.02581571030458,Clear,9.450390259119521
TRIP_02116,2026-08-20 04:54:51,40.701370004233,-73.91834025989672,40.726460798972134,-73.92087096163844,Clear,9.1644261543213
TRIP_02117,2026-08-05 06:31:48,40.66308253126957,-74.02425763065992,40.69754156608116,-73.98566792990702,Snowy,23.298736465036214
TRIP_02118,2026-08-12 14:02:48,40.58468331706024,-74.04802464927533,40.58190781067521,-74.01438446704705,Clear,12.20357556167674
TRIP_02119,2026-08-14 14:46:14,40.703248611869995,-73.97163807748024,40.69861002034781,-73.93509612719689,Clear,9.776798409828697
TRIP_02120,2026-08-19 10:17:20,40.83343077108065,-74.02778948648118,40.88179569022043,-74.0130964891959,Clear,27.554613695385832
TRIP_02121,2026-08-10 20:25:40,40.7520302143949,-74.04807247570645,40.76964832295334,-74.0452246331732,Clear,19.919811466968113
TRIP_02122,2026-08-24 02:00:20,40.711836981013285,-74.02989199253518,40.74038802327627,-74.01345756699581,Clear,9.54403452134457
TRIP_02123,2026-08-11 15:34:20,40.69965545853959,-74.00823032660915,40.71046359572699,-73.9731954645071,Clear,14.000052773493005
TRIP_02124,2026-08-09 10:30:48,40.7139232946406,-73.93889099343775,40.76088509786101,-73.9841943844669,Clear,30.201131091222358
TRIP_02125,2026-08-01 08:31:02,40.74015595575876,-74.10270438727298,40.74192165635787,-74.07088102936186,Rainy,18.717584742545807
TRIP_02126,2026-08-10 04:56:42,40.653759359234556,-74.00484596705247,40.66969132203753,-73.97557182143242,Clear,9.084273161055654
TRIP_02127,2026-08-05 11:13:43,40.76851608473344,-73.9747548202673,40.812095869114536,-73.95289029308472,Clear,16.369735330266778
TRIP_02128,2026-08-19 08:59:06,40.74856906577207,-73.9963275712504,40.803758096746996,-73.98080697390655,Clear,29.273376133197377
TRIP_02129,2026-08-16 06:13:31,40.7487092862854,-73.94050674152832,40.7529965075546,-73.99749032310629,Clear,15.003814526396324
TRIP_02130,2026-08-08 20:49:58,40.734723786940485,-74.00971726648793,40.81351430639916,-74.00291286438093,Clear,40.93798344784819
TRIP_02131,2026-08-25 02:26:29,40.7137808328847,-74.0152275721093,40.74317808369551,-73.94154441077697,Clear,15.237052893148986
TRIP_02132,2026-08-02 04:39:50,40.746443061798345,-73.97638352264933,40.73515521394408,-73.95599648378229,Clear,7.6700734134299875
TRIP_02133,2026-08-22 08:01:46,40.74239070668707,-74.00103430925243,40.77346226814477,-73.99025300441268,Clear,16.98414003699679
TRIP_02134,2026-08-08 09:06:18,40.69509796445295,-74.02552043691402,40.70360798801845,-74.00501325104632,Clear,13.834203875900556
TRIP_02135,2026-08-01 21:01:02,40.684119911355154,-73.98019279802068,40.71714196597065,-73.94954961196184,Clear,11.07306843424967
TRIP_02136,2026-08-14 14:20:13,40.717892814763104,-74.03862641466083,40.73660712733329,-73.99886180732014,Rainy,15.760167434955132
TRIP_02137,2026-08-08 17:53:48,40.79025100757476,-74.03655885760097,40.812479218280465,-74.0234252624957,Clear,17.565830437340654
TRIP_02138,2026-08-07 19:00:08,40.65084464621731,-74.03239970108828,40.643496844919724,-73.99965211301647,Clear,18.062670285552016
TRIP_02139,2026-08-09 10:50:37,40.63942373671238,-73.93834654199168,40.68912557363387,-73.86804701790884,Clear,31.83412921724177
TRIP_02140,2026-08-07 14:19:37,40.72103804206183,-74.16705081779929,40.7063542210473,-74.11686329381631,Clear,14.606872295475725
TRIP_02141,2026-08-09 14:25:53,40.715344385092806,-73.98622005826185,40.70208143823066,-73.89601105178615,Rainy,26.001862591176256
TRIP_02142,2026-08-23 05:38:16,40.72146708321852,-74.00428640928999,40.752487893692944,-74.00398952004053,Clear,8.678263396603723
TRIP_02143,2026-08-06 08:26:34,40.72499765989543,-74.0900435229619,40.79308298731077,-74.01975783773685,Clear,35.93834704211096
TRIP_02144,2026-08-14 05:03:15,40.701639887268264,-73.9905136610432,40.71106209435633,-73.99423387024088,Clear,5.15407719674035
TRIP_02145,2026-08-23 15:22:28,40.7872931719301,-73.98221240040843,40.82832234161122,-73.95160541600622,Clear,17.769580193214853
TRIP_02146,2026-08-09 03:39:55,40.632754801076175,-73.97651803843213,40.68495500638208,-73.934543742555,Clear,17.200108234785507
TRIP_02147,2026-08-08 23:05:39,40.67137514876099,-74.13859140315225,40.71581568187981,-74.13391471890938,Clear,12.67865207525931
TRIP_02148,2026-08-06 13:13:49,40.70763726199255,-73.93768052940727,40.718301013317344,-73.91504160108305,Clear,-99.0
TRIP_02149,2026-08-13 14:34:05,40.63064055944229,-74.04288683523424,40.61790915792647,-73.99557300216068,Clear,14.591245407980164
TRIP_02150,2026-08-23 19:16:19,40.704007279778395,-73.97167161266235,40.65778085280825,-73.9729797396117,Snowy,45.430217869553694
TRIP_02151,2026-08-16 05:39:27,40.795873508286405,-73.96894631096589,40.807988293302536,-73.89886480717946,Clear,13.082665068367618
TRIP_02152,2026-08-13 12:19:57,40.7138443244148,-74.04983485428096,40.76918694547167,-74.07137275302279,Clear,16.34647791929354
TRIP_02153,2026-08-17 20:54:53,40.72433504528593,-73.97297700238242,40.710610065743076,-73.89478625910057,Clear,35.16791830408174
TRIP_02154,2026-08-03 12:38:51,40.64979176174137,-74.02527466204562,40.69079805716693,-73.97523487800163,Rainy,24.213830689339254
TRIP_02155,2026-08-05 10:22:17,40.68198192959803,-74.10956885896691,40.67347735369648,-74.09226062625675,Clear,13.49593888057311
TRIP_02156,2026-08-04 19:53:59,40.694040180983805,-73.94761290372361,40.71722235827541,-73.93969295006072,Rainy,27.62435018808236
TRIP_02157,2026-08-07 03:41:00,40.69691424516219,-74.04475224815081,40.73814799358684,-74.03996309603454,Clear,12.189373279816175
TRIP_02158,2026-08-17 04:48:34,40.77688218975019,-74.0487246731369,40.777097326645034,-74.03279854234461,Clear,6.8584458836282955
TRIP_02159,2026-08-09 02:34:28,40.74068455303626,-74.02615329340183,40.76579909345717,-74.0076081692483,Rainy,12.353875091348264
TRIP_02160,2026-08-09 04:59:55,40.65722710215315,-73.99238816373364,40.66477436205139,-73.9347313763346,Rainy,12.940700100555034
TRIP_02161,2026-08-10 14:24:11,40.7251252389216,-74.00886352054111,40.76627969868974,-73.92980389752958,Clear,19.37307914105317
TRIP_02162,2026-08-06 06:06:54,40.73771108742484,-73.97859665376464,40.76477060247938,-73.95261525614502,Clear,12.332007880544445
TRIP_02163,2026-08-04 12:46:30,40.76980745192606,-74.07297446832644,40.79150268215894,-74.07834332296612,Clear,9.816009035843699
TRIP_02164,2026-08-18 17:38:09,40.79182703432842,-74.04311931852153,40.85857753313268,-74.03949109974062,Clear,36.92245834326006
TRIP_02165,2026-08-16 22:25:22,40.66204529040861,-74.01179985361608,40.701914474679654,-73.99729257715443,Snowy,17.973364398623097
TRIP_02166,2026-08-08 18:28:42,40.67225712443948,-73.91110563536706,40.671546568455696,-73.92200929852596,Clear,12.464036673453709
TRIP_02167,2026-08-21 05:28:23,40.64992110705427,-74.01169062692068,40.66734519003034,-74.0270588689839,Clear,7.906984747452077
TRIP_02168,2026-08-24 09:50:59,40.701099007044654,-73.95173888681691,40.71882204349227,-73.86882507044572,Clear,31.492199046109263
TRIP_02169,2026-08-14 19:05:03,40.73611791872232,-74.00407224156078,40.75852750590108,-73.97499383578239,Clear,21.61208982974357
TRIP_02170,2026-08-20 14:36:47,40.76216672582946,-74.03018293187188,40.85790200412769,-74.03517692588228,Clear,23.499462467954356
TRIP_02171,2026-08-07 01:12:01,40.70900244881788,-74.01833622120573,40.74012800559921,-73.973838114095,Clear,-99.0
TRIP_02172,2026-08-09 19:04:02,40.69680762383726,-74.01442098560145,40.65573054673411,-74.02977136934565,Clear,24.207330397563073
TRIP_02173,2026-08-02 13:57:39,40.72038789961244,-73.97581771305197,40.724103930460934,-73.9886980744881,Rainy,8.457519631888324
TRIP_02174,2026-08-20 11:48:28,40.6710428549185,-73.93726943662118,40.63307169229362,-73.94136070865311,Clear,11.115664572367585
TRIP_02175,2026-08-16 05:05:49,40.81727693608474,-73.98801595761569,40.827382988373365,-73.91838055918974,Clear,13.434734100478419
TRIP_02176,2026-08-02 07:58:54,40.6324169486441,-73.94664611606291,40.592797641752306,-73.93423251803625,Clear,16.236948976011178
TRIP_02177,2026-08-14 01:25:16,40.72203702894479,-74.05423948688149,40.715889314812735,-74.10749069648855,Clear,12.715426551541032
TRIP_02178,2026-08-24 15:57:49,40.81398031096148,-74.0267315254407,40.78835866507246,-73.97042954744543,Clear,16.991718797470437
TRIP_02179,2026-08-21 05:25:16,40.713139992228,-74.04221512671039,40.744664797567026,-74.03140656763526,Snowy,18.621876625426463
TRIP_02180,2026-08-18 13:41:03,40.70329804824993,-73.99027777045626,40.723314229128796,-74.02576001063261,Rainy,14.343314606986558
TRIP_02181,2026-08-18 10:53:47,40.69492772885948,-74.02394791925897,40.72401659808445,-74.01344842389787,Rainy,23.43663100528693
TRIP_02182,2026-08-04 18:37:24,40.70378041591188,-73.96951135314829,40.720643874254826,-73.93388123625014,Clear,22.97526085685801
TRIP_02183,2026-08-08 17:50:17,40.78144242373383,-74.05255008558163,40.7596134912277,-74.02042861058564,Rainy,27.759770330458846
TRIP_02184,2026-08-16 06:56:16,40.60220690443353,-74.00384845133394,40.637612545511175,-73.929896001959,Clear,18.919562957631214
TRIP_02185,2026-08-03 21:14:30,40.78947168506482,-73.97165710444939,40.8671384218729,-73.97724014032649,Clear,26.022664468250962
TRIP_02186,2026-08-04 15:13:57,40.641602142377494,-74.10926513875204,40.67387851973569,-74.08786353514408,Clear,13.22577310332936
TRIP_02187,2026-08-17 08:06:45,40.699467383538284,-73.89991843463349,40.706689645558754,-73.90090551299085,Clear,14.110861946437938
TRIP_02188,2026-08-23 11:16:08,40.691337778985066,-74.020157594244,40.668495763701905,-74.04642338106962,Clear,8.09341207424848
TRIP_02189,2026-08-12 11:07:26,40.742227663488535,-74.10725199568381,40.73498565436574,-74.06068617451463,Clear,11.748360052120786
TRIP_02190,2026-08-10 11:36:19,40.632893782405816,-73.99809530507116,40.66648497210298,-73.96419721799674,Clear,15.226116240851157
TRIP_02191,2026-08-01 08:46:23,40.7359086333041,-74.00432782660134,40.78810217410808,-73.97581747311037,Clear,28.285965065254217
TRIP_02192,2026-08-02 03:03:28,40.81401548116435,-74.01009471897862,40.84184146640601,-73.97729101318086,Clear,6.522913953981439
TRIP_02193,2026-08-23 02:15:07,40.64464129977036,-73.95644044435366,40.688637918461545,-73.95700462993432,Snowy,19.648257238008043
TRIP_02194,2026-08-07 11:43:03,40.72228530838052,-73.96862775142864,40.76351565570134,-73.9787986040482,Rainy,23.572411702595264
TRIP_02195,2026-08-15 05:02:38,40.67970089111017,-73.9911061904488,40.71489692285175,-73.96997676928372,Clear,11.373721665273797
TRIP_02196,2026-08-22 23:20:05,40.734094360309655,-73.98349221830267,40.734340152451814,-73.92865587623032,Clear,12.601587072346518
TRIP_02197,2026-08-01 07:32:47,40.71375738887079,-74.0112179224719,40.73897509423004,-73.94297560840829,Clear,16.50777349716937
TRIP_02198,2026-08-03 01:37:39,40.680725654547786,-73.917225457538,40.67527432043132,-73.87336247633377,Clear,10.483750836276407
TRIP_02199,2026-08-24 06:38:23,40.73719361424356,-74.07995980091789,40.7577164828323,-74.05908456811484,Snowy,18.27075022080075
TRIP_02200,2026-08-21 18:17:34,40.803017405489335,-73.9990174162892,40.832943311421346,-73.97092389840721,Clear,25.932494336393713
TRIP_02201,2026-08-11 10:02:59,40.70325481041364,-74.00274876844055,40.773618324635244,-73.9824009526608,Rainy,45.894272862261715
TRIP_02202,2026-08-23 00:22:21,40.74878789710741,-73.96533597969677,40.729495937876386,-73.97611427988775,Rainy,10.860299455661375
TRIP_02203,2026-08-10 01:57:16,40.64813635210644,-74.04819269387124,40.68258158103618,-74.02745327252492,Clear,10.87902032099351
TRIP_02204,2026-08-09 17:19:08,40.6649781811591,-74.09318363011982,40.72941527890781,-74.11322843464748,Snowy,56.99512023195038
TRIP_02205,2026-08-25 10:16:13,40.73642031389402,-73.9981588491951,40.77918574686919,-73.98188116597818,Clear,20.408885316522095
TRIP_02206,2026-08-18 17:43:49,40.7870058014268,-73.99193847538908,40.83199416471155,-73.92285532207119,Clear,36.77593730320701
TRIP_02207,2026-08-08 07:25:27,40.730580667439284,-73.93152002952762,40.76821151449532,-73.88683425284412,Rainy,22.88299967249043
TRIP_02208,2026-08-08 19:46:07,40.69714709847384,-74.06951810231625,40.7560971331671,-74.07721167784335,Clear,35.37643077149633
TRIP_02209,2026-08-14 12:54:39,40.71276457027117,-73.94826531166416,40.7001402252278,-73.93043818375342,Clear,7.333253478130051
TRIP_02210,2026-08-17 18:25:05,40.650279613301514,-73.88762928179864,40.62870181332241,-73.89266057115128,Clear,14.753315632670407
TRIP_02211,2026-08-17 03:24:06,40.74302576631777,-74.02488824437613,40.76283574210381,-74.00676365742144,Rainy,12.640552947984013
TRIP_02212,2026-08-17 21:53:27,40.75691665311617,-74.07054711097466,40.71208179000902,-74.01931387647892,Clear,16.559811268857857
TRIP_02213,2026-08-18 05:29:09,40.690195483358345,-74.02634871831867,40.74711485748369,-73.98675848016937,Snowy,23.106820915557748
TRIP_02214,2026-08-18 23:38:13,40.689297892612025,-74.00529975163143,40.74591934847689,-73.91077542920907,Clear,19.258963901617935
TRIP_02215,2026-08-22 13:41:21,40.72609391148261,-73.97781060624965,40.73309339483007,-73.92203628417442,Clear,13.50527203546809
TRIP_02216,2026-08-25 08:25:09,40.69096401319797,-74.03556973649191,40.69984089529815,-74.00944972505958,Clear,18.362548147814657
TRIP_02217,2026-08-02 02:47:41,40.70949336926871,-73.92824007329263,40.727322945014194,-73.88792557406863,Clear,12.02523518682402
TRIP_02218,2026-08-23 10:09:11,40.81778608945833,-74.0617266157504,40.83934670897152,-74.0477999109759,Clear,15.064312806896641
TRIP_02219,2026-08-14 08:59:12,40.700448714962704,-74.09296025760864,40.724263932538534,-74.10678538502123,Rainy,25.231480294213224
TRIP_02220,2026-08-06 10:00:26,40.69488299239894,-73.95066447878564,40.731629955605285,-73.89149118143702,Clear,28.881924281606363
TRIP_02221,2026-08-15 06:42:48,40.680422909718246,-74.11973105156031,40.69524411912799,-74.06946130725235,Rainy,20.44562293600666
TRIP_02222,2026-08-05 08:57:47,40.750009598575,-74.01620648844363,40.79830539767933,-74.00343811488145,Clear,28.18018800448869
TRIP_02223,2026-08-11 16:05:14,40.7037387913391,-73.85011594353959,40.737117224652856,-73.82189787143164,Clear,13.290835273794576
TRIP_02224,2026-08-03 08:43:50,40.68033134808393,-74.00660217764799,40.68212244470775,-73.94937400202645,Clear,24.598133811590653
TRIP_02225,2026-08-18 15:39:31,40.778865201613655,-74.06203838253481,40.838918581647775,-74.01664783974863,Clear,19.572791465300003
TRIP_02226,2026-08-19 04:43:05,40.78378015022568,-74.00886987318934,40.76303244064201,-74.03276291072683,Clear,10.758005590031347
TRIP_02227,2026-08-12 14:41:16,40.682778821713065,-74.00854003943098,40.70001384738842,-73.98123143878628,Clear,11.171864057268714
TRIP_02228,2026-08-07 06:52:56,40.619473002431974,-73.99796750298235,40.668480524464236,-73.982996448747,Rainy,22.96469383933494
TRIP_02229,2026-08-11 01:52:01,40.76317568449185,-73.97288685089202,40.761483491344485,-73.91949682991786,Clear,14.250372098010326
TRIP_02230,2026-08-14 17:47:59,40.678568508712004,-74.05795555841839,40.70785517811502,-74.00702427625491,Clear,29.4955054477296
TRIP_02231,2026-08-11 08:38:03,40.75233127995814,-73.92162259723816,40.788631467868115,-73.86206436239281,Rainy,36.995073905304096
TRIP_02232,2026-08-16 13:10:29,40.61429480911441,-73.99374428578137,40.608479093074976,-74.00728111594299,Snowy,12.810470577820677
TRIP_02233,2026-08-08 10:26:28,40.75742986691497,-73.96966029767991,40.77525553532715,-73.97318364370159,Snowy,18.588842722804884
TRIP_02234,2026-08-20 16:59:29,40.65224140353596,-74.03740746998778,40.66754628862969,-73.98398499690371,Rainy,17.598372813384216
TRIP_02235,2026-08-19 09:11:32,40.74933820595333,-73.94168089315022,40.75278607039836,-73.93943026761049,Clear,11.233782561905349
TRIP_02236,2026-08-02 17:38:15,40.71351365339182,-74.01885262044065,40.802563898953345,-74.04449560986808,Snowy,79.26445144006844
TRIP_02237,2026-08-13 03:09:27,40.66510302903017,-73.99212237432532,40.662209838426804,-73.9561444796969,Rainy,10.078235318850416
TRIP_02238,2026-08-09 17:08:21,40.692448184353665,-74.05265530385935,40.7425960931757,-74.04907185706733,Snowy,49.80546574767296
TRIP_02239,2026-08-10 07:22:42,40.74711592284784,-74.05584658132011,40.7553318923414,-73.98215285821085,Clear,17.170500566481103
TRIP_02240,2026-08-13 23:12:47,40.71809472265576,-73.97158973467735,40.705495636989205,-73.9427041980577,Snowy,15.819520898398904
TRIP_02241,2026-08-13 11:46:28,40.74202064902362,-74.02818034151036,40.76510507631828,-74.00337256291111,Clear,16.037012791325218
TRIP_02242,2026-08-16 07:05:55,40.811622029225774,-74.04869115437522,40.8510948307574,-74.0397684711237,Clear,15.322758762995859
TRIP_02243,2026-08-08 01:17:42,40.63458791941445,-74.03815916710136,40.68220320666642,-73.97043410708355,Clear,15.122096572730845
TRIP_02244,2026-08-17 09:33:22,40.793660628748434,-73.97105234641413,40.860528582068085,-73.94029571261743,Rainy,42.994228204600496
TRIP_02245,2026-08-19 19:51:51,40.71801779687616,-74.03745189306018,40.826375185574214,-74.02970687860487,Clear,55.24300748046019
TRIP_02246,2026-08-02 05:16:43,40.66786079758384,-74.01188274658011,40.695376223696506,-74.01570525777828,Snowy,12.350747320770912
TRIP_02247,2026-08-05 01:40:33,40.64628431871305,-74.00524861248564,40.64639155349829,-73.98745280412257,Clear,5.172211364102909
TRIP_02248,2026-08-22 19:45:53,40.70334398046115,-74.10186744430051,40.736930210264994,-74.11119684941515,Clear,24.15926720931904
TRIP_02249,2026-08-15 01:27:17,40.758882505596226,-74.07955632026868,40.77089611708403,-74.0286899970183,Clear,13.768400016969746
TRIP_02250,2026-08-12 06:47:50,40.70642254398113,-73.98918610553763,40.754201527876695,-74.02343636715835,Clear,18.31002735216056
TRIP_02251,2026-08-03 14:46:38,40.78835774651237,-74.04285146805763,40.769442817621396,-74.02703688890763,Clear,8.765281997695592
TRIP_02252,2026-08-08 06:02:18,40.640241215497426,-73.95316375443598,40.73129125176944,-73.91485974808334,Clear,27.32703333640601
TRIP_02253,2026-08-23 18:17:29,40.712195552607696,-73.95765964478747,40.757876995450964,-73.92739606218419,Clear,30.289687076140893
TRIP_02254,2026-08-07 18:04:54,40.650180327779346,-73.97004156668223,40.61966020724546,-73.9715600558727,Clear,21.927605986716888
TRIP_02255,2026-08-13 01:23:17,40.73098159413125,-73.91501141063436,40.7297107270618,-73.87520364943316,Clear,9.177481341796446
TRIP_02256,2026-08-04 03:07:42,40.757144369504864,-74.01015446638716,40.80162680082828,-74.01673564803875,Rainy,15.658490732924754
TRIP_02257,2026-08-01 08:37:35,40.69176191031595,-73.9735559037048,40.74705223200109,-73.95422744339972,Clear,26.53744030819065
TRIP_02258,2026-08-06 12:21:28,40.58258930716865,-74.0352200488298,40.56442217835169,-73.99566480167039,Clear,17.768637537833065
TRIP_02259,2026-08-09 13:43:03,40.722747407339824,-73.88338150435656,40.76413818285281,-73.84949412097177,Clear,16.145942656192766
TRIP_02260,2026-08-08 16:53:36,40.73463692758668,-73.9068183173782,40.69621673140682,-73.90706948772078,Rainy,18.704701253569436
TRIP_02261,2026-08-03 03:39:15,40.733014737748086,-74.00540597827411,40.75033466178395,-73.94948114277719,Clear,11.708124142568648
TRIP_02262,2026-08-11 01:07:38,40.77458910959111,-73.98667068850474,40.82795051485421,-73.96406985136018,Clear,15.66025501652317
TRIP_02263,2026-08-01 01:54:26,40.65924731601755,-73.93803512003176,40.66270184411446,-73.89574525770358,Clear,7.14357403987248
TRIP_02264,2026-08-13 10:02:33,40.746810805272524,-74.01335697524071,40.721603136298384,-73.94748394504052,Snowy,43.93418283017758
TRIP_02265,2026-08-16 00:06:34,40.772425375623904,-74.03883120353998,40.79681181951523,-73.98530558707675,Clear,12.35415455107687
TRIP_02266,2026-08-22 15:31:25,40.62387062079968,-73.96230051244966,40.625729054800615,-73.90869663025973,Clear,18.165428705139608
TRIP_02267,2026-08-24 05:45:54,40.72878259129595,-74.00207803769581,40.76766934227793,-73.97629763980032,Clear,14.158636981965799
TRIP_02268,2026-08-11 21:54:20,40.687591008449616,-73.99685027751774,40.681031215483074,-73.95303222389042,Snowy,19.68775899031095
TRIP_02269,2026-08-25 18:21:56,40.70872386634492,-74.0477135671534,40.705544759655325,-74.02130566991646,Clear,18.146071112819115
TRIP_02270,2026-08-01 20:44:19,40.73018382417692,-74.09188360741817,40.68955375455063,-74.10816334145152,Clear,24.7259467255385
TRIP_02271,2026-08-09 10:32:44,40.68843857179432,-73.99419287950604,40.713536913125864,-73.9651105657309,Clear,20.739902893344336
TRIP_02272,2026-08-20 00:02:31,40.679014596041924,-73.96075189792529,40.694187447893626,-73.93306106841314,Snowy,15.644024159763038
TRIP_02273,2026-08-20 16:36:37,40.7145076208744,-74.0172903374538,40.6988560807522,-73.97977845660814,Rainy,17.7370806783416
TRIP_02274,2026-08-17 09:42:44,40.65843770305686,-73.93417852402206,40.684251664469876,-73.91801843327846,Clear,15.036703001621444
TRIP_02275,2026-08-10 13:59:31,40.65850874355574,-74.04119581627077,40.70932085257507,-74.04403948297369,Clear,13.779092913786709
TRIP_02276,2026-08-13 03:51:48,40.74676866414783,-74.0587352227483,40.76030162584526,-74.01904004025305,Clear,9.715503755630392
TRIP_02277,2026-08-18 10:41:52,40.655360298242066,-74.00936151535981,40.683405306736724,-74.02875968397738,Clear,17.204154380216185
TRIP_02278,2026-08-18 18:40:36,40.74611562504546,-74.01012962876756,40.77431496253302,-73.94636505469187,Clear,29.168614760746674
TRIP_02279,2026-08-01 04:02:00,40.735929564642696,-73.96750156343325,40.719799669827324,-73.95444410526939,Rainy,10.120377378303356
TRIP_02280,2026-08-19 05:09:36,40.62650966356047,-74.0447481412032,40.7082072381817,-74.01738229604152,Clear,17.164700452289445
TRIP_02281,2026-08-12 11:16:26,40.678921767383216,-73.93759528815926,40.684796272479545,-73.90083854356081,Clear,15.850409355366194
TRIP_02282,2026-08-02 20:24:58,40.77250547015237,-73.90765415187458,40.812188956208175,-73.86993351052925,Snowy,47.50453863591562
TRIP_02283,2026-08-14 11:27:44,40.66374172344302,-74.00795720134842,40.706818181759886,-74.03022673034697,Clear,14.74912965127435
TRIP_02284,2026-08-05 04:16:04,40.68957978688453,-73.94351447899078,40.705391933071056,-73.89879188157445,Rainy,14.448092768834542
TRIP_02285,2026-08-24 18:03:38,40.7359030446626,-74.05882485353126,40.77410689541439,-74.02973023867997,Clear,23.639480716206386
TRIP_02286,2026-08-23 16:42:37,40.75196952546413,-73.95223892294091,40.77934410211863,-73.95129676447766,Snowy,19.86983234116655
TRIP_02287,2026-08-13 11:29:31,40.700223055697776,-73.95363617957203,40.67769386298095,-73.95612618810041,Rainy,13.719111168889297
TRIP_02288,2026-08-25 04:55:26,40.68292449026542,-73.9628281359905,40.69295630922792,-73.95284972845221,Rainy,7.407561567438321
TRIP_02289,2026-08-10 10:40:57,40.783918493084926,-74.00677815444351,40.78554196601431,-74.02574040504183,Clear,13.68919709745801
TRIP_02290,2026-08-13 02:16:29,40.79974498318988,-74.1537124470621,40.8058926319495,-74.0820444253325,Clear,14.570064412235002
TRIP_02291,2026-08-18 04:47:29,40.76174290253909,-74.0380863571826,40.74262280720399,-73.9735018174283,Snowy,25.557715459924342
TRIP_02292,2026-08-23 15:10:53,40.71706590712825,-74.03729580088422,40.77085891863063,-74.00374479485494,Clear,23.23193904788711
TRIP_02293,2026-08-04 08:14:11,40.67238671391795,-74.05491274690303,40.740446493556355,-74.04161469939329,Rainy,40.102933797989934
TRIP_02294,2026-08-16 03:34:58,40.671277779672174,-73.99988784977265,40.720617868952125,-73.98580108941077,Clear,10.386795583092336
TRIP_02295,2026-08-21 03:01:50,40.73892570526329,-74.02694817227606,40.797041581987706,-73.98420620109084,Clear,16.04077276651856
TRIP_02296,2026-08-07 01:32:49,40.73371991104444,-74.04723060048825,40.74338086593419,-73.9744957935032,Clear,9.796547332699278
TRIP_02297,2026-08-08 07:59:41,40.78287992964732,-74.05894000741239,40.78379222459774,-74.05605190960028,Clear,6.825781031611705
TRIP_02298,2026-08-18 21:26:27,40.745322504626806,-74.04177564927426,40.74196489322245,-74.05530323055295,Snowy,12.803557070298316
TRIP_02299,2026-08-11 22:00:38,40.63764598491201,-73.9499250394075,40.67696793260073,-73.88349581619964,Rainy,20.718444466814578
TRIP_02300,2026-08-08 13:23:50,40.76539738088615,-74.03905125273137,40.79220927248048,-74.07266541035891,Clear,12.614598000104637
TRIP_02301,2026-08-08 18:53:35,40.66289696863428,-74.03174693532166,40.68058031728633,-74.04200285956924,Rainy,22.263283533415354
TRIP_02302,2026-08-23 23:41:21,40.69360143640238,-74.02883488075116,40.75245589272824,-74.01624061752649,Clear,15.55219225772823
TRIP_02303,2026-08-10 03:07:38,40.72531001031258,-73.98905032430953,40.757458250927044,-74.01586332834368,Rainy,14.395640165731328
TRIP_02304,2026-08-15 07:28:41,40.8125833744892,-73.98318752557357,40.807423645363585,-73.92982305368938,Rainy,15.581880955290371
TRIP_02305,2026-08-07 18:34:40,40.86829592780027,-74.15823282696216,40.8678686629262,-74.11252566884701,Clear,23.181329824745134
TRIP_02306,2026-08-16 13:31:06,40.74313615295681,-73.95491823930863,40.78359595193443,-73.95216203612509,Clear,17.717747190958086
TRIP_02307,2026-08-12 00:47:34,40.70364016906398,-73.93418159828781,40.75489215464362,-73.87579317471247,Clear,16.528068986578933
TRIP_02308,2026-08-01 05:01:06,40.739525282424026,-74.05850932686809,40.7760756893917,-73.99503055401597,Snowy,25.341626763467357
TRIP_02309,2026-08-08 12:28:15,40.75718277129369,-74.05461491223674,40.83408943372986,-74.03801003168545,Clear,25.450304036905447
TRIP_02310,2026-08-22 20:09:03,40.696766618722144,-74.02851266938892,40.76581683369409,-74.02203271471596,Rainy,46.232709598302826
TRIP_02311,2026-08-25 23:52:12,40.80256056779562,-74.04380020097283,40.83579164284114,-73.95601214014054,Rainy,24.16004384001486
TRIP_02312,2026-08-17 07:07:22,40.72430353795957,-73.99480365630266,40.719146118175125,-73.95316880164015,Clear,11.050203786150613
TRIP_02313,2026-08-07 23:00:46,40.73768715445457,-74.10332626431794,40.718387529102614,-74.07563652472888,Rainy,13.966998200470817
TRIP_02314,2026-08-15 18:35:26,40.74609621260272,-74.06189638040183,40.75447476025228,-74.00099000200265,Clear,29.368203756361694
TRIP_02315,2026-08-06 09:30:11,40.733879330530726,-73.92904013999126,40.77647573392321,-73.89998222094117,Clear,24.236298506986593
TRIP_02316,2026-08-25 03:05:56,40.754747025023484,-74.0524109983674,40.82954643740284,-74.04757961594498,Rainy,21.98876576779407
TRIP_02317,2026-08-14 12:24:30,40.681937340672654,-73.94382858609485,40.714460751704976,-73.92142379328023,Clear,15.115563182681557
TRIP_02318,2026-08-22 20:34:20,40.6848849123027,-73.98823309022049,40.739946596129634,-73.9370734616009,Clear,32.248080108595005
TRIP_02319,2026-08-15 02:36:44,40.657792288351416,-74.09646338572941,40.670433063765785,-74.13622895271989,Clear,8.934836052990214
TRIP_02320,2026-08-15 16:37:54,40.73477506153101,-73.97423354023918,40.77345813528784,-73.96287446242236,Clear,15.053820117735048
TRIP_02321,2026-08-18 02:57:40,40.75174682517561,-74.01188336510964,40.79644753005992,-73.95039164315219,Snowy,25.706815498921664
TRIP_02322,2026-08-08 19:10:59,40.7356886433076,-74.0287733528125,40.69630081503202,-74.0241294048453,Snowy,42.48047048501214
TRIP_02323,2026-08-24 10:07:53,40.79652462166738,-73.9937521453414,40.80412145759608,-73.92736888852846,Clear,22.00156478610316
TRIP_02324,2026-08-01 01:19:35,40.71252019905855,-73.98226832572166,40.76101121058689,-73.91982601114087,Clear,14.344422576335587
TRIP_02325,2026-08-02 01:12:53,40.74623708277963,-73.97062040890127,40.774471132848724,-73.95258628236594,Rainy,13.813140524758921
TRIP_02326,2026-08-21 19:05:35,40.658214956193035,-73.9470873576226,40.64231950474851,-73.94414353676927,Clear,13.923467765868677
TRIP_02327,2026-08-25 14:54:30,40.69344501487628,-73.98559320436108,40.64054134360446,-73.97421397058557,Clear,14.315875989057831
TRIP_02328,2026-08-03 03:16:37,40.74757688787829,-74.07478170443932,40.75660346551923,-73.97484326967927,Rainy,24.95727384093404
TRIP_02329,2026-08-02 19:12:46,40.75525510553716,-74.02968227288255,40.773107534750345,-73.95344953947456,Rainy,44.18172138581127
TRIP_02330,2026-08-05 23:50:37,40.69810165261679,-73.85884758323657,40.69158396412194,-73.83508585408237,Clear,5.2314932892799355
TRIP_02331,2026-08-17 00:01:32,40.7092200374071,-73.96977544698092,40.73351258551794,-73.96802005352953,Rainy,11.103939974243259
TRIP_02332,2026-08-08 03:17:54,40.636906312665964,-73.88753563495942,40.67209791508295,-73.86402440389199,Clear,8.907402881324483
TRIP_02333,2026-08-24 08:46:15,40.69494853995967,-73.93622829589005,40.735069155081455,-73.90891348809154,Clear,23.75966336692296
TRIP_02334,2026-08-21 02:32:30,40.75731915817599,-73.99390989642221,40.70664159042802,-74.0112106585505,Clear,13.664925091002658
TRIP_02335,2026-08-24 12:13:05,40.74156025080533,-73.99092964651095,40.722131697871085,-73.9685284084345,Clear,9.120579915362402
TRIP_02336,2026-08-05 22:36:58,40.73783328606906,-74.00782900199384,40.74869460661842,-73.94815687224948,Clear,13.75693878046231
TRIP_02337,2026-08-04 20:11:45,40.71528868435905,-74.09289023079232,40.752453878290176,-74.12687093122881,Rainy,37.023420216029784
TRIP_02338,2026-08-23 13:42:53,40.71315315793141,-74.0050976373766,40.74783017833791,-73.96030011842248,Snowy,27.373474668461668
TRIP_02339,2026-08-10 09:59:26,40.67978394302633,-73.9454662723729,40.71394004146263,-73.88422233327125,Clear,29.338641247583446
TRIP_02340,2026-08-09 01:13:06,40.747741421010126,-74.03598199974105,40.756238882751056,-74.03279872009388,Snowy,6.565887509247544
TRIP_02341,2026-08-17 23:19:07,40.73384864721947,-73.98540235004691,40.74401964410017,-73.91457707730117,Clear,16.44174978350329
TRIP_02342,2026-08-24 19:35:04,40.73740094239964,-73.96342044770535,40.735551064346986,-73.96413055957879,Clear,9.588548025321497
TRIP_02343,2026-08-13 06:37:16,40.686498257866624,-74.05148402196562,40.7295440817098,-74.01825154210981,Clear,14.221284761894124
TRIP_02344,2026-08-06 18:24:02,40.60513285400644,-74.02856514321718,40.59751819037425,-74.01776832375708,Clear,13.770455457790684
TRIP_02345,2026-08-09 20:27:25,40.76765763558769,-74.05689557452386,40.81315872744337,-74.04610546523874,Clear,28.99633905747773
TRIP_02346,2026-08-15 07:56:56,40.68885812719958,-74.04710828033447,40.71509372434371,-74.04562725242721,Snowy,19.4524801377968
TRIP_02347,2026-08-23 14:00:39,40.669661211797845,-74.07038026418266,40.68830987744419,-74.0294229997568,Clear,10.887617754840615
TRIP_02348,2026-08-23 03:53:41,40.7474739455957,-74.0510224230689,40.74777263360241,-74.00555825933695,Clear,11.643376599264098
TRIP_02349,2026-08-16 17:03:07,40.693199368004045,-73.9350272159601,40.67253311216912,-73.91695988194742,Rainy,24.482009258659918
TRIP_02350,2026-08-04 09:51:29,40.76579681920233,-74.05177385145451,40.76636723651099,-74.07257289786467,Clear,14.611308898096135
TRIP_02351,2026-08-04 15:29:43,40.74365029747884,-73.99967703904697,40.75375009142009,-73.96758193404794,Clear,9.25215511685809
TRIP_02352,2026-08-10 10:33:15,40.74697846616002,-74.03114343768355,40.695907736812586,-73.99848300690124,Clear,30.285978117536867
TRIP_02353,2026-08-23 18:43:03,40.644502214439974,-73.94705670314815,40.65858155977993,-73.93355815348974,Clear,16.334697132831838
TRIP_02354,2026-08-17 11:30:47,40.77339719926932,-73.94044188516982,40.8211279203101,-73.8644249465544,Rainy,30.492818040479108
TRIP_02355,2026-08-03 01:25:38,40.72586252656169,-73.96279650089305,40.76287906372471,-73.98971437884006,Clear,8.449287539493366
TRIP_02356,2026-08-06 00:46:26,40.69433614303769,-73.99069327234486,40.69944996676544,-74.03721178365247,Clear,7.537538579247682
TRIP_02357,2026-08-12 12:07:08,40.71996942336711,-74.01755297684204,40.741377512319566,-74.01947802383297,Clear,9.291926310813077
TRIP_02358,2026-08-01 04:06:17,40.62398823835508,-74.06559373520956,40.62730330127242,-74.02428099918681,Clear,12.544863858689828
TRIP_02359,2026-08-22 07:23:25,40.73323264057404,-73.9088235559439,40.757695462574105,-73.92049889506691,Clear,14.710628292732894
TRIP_02360,2026-08-10 07:43:47,40.6613314245909,-74.04398365088763,40.72753465930322,-74.0534127784434,Clear,18.03167095015384
TRIP_02361,2026-08-12 21:21:26,40.645166485707826,-73.97281768264835,40.694221449786575,-73.92428704256301,Clear,18.745187656597658
TRIP_02362,2026-08-03 17:04:13,40.63668204068911,-73.95302172136883,40.67230586985989,-73.9191452836849,Clear,26.894302628429035
TRIP_02363,2026-08-25 19:30:20,40.7684344187495,-74.03376402484527,40.77364787137799,-74.00245219755642,Clear,20.15547039865943
TRIP_02364,2026-08-16 21:58:37,40.68133683031536,-73.95409937363421,40.7238349821037,-73.91065650605024,Snowy,30.59675877575005
TRIP_02365,2026-08-16 19:13:19,40.78948638549583,-73.96778933983306,40.75888007695463,-73.96054512843125,Snowy,34.23112902350093
TRIP_02366,2026-08-24 04:45:29,40.68600992684738,-73.91960180823091,40.69843932238766,-73.91097133045265,Clear,6.6282725850663935
TRIP_02367,2026-08-11 20:40:19,40.62743210212035,-74.02946732332134,40.66494344471507,-73.9851739451445,Clear,25.14387379406509
TRIP_02368,2026-08-07 04:30:28,40.656973778002566,-74.07029320086399,40.699186414424,-74.09063980428742,Clear,13.617743022956843
TRIP_02369,2026-08-15 12:43:23,40.774590581000346,-74.03127448777222,40.81468711570682,-74.07555608316417,Clear,15.94583235958068
TRIP_02370,2026-08-15 23:57:25,40.70500509110317,-73.99555732287328,40.73385001177946,-73.98855584808211,Clear,6.807208153554759
TRIP_02371,2026-08-19 23:18:41,40.68538563517547,-74.00308936364574,40.69951388580296,-73.95516316497377,Clear,11.601609251702683
TRIP_02372,2026-08-17 15:04:03,40.72080091129264,-74.02567189481373,40.75694019038744,-73.99800510384412,Rainy,17.8388748481124
TRIP_02373,2026-08-24 21:09:20,40.73788913680838,-74.10145987294887,40.72930330559079,-74.05574112782517,Clear,15.460358331091214
TRIP_02374,2026-08-25 05:29:28,40.76866994079512,-73.98247585019355,40.76332962289632,-74.02296467950625,Snowy,14.429222808644514
TRIP_02375,2026-08-11 10:58:47,40.78522496149465,-73.90738277604589,40.80707700178846,-73.87791787179619,Clear,23.556918998392455
TRIP_02376,2026-08-14 18:21:27,40.694811567710545,-73.98278743809385,40.720007496991805,-73.94317150295458,Clear,26.401180745612095
TRIP_02377,2026-08-04 04:53:56,40.6464976156959,-73.97554322404733,40.61172916033896,-73.99606714672565,Snowy,20.89818913469669
TRIP_02378,2026-08-19 16:49:39,40.69212674194384,-73.97737773469224,40.72578113337232,-73.93151600697584,Clear,13.70287305266085
TRIP_02379,2026-08-04 22:49:27,40.72581402532914,-73.98614766650589,40.76899587666672,-73.96949323340105,Snowy,23.983375494030525
TRIP_02380,2026-08-11 13:12:23,40.664612053689474,-73.9594167016566,40.682293496565485,-73.84727660060841,Clear,21.893823038514896
TRIP_02381,2026-08-16 11:40:38,40.66494245425525,-73.98623131594071,40.75617644275377,-74.03154839800762,Snowy,44.93641537693347
TRIP_02382,2026-08-10 16:49:56,40.72998939407749,-74.02163385848266,40.729501340888035,-73.96056042745242,Snowy,28.607477134141064
TRIP_02383,2026-08-07 02:14:15,40.71036738242148,-74.04579944550044,40.719534767519875,-74.03762418839622,Clear,6.9821651092741615
TRIP_02384,2026-08-21 16:44:25,40.71443984977058,-74.01844868276403,40.72258784258676,-74.04696323419724,Rainy,10.699116543743559
TRIP_02385,2026-08-03 19:19:22,40.674875233265,-73.99029352517746,40.69258960492627,-73.98610217948442,Clear,18.47515107854493
TRIP_02386,2026-08-05 08:22:17,40.70127996428971,-74.02180414805615,40.71141821990072,-73.99347977081602,Clear,17.128871902641276
TRIP_02387,2026-08-11 10:47:07,40.66658834278659,-73.99028306584343,40.64438402644844,-73.93915906575647,Clear,23.06973064289095
TRIP_02388,2026-08-02 22:20:09,40.75730992055624,-73.98404249331497,40.76091347166914,-73.912383564671,Clear,10.594092891505843
TRIP_02389,2026-08-06 03:20:59,40.76456246673619,-73.9643410284365,40.78163384586296,-73.90168423577536,Clear,13.841172045596963
TRIP_02390,2026-08-05 22:42:11,40.6204906068881,-73.94186025155805,40.67734776934996,-73.95082171217919,Clear,13.860780231953825
TRIP_02391,2026-08-16 19:52:45,40.66632445699038,-74.00209962907606,40.75239175519157,-73.94819468830808,Rainy,61.59274732835158
TRIP_02392,2026-08-14 19:19:46,,,40.69803775418102,-74.03965027954376,Clear,31.73270775575826
TRIP_02393,2026-08-08 04:40:20,40.680298803279655,-74.02325520484096,40.677037432389476,-74.02289329546883,Snowy,6.952574961134974
TRIP_02394,2026-08-16 23:34:43,40.708628101510484,-74.00379687162967,40.7077538131917,-73.990154189434,Clear,6.807086262408312
TRIP_02395,2026-08-07 16:14:46,40.640317739015074,-74.09778843780886,40.655537881689796,-74.0990837175922,Clear,12.144783269751025
TRIP_02396,2026-08-12 20:33:07,40.66670700934374,-73.93656677399487,40.74024377600934,-73.91545400373677,Rainy,50.45334122292665
TRIP_02397,2026-08-22 04:29:02,40.66260213139593,-73.99888110437448,40.67763940983047,-74.0007708408433,Rainy,11.580265199611432
TRIP_02398,2026-08-01 15:41:30,40.72316336646995,-73.98693235827099,40.703338141753825,-73.99777218046752,Rainy,14.279045279862627
TRIP_02399,2026-08-10 10:25:11,40.71626721685181,-73.93772367687369,40.72123190274322,-73.90335010304021,Clear,17.904471362627017
TRIP_02400,2026-08-08 04:08:10,40.67671312233314,-74.03750714150712,40.71942480238772,-73.99864522505933,Clear,11.206834421165437
TRIP_02401,2026-08-15 22:16:42,,,40.76233925191386,-73.96292581345854,Clear,9.554427916923592
TRIP_02402,2026-08-13 16:22:58,40.68546599577064,-74.0114932061551,40.69945949577589,-73.95046366703701,Clear,16.98616427442034
TRIP_02403,2026-08-07 08:17:54,40.6992172444837,-74.0152043433508,40.7397196846905,-74.00301726094565,Clear,21.72875679859405
TRIP_02404,2026-08-18 09:43:25,40.796472604514925,-74.04460961939022,40.74827743843852,-74.03369285574398,Clear,24.168741968603904
TRIP_02405,2026-08-18 20:40:40,40.77982305258952,-73.92271983931568,40.8029379296405,-73.8829051698453,Clear,23.844573308659875
TRIP_02406,2026-08-10 00:42:13,40.64782093815362,-74.02477500200378,40.69364150079468,-74.00874776955207,Rainy,15.836574924979189
TRIP_02407,2026-08-23 09:27:13,40.75428662089396,-73.97102678765522,40.74930072263932,-73.94848285578443,Rainy,20.431117832089036
TRIP_02408,2026-08-19 09:16:33,40.75336982772458,-74.0997503693736,40.748279671629696,-74.15536352349217,Clear,22.08889753428864
TRIP_02409,2026-08-22 13:25:49,40.65538683556237,-73.94700057351551,40.61939339097946,-73.92649935197338,Clear,15.322763016042236
TRIP_02410,2026-08-02 19:18:23,40.75373888218775,-73.95338944220215,40.821435750032066,-73.98820532032629,Clear,38.960539419051585
TRIP_02411,2026-08-08 05:19:38,40.78969659592063,-74.00112829448514,40.788091976609984,-74.0177568116151,Clear,2.9100045319094896
TRIP_02412,2026-08-25 12:33:21,40.65667275968778,-74.01734712330689,40.68390405802364,-74.03740679946955,Rainy,16.107252676355134
TRIP_02413,GARBAGE_TIMESTAMP_TEXT,40.66692485894929,-73.98599999971933,40.70504237019379,-73.99727749432535,Clear,5.6146136209155735
TRIP_02414,2026-08-08 12:22:17,40.76368307334218,-73.89156046695598,40.82904511181642,-73.88802608274494,Rainy,23.621990260295448
TRIP_02415,2026-08-14 17:35:14,40.72637476554129,-74.09416183494517,40.74175783232172,-74.08875661341153,Clear,16.29855273272897
TRIP_02416,2026-08-05 20:45:47,40.74037381376198,-73.96689863062129,40.74419091994862,-73.92697037449358,Snowy,36.0286597381847
TRIP_02417,2026-08-15 10:01:22,40.72982946082003,-74.0515808651077,40.755021490277144,-74.02490923068365,Clear,15.95568966525082
TRIP_02418,2026-08-24 17:03:14,40.73233479604641,-74.00699591981498,40.79085720434268,-74.04402815267952,Rainy,43.23366076650793
TRIP_02419,2026-08-12 02:31:35,40.64647639358445,-74.01839400595394,40.661371217642426,-73.99589516682754,Clear,2.8125919918064346
TRIP_02420,2026-08-21 15:05:01,40.76516588533107,-74.0274159128899,40.75651981288355,-73.99786825549239,Clear,7.650592926806441
TRIP_02421,2026-08-22 08:11:43,40.77127949962139,-74.00652325645264,40.745056765371935,-73.99638025194022,Clear,18.88104548508641
TRIP_02422,2026-08-24 13:48:40,40.7013304627966,-74.06270855726389,40.68469154125844,-74.04453513657108,Clear,8.68959866317757
TRIP_02423,2026-08-12 09:42:01,40.710626152509306,-73.9545409781936,40.756557897431506,-73.92883167443169,Clear,26.092769743518325
TRIP_02424,2026-08-16 00:21:00,40.63624462487221,-74.09570717555994,40.64662589058301,-74.05276918763087,Snowy,17.16965308416058
TRIP_02425,2026-08-22 01:11:58,40.738512737800896,-73.97901177435858,40.740287110503274,-74.00625817398246,Clear,7.751557592566378
TRIP_02426,2026-08-23 22:27:51,40.74140287208571,-74.02232679262673,40.73992385539019,-74.00965630378592,Clear,7.774381525331579
TRIP_02427,2026-08-18 11:26:22,40.70969044915004,-74.06454624469038,40.73224182495604,-73.99929616174865,Rainy,21.80771043180608
TRIP_02428,2026-08-01 10:01:43,40.76901766799352,-73.99588083147006,40.78183401518056,-73.93338099222112,Clear,27.268852510966042
TRIP_02429,2026-08-02 16:24:37,40.696096138451004,-74.08384755433532,40.70790217413943,-74.03831944650204,Clear,8.157802138994882
TRIP_02430,2026-08-16 18:27:05,40.74103029629468,-74.00401430891402,40.801510014129,-73.96790956839536,Snowy,62.69083054423784
TRIP_02431,2026-08-07 18:51:57,40.6618167830654,-74.07714384539058,40.72795727152125,-74.00750480293851,Clear,40.29772313504665
TRIP_02432,2026-08-17 05:14:21,40.71162239245629,-73.98293639578411,40.68332174226902,-73.90540095573591,Clear,13.461483614621317
TRIP_02433,2026-08-09 01:04:52,40.70408228710486,-74.05221786668152,40.73391006903915,-74.03609026632292,Rainy,11.246297515697703
TRIP_02434,2026-08-23 04:43:09,40.72406539610205,-74.02854970085147,40.72075953314341,-74.03763267415012,Clear,7.526325818130797
TRIP_02435,2026-08-04 11:46:09,40.694323653558335,-73.99130253060284,40.7068761201425,-73.97941130013157,Rainy,9.189348299401008
TRIP_02436,2026-08-18 23:04:12,40.70622637021642,-74.04462710559211,40.73550472177022,-73.93172624017895,Clear,18.778153540435692
TRIP_02437,2026-08-04 08:17:34,40.75410235857208,-74.00889819998342,40.76772076106415,-74.03597889026517,Clear,14.837433964259741
TRIP_02438,2026-08-24 10:03:40,40.69096178813809,-74.08169152506224,40.71787558455692,-74.07580769924812,Clear,18.217984815678502
TRIP_02439,2026-08-12 09:09:40,40.63247114496307,-73.9744562198202,40.67266025114403,-73.99683695439498,Snowy,41.47830610571191
TRIP_02440,2026-08-10 08:00:53,40.80027919521027,-73.91775430972247,40.82911649922648,-73.89401139383615,Rainy,29.525753309761434
TRIP_02441,2026-08-16 13:12:37,40.781872703934525,-73.8663895566045,40.7824676148095,-73.88247028747135,Clear,12.510751318481887
TRIP_02442,2026-08-14 07:22:54,40.64818686524472,-74.00144159266668,40.64931087703561,-73.98470412335169,Clear,9.135533064622471
TRIP_02443,2026-08-18 19:00:11,40.74728539026226,-73.96658979296014,40.72409423136372,-74.0050926477607,Clear,24.650229115866576
TRIP_02444,2026-08-11 12:54:03,40.68765126147243,-74.09503128364537,40.682033652546814,-74.05650266369283,Clear,9.181791613085906
TRIP_02445,2026-08-25 05:53:56,40.72597436076656,-73.93086328368472,40.80483641162351,-73.87419292599067,Rainy,29.784742339938585
TRIP_02446,2026-08-13 23:21:44,40.72751120645068,-73.9671885747638,40.72375109922782,-73.9587068834257,Snowy,9.483092696077508
TRIP_02447,2026-08-06 21:35:52,40.701079609984184,-74.03019667224756,40.68527824561087,-74.01425057245983,Rainy,11.674034266691928
TRIP_02448,2026-08-03 14:10:33,40.67361171672068,-73.94414095998555,40.70320955257602,-73.92904317690748,Clear,12.83254084304472
TRIP_02449,2026-08-23 16:57:59,40.67827294738419,-74.01872380383227,40.69496200460543,-73.99329648357552,Clear,9.398410617829063
TRIP_02450,2026-08-23 01:20:32,40.66699040422594,-74.02890125915073,40.681122607120464,-74.01004634675972,Clear,2.9015824731500635
TRIP_02451,2026-08-05 19:16:59,40.67120888958848,-73.98223325372862,40.73348026858084,-73.9391897451557,Clear,38.286117438423894
TRIP_02452,2026-08-01 06:02:25,40.70944108549753,-74.05916772499151,40.74591488576428,-74.00217655098798,Clear,20.256621229008143
TRIP_02453,2026-08-16 15:43:40,40.677012000544465,-73.95491876178001,40.68111221259336,-73.95934089845477,Rainy,9.14525346428417
TRIP_02454,2026-08-25 13:43:25,40.74690260328563,-74.05879949059634,40.75416832575788,-74.04807934537958,Clear,7.409214265154301
TRIP_02455,2026-08-25 15:16:43,40.7871623077668,-74.05850273949116,40.79208471234963,-74.01145415602342,Clear,13.02359622908911
TRIP_02456,2026-08-04 16:32:29,40.6837973379315,-74.05148448942042,40.730039526578906,-74.07413456086219,Clear,16.314375638557536
TRIP_02457,2026-08-25 20:16:10,40.724770225026774,-73.96802499812419,40.73552579614318,-74.00714663657956,Snowy,37.04450512152379
TRIP_02458,2026-08-19 22:29:17,,,40.70398965044152,-74.01004928948903,Rainy,14.196976334727704
TRIP_02459,2026-08-20 01:40:27,40.73640011354596,-74.07339978921836,40.75495052318393,-74.03850939688624,Clear,9.796014977970174
TRIP_02460,2026-08-09 11:30:44,40.716597763395804,-74.03628399999678,40.690486983361964,-74.03795300563539,Rainy,17.167687372279612
TRIP_02461,2026-08-16 12:22:13,40.749934120917985,-74.00760211853402,40.835461038970635,-74.00496165015764,Clear,24.9700599547013
TRIP_02462,2026-08-07 01:11:57,40.73691244763403,-74.06504862418322,40.72794241021862,-74.06785439383545,Clear,5.850386157159366
TRIP_02463,2026-08-24 16:23:36,40.650916878883635,-74.06358405545171,40.6660609359229,-74.06959181263204,Clear,9.83554415256372
TRIP_02464,2026-08-20 09:17:02,40.75625780321946,-73.90043518329502,40.784003885260496,-73.85963030867688,Clear,24.096380908879365
TRIP_02465,2026-08-13 12:41:28,40.75716454186334,-74.04902827019069,40.768504797042965,-74.06444322480061,Clear,10.511697029567841
TRIP_02466,2026-08-02 15:03:50,40.67463569479107,-74.02215211843865,40.68593478274708,-74.01011780428165,Clear,6.716264226316974
TRIP_02467,2026-08-05 06:40:04,40.714696891772384,-74.02436185003997,40.74735171035721,-74.03152193506541,Clear,11.400606749825144
TRIP_02468,2026-08-08 01:53:55,40.74696644964055,-74.02706784038853,40.81275292840444,-74.05072650966557,Clear,14.503299449538583
TRIP_02469,2026-08-25 19:51:06,40.70233430902103,-73.97493266300154,40.745359581475554,-73.92882731775913,Clear,32.72072450169813
TRIP_02470,2026-08-04 20:46:17,40.766448902388305,-73.9585928524764,40.830804318745514,-73.95418760914161,Rainy,46.6707355850001
TRIP_02471,2026-08-02 13:41:04,40.83099362473097,-74.02129772157657,40.819595051488164,-73.99564451916395,Clear,7.459761731336124
TRIP_02472,2026-08-12 09:57:49,40.67350069836825,-74.06782391432962,40.70302157736591,-74.09306619072365,Clear,21.300592903468935
TRIP_02473,2026-08-06 21:43:23,40.643747769842314,-73.94227798860756,40.66840515140406,-73.94453617222025,Clear,13.241238184559776
TRIP_02474,2026-08-01 06:11:38,40.72799092978025,-74.01076705455984,40.75852366853055,-73.96808441813899,Clear,14.42006923198101
TRIP_02475,2026-08-09 19:14:22,40.74887812525631,-73.91948390925714,40.81016508437538,-73.82186576558178,Clear,48.065551962092584
TRIP_02476,2026-08-12 12:21:35,40.70125668130776,-74.11827929487826,40.714633006814,-74.15756577680997,Clear,13.721333476986265
TRIP_02477,2026-08-10 23:34:55,40.78546303316605,-73.99622983893583,40.79329793216943,-73.98226307279451,Clear,3.700334591065846
TRIP_02478,2026-08-05 03:50:14,40.64586971001384,-73.91006968330619,40.6818891339364,-73.87770126536188,Rainy,15.586123238749138
TRIP_02479,2026-08-23 06:28:21,40.74744593115158,-74.02366320677191,40.714099849324604,-74.02214621136909,Clear,14.96446787446233
TRIP_02480,2026-08-03 15:46:17,40.68250695896206,-74.01727467116673,40.695401397488396,-73.97178901155691,Rainy,15.958932042702083
TRIP_02481,2026-08-03 13:32:06,40.79876889531037,-73.99122441542049,40.814742964631805,-73.9972263955403,Rainy,12.96628010292589
TRIP_02482,2026-08-02 09:23:24,40.81242576765841,-74.03393979094425,40.804815009169204,-74.00932436113774,Clear,15.21558404245072
TRIP_02483,2026-08-16 11:26:49,40.67446717061083,-74.02160359660263,40.72617894095153,-74.01726575373758,Clear,15.174396065265986
TRIP_02484,2026-08-06 16:07:20,40.68532214320457,-74.02289075470956,40.673454933684276,-73.96630782222093,Clear,14.708107167696646
TRIP_02485,2026-08-09 18:33:38,40.75577939434899,-74.03737103672132,40.771703202898074,-74.0376619718124,Clear,14.322682654833779
TRIP_02486,2026-08-11 22:12:41,40.69344346751053,-73.94455717248998,40.72223818427022,-73.93511338637857,Clear,-99.0
TRIP_02487,2026-08-15 20:38:27,40.71052943910339,-73.98294609838518,40.77113298594767,-73.93457542726027,Clear,36.84199272479833
TRIP_02488,2026-08-06 11:02:47,40.71406942102712,-73.99346858839483,40.73375272798069,-74.00430974816761,Clear,9.880261597520443
TRIP_02489,2026-08-20 08:41:44,40.61681634219012,-73.9655714496555,40.664900950013966,-73.9435089479526,Clear,25.784865763861802
TRIP_02490,2026-08-08 05:27:34,40.71210811269529,-74.01921779166017,40.7531259746136,-74.05389382197076,Clear,12.135779165801745
TRIP_02491,2026-08-12 08:40:42,40.678313611296794,-74.04471019091764,40.70201733798187,-74.0573481946765,Clear,17.549502675722383
TRIP_02492,2026-08-06 01:06:40,40.68814385888001,-74.03613121523072,40.67545845663181,-74.004667276954,Clear,9.870511407975028
TRIP_02493,2026-08-25 18:49:31,40.784981600173445,-74.00591084794478,40.76194417434631,-74.01563177323087,Rainy,21.997522183141882
TRIP_02494,2026-08-12 20:10:09,40.64997465528604,-74.05896058541865,40.67316981732861,-74.05529777337335,Clear,17.84665120549545
TRIP_02495,2026-08-23 02:43:03,40.7534602593374,-74.03101305082933,40.75717935312032,-73.9962204587679,Clear,4.788336874148676
TRIP_02496,2026-08-10 01:43:27,40.69885185348341,-74.03180583209357,40.74642968623385,-74.02918141632797,Clear,12.14768845535504
TRIP_02497,2026-08-11 13:46:13,40.69881199157521,-73.89977218850855,40.74118768711817,-73.85508692631205,Clear,17.364945235643034
TRIP_02498,2026-08-12 01:54:33,40.75231859480259,-74.1446907469967,40.766780264969476,-74.11822086337212,Clear,9.537739851834399
TRIP_02499,2026-08-01 19:46:29,40.729802564728445,-74.01498098607028,40.71507117701021,-73.98191049271254,Clear,20.945837384994775
TRIP_02500,2026-08-22 09:25:19,40.74133064986098,-73.91971531035927,40.7766527163492,-73.8624863423971,Rainy,37.36215806502591
TRIP_02501,2026-08-01 00:24:32,40.76120923302665,-73.99990777679338,40.750670749642595,-73.97031308491496,Clear,8.537574858772166
TRIP_02502,2026-08-23 10:59:59,40.69623458084084,-73.96832912632894,40.69348066315291,-73.90216370761486,Clear,24.526146790005857
TRIP_02503,2026-08-12 14:13:54,40.68218816327462,-74.00100868424501,40.67280569112816,-73.95367081575387,Clear,11.020209913281455
TRIP_02504,2026-08-01 00:05:55,40.658542473672114,-74.03936666906083,40.67438744301391,-74.03507024195586,Clear,6.352010259778056
TRIP_02505,2026-08-23 21:25:02,40.67152947350105,-74.11809579672544,40.72663524352317,-74.0593013544748,Clear,19.229773268426165
TRIP_02506,2026-08-14 22:05:39,40.860254721265434,-73.99572721564819,40.88010349515873,-73.9678112350211,Clear,8.915715456310817
TRIP_02507,2026-08-20 14:16:27,40.77503397903684,-74.04478033023013,40.78173741826401,-74.03662072148994,Clear,6.043699982583405
TRIP_02508,2026-08-23 08:15:31,40.6452462816896,-74.04601677030827,40.619477833788245,-74.01766519944864,Clear,20.783223850696256
TRIP_02509,2026-08-01 15:18:54,40.646677102162826,-74.03094936279895,40.68324083970472,-73.97757955806725,Clear,17.229394570744166
TRIP_02510,2026-08-09 16:37:58,40.73689330308593,-73.91875692966883,40.73348116490807,-73.88510557684157,Clear,11.616201290594969
TRIP_02511,2026-08-14 17:20:45,40.7401632398689,-73.8857581228873,40.76368876844364,-73.81108633791075,Rainy,44.46611572332234
TRIP_02512,2026-08-23 06:41:47,40.74024419176587,-73.99513960312358,40.749617633288366,-73.94254368638661,Rainy,17.975379719890167
TRIP_02513,2026-08-07 19:59:05,40.70005221032232,-74.02923836119558,40.7451975269103,-73.99354356019352,Clear,29.83123577476416
TRIP_02514,2026-08-06 06:56:53,40.70652728699986,-74.06486132087257,40.721810195239,-74.0756433633548,Clear,9.857405436231538
TRIP_02515,2026-08-17 07:01:50,40.729193976207966,-73.9825729919227,40.74742618557227,-73.967964967343,Clear,14.635222244773388
TRIP_02516,2026-08-21 21:06:43,40.71709465031467,-73.91685471999675,40.751667064738335,-73.89470479580423,Snowy,21.051121154124047
TRIP_02517,2026-08-20 02:56:35,40.60183498136262,-74.01836701935126,40.68504318683052,-73.97746807431473,Clear,19.8833051214236
TRIP_02518,2026-08-25 10:43:50,40.70131001847124,-74.12494980203766,40.74796342638199,-74.0858298107995,Clear,25.277299777668276
TRIP_02519,2026-08-19 10:12:55,40.67022967828699,-73.97249751640922,40.68757149509653,-73.94741130410267,Clear,17.117989950189738
TRIP_02520,2026-08-01 05:53:56,40.72156057094543,-73.95673001442749,40.74165651066389,-73.93311951696617,Clear,7.438832488851077
TRIP_02521,2026-08-16 01:45:55,40.86206295013017,-74.0852922820193,40.86631716632044,-74.04367857516701,Clear,9.410157365144228
TRIP_02522,2026-08-23 17:48:19,40.731174083273714,-73.99717579081685,40.72267421216812,-74.00293337758575,Clear,13.135248538041955
TRIP_02523,2026-08-18 18:29:14,40.69712351569138,-73.9834386991932,40.70054099207939,-73.9125732246157,Clear,29.571490108146083
TRIP_02524,2026-08-02 03:00:07,40.75889007509886,-74.00965536510044,40.755725606187504,-74.05107037165534,Snowy,12.76883107003334
TRIP_02525,2026-08-20 13:57:10,40.73693439436046,-74.04553854595427,40.77653544587434,-73.9818762614891,Snowy,34.94213341540454
TRIP_02526,2026-08-24 23:31:24,40.73380472452259,-73.95520313882182,40.721668878786524,-73.93655870467457,Rainy,11.18636676821085
TRIP_02527,2026-08-14 15:41:38,40.74314252966079,-74.02616898729843,40.803138846502186,-73.97609159287029,Clear,20.52349030607016
TRIP_02528,2026-08-16 03:11:11,40.81562717824148,-74.080259308135,40.85818856975004,-74.04934409510622,Rainy,14.64288384133821
TRIP_02529,2026-08-02 05:19:46,40.656255578233704,-74.10847372428348,40.676870630114735,-74.07809269195616,Rainy,12.521324696824538
TRIP_02530,2026-08-15 21:15:23,40.73648160384057,-73.94295752400004,40.756491162184524,-73.90632988971925,Snowy,22.155950769799706
TRIP_02531,2026-08-03 00:52:43,40.66648094350092,-73.97516680117644,40.669762504212486,-73.93089517250381,Clear,11.542745860719839
TRIP_02532,2026-08-15 18:37:50,40.74057563231711,-74.00160132264354,40.768678164657544,-73.99146624744115,Clear,22.38618592061344
TRIP_02533,2026-08-17 08:20:44,40.666865674425694,-74.02801373184253,40.71950844832195,-73.97696975792675,Clear,33.350337866240835
TRIP_02534,2026-08-15 15:12:01,40.69193165931975,-74.03244992071015,40.69083696545208,-74.04498403941751,Snowy,8.635060728125076
TRIP_02535,2026-08-02 10:24:27,40.6980455042881,-74.05978683242208,40.67204374162054,-74.03994674962186,Clear,18.079877381232137
TRIP_02536,2026-08-16 16:25:34,40.76159083596724,-74.02757278222799,40.80268738361294,-73.98249368449983,Clear,18.866992598401836
TRIP_02537,2026-08-23 00:17:13,40.75872272219712,-74.112004360756,40.78845370142444,-74.06215383336753,Clear,10.701981733863695
TRIP_02538,2026-08-22 08:59:08,40.65051413117768,-74.04280318267342,40.63690816713444,-74.00897951722558,Clear,20.774531279793052
TRIP_02539,2026-08-12 23:29:02,40.71554670555,-74.02154687581755,40.713544964422574,-74.01334864895622,Snowy,12.39528861339991
TRIP_02540,2026-08-02 00:26:58,40.67732100726254,-73.97550599764048,40.671547879041036,-73.92860476428942,Clear,12.79383335690223
TRIP_02541,2026-08-09 12:29:52,40.64987475446623,-74.00799632316867,40.64813878639521,-74.00807731034223,Clear,6.709484265499277
TRIP_02542,2026-08-16 18:41:25,40.701949147478786,-73.96625384430622,40.71223866485755,-73.89371157209375,Snowy,52.47648733944281
TRIP_02543,2026-08-05 13:26:14,40.69737586057721,-73.93854324474432,40.70937944144879,-73.92108337166931,Clear,9.537050084721749
TRIP_02544,2026-08-03 08:00:00,40.83413582431728,-73.9530914953088,40.834612014665225,-73.97928026613498,Rainy,16.876068184447327
TRIP_02545,2026-08-19 05:10:49,40.734447991268034,-73.98247450763107,40.73170307668303,-73.99831501167156,Clear,4.628429045342888
TRIP_02546,2026-08-14 15:32:23,40.64391912496229,-74.00540686604096,40.65705559464471,-73.98409755693457,Clear,8.21109502778094
TRIP_02547,2026-08-10 09:12:59,40.684561299791454,-74.05503940042068,40.70959204583724,-74.0308446422809,Clear,19.166119735276027
TRIP_02548,2026-08-01 02:13:20,40.76386916477147,-73.96900279743103,40.774380268680524,-73.8899130968825,Clear,14.0351099637162
TRIP_02549,2026-08-16 22:57:51,40.8172221386435,-73.92201263088893,40.871982149343744,-73.93316761101735,Clear,14.380655825375104
TRIP_02550,2026-08-06 00:19:55,40.6335008343881,-73.98889469801748,40.668743465820725,-73.96771083203836,Snowy,20.270874113838886
TRIP_02551,2026-08-05 07:43:31,40.61880378074305,-73.9101370425787,40.59107840503729,-73.92191968479116,Clear,10.059382032861064
TRIP_02552,2026-08-01 12:57:40,40.806348258768594,-74.08227858540306,40.84206009173101,-74.07705823099946,Clear,13.287593194981563
TRIP_02553,2026-08-20 23:39:44,40.732280708868544,-74.06370816923898,40.77044702834611,-73.9931890083369,Rainy,19.553058631828847
TRIP_02554,2026-08-02 14:45:50,40.669385363406185,-73.96323992461258,40.67634331436246,-73.97733001130726,Clear,8.216253269821001
TRIP_02555,2026-08-09 18:29:45,40.739531454306125,-73.99278548949233,40.71467552668703,-73.9551742167703,Clear,25.51108916964835
TRIP_02556,2026-08-08 04:38:03,40.58101261304916,-73.9403108911714,40.60125461583149,-73.90852367040098,Clear,11.447112156630935
TRIP_02557,2026-08-08 03:20:32,40.71296877532986,-74.00677358203633,40.732737515785395,-73.98749872482708,Clear,9.713747158967697
TRIP_02558,2026-08-08 06:10:20,40.72919105864216,-74.04939877112642,40.71554167154616,-74.01381567243067,Clear,12.549750360588805
TRIP_02559,2026-08-16 21:48:55,40.75901350697689,-74.01667966211025,40.73547693048909,-74.03148027356855,Snowy,15.516063930198374
TRIP_02560,2026-08-25 04:57:06,40.662105202385376,-74.08263419854619,40.679478595991775,-74.01294452331209,Clear,11.736355257727118
TRIP_02561,2026-08-10 12:19:14,40.71708435807017,-74.06242953365485,40.73009204230864,-73.98468416880114,Clear,16.770491714699695
TRIP_02562,2026-08-06 01:35:52,40.66652876869702,-73.9573778001041,40.674010807737346,-73.93596465917132,Clear,7.898631750403609
TRIP_02563,2026-08-14 23:28:46,40.72556918778372,-73.96236062927652,40.74306686574132,-73.8696674453581,Clear,14.29603120284811
TRIP_02564,2026-08-14 03:37:06,40.66803268388185,-73.98784978575969,40.65494939266724,-73.97982062370619,Rainy,9.212848251743873
TRIP_02565,2026-08-13 16:28:16,40.69239495804199,-74.09205387604803,40.69935033965601,-74.06004091623234,Clear,11.143959677109208
TRIP_02566,2026-08-04 18:25:51,40.66300923026049,-74.02392017877564,40.69900898117892,-73.9609635068624,Rainy,38.9452797141485
TRIP_02567,2026-08-13 08:01:19,40.74535681209118,-74.067249994433,40.75485770968064,-74.06102012823969,Clear,9.599561836335727
TRIP_02568,2026-08-23 17:55:25,40.75572255583283,-73.94717333731062,40.72556338167906,-73.968619809077,Clear,24.801332531726324
TRIP_02569,2026-08-20 16:38:48,40.70106897150213,-74.03518610667813,40.70688820317042,-74.06353761864669,Rainy,14.33230741994881
TRIP_02570,2026-08-10 13:27:25,40.714711899748,-74.06028738553908,40.7026071458428,-73.97846258862201,Clear,17.353414427333085
TRIP_02571,2026-08-12 11:48:18,40.64037042926832,-74.00451019174393,40.66838451816218,-74.0003809312631,Clear,9.199159024502546
TRIP_02572,2026-08-23 13:16:14,40.69781616759966,-74.03800772284173,40.72738128970107,-74.02357982574428,Rainy,10.712810068859024
TRIP_02573,2026-08-21 05:29:18,40.71028976914791,-73.93181280448981,40.68052653039533,-73.94519572683944,Clear,12.53708807953343
TRIP_02574,2026-08-22 19:37:37,40.8438396545515,-74.04274054487671,40.886610043668966,-73.99429036649683,Clear,31.62670620288855
TRIP_02575,2026-08-04 00:18:42,40.65720164871129,-74.07596141296123,40.643836059672935,-74.07940820873797,Clear,10.190432803612282
TRIP_02576,2026-08-07 01:35:05,40.786008861937624,-74.11364567578788,40.85278433065209,-74.10838356661772,Rainy,20.288290933614068
TRIP_02577,2026-08-05 21:52:08,40.762642938673295,-74.00753932512067,40.781179650738274,-73.97855371253819,Clear,11.954648299751083
TRIP_02578,2026-08-11 17:51:16,40.72683182022451,-74.0340965056929,40.709440015268335,-74.04601788351027,Snowy,30.4198859804188
TRIP_02579,2026-08-13 22:16:53,40.80073102420976,-74.07744523032558,40.78647144208898,-74.062802698411,Clear,10.491059700210847
TRIP_02580,2026-08-10 17:48:43,40.731405273630344,-73.94653867693721,40.76184813238397,-73.88447238925211,Rainy,41.85237758348723
TRIP_02581,2026-08-15 18:53:14,40.7322579597834,-73.97263774262854,40.740518963086444,-73.93979011070303,Clear,19.502507927225334
TRIP_02582,2026-08-13 06:42:39,40.710143967349126,-74.00741089394687,40.72724435006058,-73.98349462517402,Clear,10.597836123906683
TRIP_02583,2026-08-20 15:23:22,40.773978444120935,-73.93778368779145,40.84236185110185,-73.91133774650754,Clear,18.754241445141723
TRIP_02584,2026-08-11 23:04:57,40.76762346169055,-73.97287319833006,40.76664613976367,-73.96454725120935,Clear,4.371509057312202
TRIP_02585,2026-08-07 15:29:15,40.68151613562519,-74.04714279507593,40.70331502135606,-73.96725822548328,Clear,19.418424902695087
TRIP_02586,2026-08-20 16:18:59,40.646837640270064,-74.05796100819954,40.70943297489126,-74.06232572211556,Clear,21.703805429722504
TRIP_02587,2026-08-15 14:58:19,40.70265096813022,-73.96510092277731,40.730766372394214,-73.93877313791839,Rainy,15.607507914276592
TRIP_02588,2026-08-21 14:34:43,40.67279807178012,-73.98618165217663,40.64459998971938,-73.96273088518635,Clear,14.539970370129579
TRIP_02589,2026-08-06 19:36:10,,,40.7447854416212,-73.94724973638748,Snowy,50.413060271500505
TRIP_02590,2026-08-23 11:38:08,40.774671906734206,-74.04832489014345,40.7597818210007,-73.99522967197964,Clear,17.023395913435635
TRIP_02591,2026-08-18 13:35:39,40.689934917245665,-73.97560262164971,40.752139143107655,-73.95656318578432,Clear,-99.0
TRIP_02592,2026-08-16 03:27:18,40.71065883093442,-74.0437749441567,40.70597280278448,-74.0150549493633,Rainy,11.569002657008646
TRIP_02593,2026-08-06 18:14:43,40.71570113674042,-74.01109933272969,40.82478642197279,-73.98124329011226,Snowy,93.06953428528018
TRIP_02594,2026-08-12 01:08:34,40.75522154411026,-73.93365279268065,40.81924282376009,-73.98181704234777,Clear,18.77466396794781
TRIP_02595,2026-08-01 13:59:30,40.600455533300774,-74.0390417117905,40.59655715621194,-74.06671139986484,Clear,11.879628859221418
TRIP_02596,2026-08-13 04:06:45,40.68246498526174,-74.08464946285365,40.703065399411784,-74.08280137357531,Clear,11.937055342629545
TRIP_02597,2026-08-16 17:13:32,40.72336418461398,-74.0586273595935,40.76597351306298,-74.0554753198848,Clear,29.317144885326012
TRIP_02598,2026-08-06 20:09:31,40.772803947821345,-73.95628505866561,40.816313762048146,-73.97226353132454,Rainy,36.1337998606915
TRIP_02599,2026-08-06 01:38:48,40.68820487762469,-73.99326344313099,40.72147496542398,-73.95077596598978,Clear,11.355018029425876
TRIP_02600,2026-08-24 13:22:38,40.61897236469791,-74.01244386893444,40.676537135806896,-73.99238031630392,Clear,18.97472039728769
TRIP_02601,2026-08-22 20:40:50,40.74378557229831,-74.03145469026558,40.76009650389928,-74.01789552668718,Clear,12.863711188958698
TRIP_02602,2026-08-25 20:23:10,40.68103188055872,-73.98173200462234,40.69003035050144,-73.99941666285757,Clear,17.12266023703104
TRIP_02603,2026-08-03 22:57:03,40.65331666704548,-74.04845524254951,40.66291074740774,-74.02979158847685,Clear,4.922737072039109
TRIP_02604,2026-08-05 03:12:08,40.68158273051434,-73.99071672156786,40.72733392747351,-74.04951726424783,Rainy,22.218594586262974
TRIP_02605,2026-08-23 13:15:53,40.703573732117206,-74.04256272844064,40.734529163326286,-74.02745141776482,Clear,16.300834082788604
TRIP_02606,2026-08-06 09:22:20,40.68256276677309,-74.05088296926375,40.7113012767438,-74.02898745919953,Clear,16.907399532094622
TRIP_02607,2026-08-13 02:58:42,40.60252169714505,-74.03787437174125,40.646378724622764,-74.01061692221161,Rainy,16.314807605485754
TRIP_02608,2026-08-03 06:26:41,40.75765330984436,-74.0247703723242,40.716121737608745,-74.05169342522858,Clear,13.161436043378487
TRIP_02609,2026-08-01 03:25:07,40.77654375206394,-74.00844149179669,40.80584581678019,-73.98169698969595,Rainy,9.981163137787249
TRIP_02610,2026-08-20 16:04:48,40.745376099566975,-73.99422721024445,40.77193316623319,-74.00547014834038,Clear,10.989612171159555
TRIP_02611,2026-08-09 07:06:36,40.65591571647876,-74.19041826457142,40.72597995891778,-74.19479235954019,Clear,21.869358124570237
TRIP_02612,2026-08-04 22:02:07,40.702725423302624,-74.04638252788733,40.676867783834716,-74.00484458631266,Clear,12.75884809832769
TRIP_02613,2026-08-05 04:16:46,40.71247393423853,-74.0255784988678,40.77918953320983,-73.94515508716701,Snowy,34.434704390954614
TRIP_02614,2026-08-08 06:48:11,40.742739719478095,-73.93074689806959,40.765001993345834,-73.90920613530551,Snowy,-99.0
TRIP_02615,2026-08-04 19:27:24,40.74621702443591,-74.06000013041911,40.78088671035571,-74.06451299417832,Clear,23.192378745683417
TRIP_02616,2026-08-18 03:41:02,40.676091310061075,-73.997860169095,40.746368873689356,-73.9722000556697,Clear,13.98815626078669
TRIP_02617,2026-08-05 11:54:36,40.71689977782068,-73.9312484845132,40.753722615860845,-73.88307760978823,Clear,13.676496801012448
TRIP_02618,2026-08-05 03:29:56,40.735664020230764,-74.07164842649736,40.76767506891464,-74.03301849952118,Clear,9.722662633167603
TRIP_02619,2026-08-06 09:37:26,40.78559111610734,-73.98630123870679,40.81285985168141,-73.88400785253287,Rainy,50.475518223773335
TRIP_02620,2026-08-22 21:00:47,40.74802532699124,-74.04611359169672,40.75352098294141,-74.04757371876957,Clear,7.337198814991341
TRIP_02621,2026-08-11 05:19:17,40.752252834368775,-74.03123168711446,40.77139816063347,-74.00366474271688,Clear,9.685206992090437
TRIP_02622,GARBAGE_TIMESTAMP_TEXT,40.71699133139647,-74.04615554169767,40.71552594841279,-73.97968800309512,Clear,14.483293193494747
TRIP_02623,2026-08-21 21:17:09,40.783322957260175,-74.0425928654208,40.80198595027741,-73.97800808831025,Clear,15.863542868654406
TRIP_02624,2026-08-24 19:11:03,40.73328813979798,-73.86990439260468,40.68321021888632,-73.90840673040042,Rainy,39.12293899804533
TRIP_02625,2026-08-10 04:25:35,40.669745604491325,-73.96377720639641,40.70261679151835,-73.94387793499762,Clear,13.163521786939624
TRIP_02626,2026-08-16 04:25:18,40.782968498506264,-73.95091310691069,40.799316380892755,-73.88637748393523,Clear,17.56089820038229
TRIP_02627,2026-08-24 05:23:30,40.74769516362695,-73.98140032565817,40.75760905152695,-73.8746810359462,Clear,19.603972249048226
TRIP_02628,2026-08-21 06:09:38,40.69064779894358,-74.0863128394201,40.717240541461784,-74.04519896290758,Clear,15.575029539358685
TRIP_02629,2026-08-22 13:27:41,40.68882535163004,-73.98625210148383,40.66581843394108,-73.97728800029472,Clear,10.017282405519017
TRIP_02630,2026-08-20 21:56:31,40.72762877725704,-73.95235351927464,40.80550687715568,-73.96262961384775,Snowy,34.85056589696069
TRIP_02631,2026-08-11 13:30:43,40.73595923976338,-74.04866997370196,40.752876215918754,-73.96210767297603,Clear,18.374270880760818
TRIP_02632,2026-08-04 12:21:53,40.72266461328156,-73.95773366664194,40.73828928029239,-73.91587141904797,Clear,11.933342224098597
TRIP_02633,2026-08-03 12:19:18,40.728365433672145,-73.9707831895073,40.71940354736816,-73.97622519731387,Rainy,8.581628872748796
TRIP_02634,2026-08-15 18:25:59,40.79779786872882,-73.91339799775932,40.8185162602023,-73.89949268874933,Clear,17.071612302185258
TRIP_02635,2026-08-20 03:05:14,40.76637715761174,-74.02688915062568,40.82798595431994,-73.99758355512081,Clear,15.74543941655496
TRIP_02636,2026-08-04 05:01:35,40.722331779563255,-74.06088054911379,40.77340926584622,-74.02456634949715,Clear,12.621277840396212
TRIP_02637,2026-08-18 14:11:39,,,40.80549866157259,-74.031069965195,Clear,19.551798745873235
TRIP_02638,2026-08-12 08:06:21,40.661173804823626,-73.93422145034182,40.69756577337365,-73.93264716288559,Clear,18.225345700249328
TRIP_02639,2026-08-08 19:41:10,40.73269635249734,-74.0974202940421,40.74194007667047,-74.12700833091328,Clear,20.48194893513228
TRIP_02640,2026-08-02 03:52:24,40.803265317486655,-74.10941878577155,40.779760422475555,-74.0582259170834,Clear,11.540703824060536
TRIP_02641,2026-08-21 08:07:04,40.70189770523038,-74.00153023605343,40.71586654207438,-73.99177879005654,Clear,14.549062779660785
TRIP_02642,2026-08-14 01:20:58,40.67041830356905,-74.02812946463871,40.68334215963304,-73.99413981516321,Clear,10.146493700754386
TRIP_02643,2026-08-17 07:33:22,40.68019555557035,-74.00561360534121,40.731659388760484,-73.94294585008392,Clear,20.88991797793707
TRIP_02644,2026-08-15 01:27:10,40.65831834813288,-73.9587344114382,40.68760006140668,-73.93213830716698,Clear,8.05930136351176
TRIP_02645,2026-08-14 20:41:31,40.67356190459362,-74.03362846730595,40.741931250430724,-74.01701758158441,Snowy,61.94464675395978
TRIP_02646,2026-08-07 21:13:12,40.6942745950705,-74.09965029154652,40.750199251271646,-74.07383264724001,Snowy,-99.0
TRIP_02647,2026-08-21 21:33:09,40.64252164904107,-73.90377592214,40.64882678075595,-73.8818801140245,Clear,9.16467269960365
TRIP_02648,2026-08-01 00:23:02,40.71358091669748,-74.05586141437193,40.67972704079889,-73.9984764644356,Rainy,15.903845195000779
TRIP_02649,2026-08-11 18:40:12,40.757913858689335,-74.0589518561006,40.81948111570758,-74.02962670417445,Clear,37.781524222221734
TRIP_02650,2026-08-22 03:51:22,40.66741219099266,-73.95081399931387,40.72819374768958,-73.94714602990123,Rainy,14.285448585322413
TRIP_02651,2026-08-06 01:40:17,,,40.767777848455026,-73.97378898434538,Clear,11.371144295419356
TRIP_02652,2026-08-24 03:25:32,40.73833960442638,-74.00916949260174,40.80361680502121,-73.952254961911,Clear,16.074311699691076
TRIP_02653,2026-08-01 19:16:50,40.76432902928121,-73.98186049379699,40.795792544398985,-74.0020104126016,Rainy,30.261387817795733
TRIP_02654,2026-08-03 22:21:55,40.679908272307394,-73.9518208448445,40.70472883725116,-73.88583732830146,Rainy,20.150438271712165
TRIP_02655,2026-08-23 16:34:56,40.75552626135333,-74.02267303465909,40.82396975898075,-73.99173168146284,Clear,18.274077884286584
TRIP_02656,2026-08-04 12:29:46,40.65820330498023,-73.93000239970428,40.71854386017715,-73.90150430119988,Rainy,29.736990698461668
TRIP_02657,GARBAGE_TIMESTAMP_TEXT,40.75731237504183,-74.11278999243675,40.79685230360168,-74.06259125348885,Clear,14.161994194045482
TRIP_02658,2026-08-01 17:12:06,40.72139196698968,-73.96801063815235,40.755588478964036,-73.96501992988247,Clear,23.482392963843317
TRIP_02659,2026-08-13 16:44:31,40.74046256099924,-74.04797637790088,40.77895438971515,-73.99935144247516,Clear,13.968164894477816
TRIP_02660,2026-08-13 10:13:52,40.65402026971876,-73.9373864341696,40.66201854670228,-73.92868969826173,Clear,11.596103474472708
TRIP_02661,2026-08-10 07:30:05,40.668046507886174,-73.99889777605847,40.68639346439421,-74.02314629644978,Rainy,15.953452056178449
TRIP_02662,2026-08-19 22:18:11,40.74266141091267,-74.03964526660047,40.73559189627483,-74.04957795497369,Snowy,10.342808288424493
TRIP_02663,2026-08-21 06:49:57,40.66538259978879,-73.97285794534892,40.675391406516624,-73.93584729036182,Clear,11.908154805334904
TRIP_02664,2026-08-20 17:54:02,40.73596031460496,-73.96134058263964,40.74496129824489,-73.96970463283948,Clear,13.302838833606291
TRIP_02665,2026-08-09 05:00:41,40.64444310967699,-73.97390529385707,40.64538394858834,-73.90560301016139,Rainy,14.432367124879534
TRIP_02666,2026-08-08 22:48:34,,,40.779311105712786,-74.00180630837846,Clear,9.873975774534811
TRIP_02667,2026-08-03 02:38:21,40.65117383426158,-74.03020085618111,40.66145440874056,-73.97019768120012,Clear,14.641225780190966
TRIP_02668,2026-08-11 17:31:04,40.74041499688398,-74.00620364185608,40.77548203849454,-73.98246028446576,Clear,26.540510483914684
TRIP_02669,2026-08-22 01:30:45,40.7440815466823,-74.00806298263251,40.71541192828349,-73.98032713411367,Clear,12.38507273191017
TRIP_02670,2026-08-01 03:13:14,40.67796140907852,-73.96851272622808,40.694560765255304,-73.98432408185542,Rainy,8.290288601079084
TRIP_02671,2026-08-20 19:48:34,40.74190132835424,-74.10674506162533,40.765847877559565,-74.0568715563206,Clear,26.59040233236697
TRIP_02672,2026-08-23 03:17:23,40.72582211316668,-73.98928364727233,40.736503235971576,-73.95788864362122,Clear,11.103226669282666
TRIP_02673,2026-08-01 04:17:44,40.68585790719037,-74.02049906772183,40.70068612619609,-73.98347989896305,Rainy,10.084709608535627
TRIP_02674,2026-08-14 19:34:54,40.66237226579619,-74.0479250308192,40.6348148854743,-73.97727567647561,Clear,35.38667821761476
TRIP_02675,2026-08-06 10:08:51,40.61466871541637,-74.04312433888848,40.64536302855645,-74.0413032284069,Clear,17.759793212485352
TRIP_02676,2026-08-19 06:53:20,40.730282502364986,-74.0167268832259,40.769710681842,-74.00051112972221,Clear,12.473695728175104
TRIP_02677,2026-08-10 06:36:24,40.634559861431896,-74.18605425522297,40.66936598025801,-74.1562541275767,Clear,14.166345637332514
TRIP_02678,2026-08-04 16:25:27,,,40.768729021755334,-74.04912754070334,Rainy,19.162292679067452
TRIP_02679,2026-08-05 16:59:48,40.69962758919589,-74.04979074123231,40.72567347736937,-74.03541870587063,Clear,7.484796925471647
TRIP_02680,2026-08-17 00:55:33,40.74675713877191,-73.97936083953387,40.78111757419144,-73.94457234521985,Rainy,15.366773529416848
TRIP_02681,2026-08-25 22:29:26,40.697697725025506,-74.04627633412552,40.72238044717921,-74.03603897226671,Clear,9.671797617758083
TRIP_02682,2026-08-19 08:19:22,40.696327610682644,-74.01675569000852,40.73695413227042,-73.95748600771665,Clear,31.982469727682833
TRIP_02683,2026-08-15 18:36:44,40.749393535214416,-73.92888616861694,40.72207664613045,-73.95421390547145,Clear,23.577835243711966
TRIP_02684,2026-08-04 12:37:11,40.729552901454205,-73.95628242400923,40.722745472414864,-73.90259928680223,Rainy,22.356061201154773
TRIP_02685,GARBAGE_TIMESTAMP_TEXT,40.72860779785914,-73.96088643000283,40.796214787570136,-73.92105086575835,Clear,24.186627900141758
TRIP_02686,2026-08-17 04:04:24,40.73626337949043,-74.03099362152054,40.68245030482755,-74.02805847914723,Clear,15.058322492025201
TRIP_02687,2026-08-24 04:52:30,40.63602139383965,-73.97884838603552,40.65181605594489,-73.98658064308242,Clear,7.934898704662798
TRIP_02688,2026-08-14 01:40:13,40.75063943399935,-74.01769489002268,40.805807682787595,-74.06010336853996,Clear,17.817080503151285
TRIP_02689,2026-08-15 03:22:57,40.743423439700685,-74.01580466053385,40.760625619734434,-74.01965991090626,Clear,2.6782219267893543
TRIP_02690,2026-08-06 13:04:26,40.661965843571174,-73.98551573281267,40.66981551142765,-73.93410043316258,Clear,12.88695141231604
TRIP_02691,2026-08-11 20:13:06,40.70059597631629,-74.03584967942105,40.72447862662075,-74.0175322512094,Rainy,22.359048276557036
TRIP_02692,GARBAGE_TIMESTAMP_TEXT,40.71083463561862,-73.93134984477784,40.720241030218546,-73.87646041836608,Snowy,25.952069935668895
TRIP_02693,2026-08-25 01:40:42,40.70607516077992,-74.0140065069799,40.727000645562626,-74.01260263909863,Clear,6.242174670779963
TRIP_02694,2026-08-20 10:25:37,40.729492998328425,-73.97508197168702,40.72899156723282,-73.93386878688382,Clear,25.15361633408603
TRIP_02695,2026-08-01 04:53:56,40.78436833909156,-73.93321997603714,40.83762857169023,-73.93474493409967,Clear,12.442001392079733
TRIP_02696,2026-08-14 15:08:29,,,40.82958628401561,-73.96338456145754,Clear,19.237601400320564
TRIP_02697,2026-08-19 19:39:07,40.64718904032843,-74.07644595513453,40.66318733066508,-74.05965977164965,Clear,16.3808189453411
TRIP_02698,2026-08-16 17:07:22,40.743903499515305,-73.98375520524951,40.72230881689457,-73.9837042005891,Clear,16.666740308362666
TRIP_02699,2026-08-09 04:33:52,40.77924666597677,-73.96346403027697,40.78353137086737,-73.98974869474809,Rainy,7.41567839264073
TRIP_02700,2026-08-14 17:44:43,40.73214042603446,-73.96140684889197,40.74662076623137,-73.94687628991348,Clear,13.721359783163262
TRIP_02701,2026-08-15 20:14:28,40.7673490212593,-74.06166474170573,40.80251518756639,-74.03847167921279,Clear,20.375716804944936
TRIP_02702,2026-08-25 22:22:00,40.81341352228504,-74.03885176185086,40.80317312558992,-73.98080100350599,Snowy,21.536324184751045
TRIP_02703,2026-08-25 21:06:44,40.76398547730535,-73.95627208821291,40.760910607746084,-73.90816791789892,Snowy,21.474468820980043
TRIP_02704,2026-08-18 00:42:12,40.72526542978209,-74.04408801853413,40.760585713917855,-73.98748972255714,Clear,17.751123592421784
TRIP_02705,2026-08-20 08:56:47,40.76505442370424,-74.02098480283321,40.81322168866543,-73.9793740778814,Clear,25.991236863607714
TRIP_02706,2026-08-11 02:16:33,40.720044391654845,-73.9272062095249,40.721396570299724,-73.89722782675639,Clear,11.002040637671904
TRIP_02707,2026-08-09 08:47:59,40.71399515216425,-74.00838996251925,40.69399864054572,-74.02525830971341,Clear,19.590263083182382
TRIP_02708,2026-08-01 16:41:19,40.695229288214314,-74.0423387068917,40.81375283425295,-74.01784254095364,Snowy,56.40926867011867
TRIP_02709,2026-08-05 07:44:20,40.79097066794161,-74.04988086784314,40.83446979505427,-74.01197705452321,Rainy,22.034102903380592
TRIP_02710,2026-08-05 03:56:07,40.6718785667029,-73.98936403352074,40.68386845384989,-73.92564089503963,Rainy,16.0397258671548
TRIP_02711,2026-08-25 22:06:36,40.789418386233905,-74.07265740042386,40.83548932449983,-74.03206874417191,Clear,16.403744423007343
TRIP_02712,2026-08-10 16:27:05,40.73779320618702,-74.01836679819482,40.75405950729559,-73.96115529515666,Clear,13.712792720796891
TRIP_02713,2026-08-10 15:53:41,40.64283469125991,-73.9893384732505,40.68884939793291,-74.00029840999146,Clear,15.940287764019654
TRIP_02714,2026-08-04 01:30:00,40.73118246464957,-73.94104250897261,40.75596426058286,-73.93083503775706,Clear,8.531178521621083
TRIP_02715,2026-08-03 12:30:28,40.60779867461742,-73.9726225959815,40.630536831562445,-73.93974207457167,Clear,10.725679220336158
TRIP_02716,2026-08-25 11:32:52,40.74407540084155,-74.04170325589911,40.760667944794626,-73.98687467517684,Clear,15.50278022868379
TRIP_02717,2026-08-10 05:08:00,40.75706157414945,-73.94707903412181,40.73364013414556,-73.93143589349698,Clear,10.15372776312213
TRIP_02718,2026-08-12 04:31:32,40.683182202217395,-74.02097575187737,40.761325049199186,-74.00344913065184,Clear,16.24030987796803
TRIP_02719,2026-08-02 13:01:58,40.71897738479778,-74.06778515110247,40.71073136718975,-74.02717094192238,Clear,13.007680581448646
TRIP_02720,2026-08-05 09:51:37,40.81050787168751,-74.01460206796327,40.789707164398195,-74.02837819277762,Clear,11.821419113165673
TRIP_02721,2026-08-05 01:40:41,40.68751266478691,-73.93409153994271,40.701126868304215,-73.86586940344802,Clear,11.417764544645731
TRIP_02722,2026-08-08 05:36:52,40.659854620647174,-73.99773799749676,40.65101046624186,-74.00411208028999,Clear,4.878625979265751
TRIP_02723,2026-08-18 19:49:33,40.78688317012313,-74.0053739067835,40.80533178640633,-74.04293158949028,Clear,23.282286583085828
TRIP_02724,2026-08-12 07:03:59,40.81092935952654,-73.92413941776486,40.851562274983394,-73.90383740750919,Snowy,26.661541590428044
TRIP_02725,2026-08-20 22:35:08,40.7129847835924,-74.07756774235273,40.76284387060827,-74.00661398128146,Clear,17.21068160890335
TRIP_02726,2026-08-09 11:13:34,40.763373151770416,-74.07027995570265,40.807815073419064,-74.03268636179264,Rainy,22.8910834917757
TRIP_02727,2026-08-06 14:22:50,40.779873795776545,-74.08679232354834,40.790704834132974,-74.04425960725823,Snowy,21.024189215663405
TRIP_02728,2026-08-04 00:58:08,40.675675788373084,-73.987367590676,40.69716354320293,-73.96612601780679,Clear,9.587240471464485
TRIP_02729,2026-08-23 15:54:08,40.68853470823161,-73.99767534364425,40.720771079758535,-73.98224666856238,Clear,13.330151266320836
TRIP_02730,2026-08-12 13:14:53,40.77434372565774,-73.92886318163602,40.741610102939475,-73.95521046272381,Clear,12.5078971747544
TRIP_02731,2026-08-24 20:47:07,40.79705071393543,-73.99382624614316,40.83416825493902,-74.04160783388028,Clear,29.033199157576277
TRIP_02732,2026-08-10 13:16:34,40.74094404300872,-74.02620785797397,40.7172250643812,-74.00031968782075,Clear,13.045605103423004
TRIP_02733,2026-08-04 15:13:58,40.6688092823249,-74.00591025635609,40.7500196802921,-73.94653378052588,Rainy,36.96745260183841
TRIP_02734,2026-08-25 23:45:47,40.81215305558497,-74.00011462907695,40.82001760304572,-73.9697906179321,Clear,10.729727863364825
TRIP_02735,2026-08-08 17:06:30,40.68625145510941,-74.08958806366641,40.70070519979357,-74.05088007785486,Snowy,35.30461597005575
TRIP_02736,2026-08-03 05:19:15,40.69604311094143,-73.87048341778326,40.6929518979643,-73.80297189141407,Rainy,14.809220811481726
TRIP_02737,2026-08-22 03:18:01,40.729916891724486,-73.9800064490949,40.73101779076882,-73.95014344355167,Clear,6.959611021111245
TRIP_02738,2026-08-04 01:06:46,40.79050802103574,-73.99549958459887,40.87873082811004,-73.97917923760811,Clear,20.046722198711986
TRIP_02739,2026-08-17 13:42:31,40.75549879882761,-73.97524180078607,40.803709889486306,-73.97979754495557,Clear,15.845582769914566
TRIP_02740,2026-08-17 04:54:13,40.7335432750181,-73.97052945097067,40.70706720166366,-73.8898630740815,Clear,18.333754593562347
TRIP_02741,2026-08-17 19:52:01,40.73596442650591,-74.01302767427512,40.801090813526464,-73.97723124090051,Clear,39.829035475274566
TRIP_02742,2026-08-07 03:39:29,40.714975733432176,-74.03756205681204,40.77077300168642,-74.04587010828962,Rainy,18.198285348626452
TRIP_02743,2026-08-01 09:00:32,40.74070697572593,-73.97602746568391,40.752270601857276,-73.99116249571794,Clear,13.339130878461999
TRIP_02744,2026-08-04 16:30:36,40.58632199611529,-73.98671445797343,40.615522904376185,-73.92912254616557,Clear,17.72698756780503
TRIP_02745,2026-08-14 05:06:39,40.69796962704651,-74.04649450495447,40.717521304663876,-74.05761775584672,Rainy,12.251021493862584
TRIP_02746,2026-08-24 17:59:03,40.72486609674584,-73.93504821943164,40.80404349387925,-73.85943319470657,Clear,49.22196833486069
TRIP_02747,2026-08-23 02:27:22,40.655249295819026,-73.99133239818386,40.65136059014926,-74.05402628209657,Clear,11.627288500467316
TRIP_02748,2026-08-04 22:47:12,40.73211616589058,-73.96950903188662,40.756496484183856,-73.90683117595292,Clear,12.27235168919734
TRIP_02749,2026-08-22 22:42:23,40.70257643895069,-73.936403955616,40.70973207902091,-73.90179711128114,Clear,6.6166779178243065
TRIP_02750,2026-08-11 04:51:32,40.80057378491578,-74.00490555894176,40.77758257277724,-73.98134772625005,Rainy,12.317031170185269
TRIP_02751,2026-08-14 23:21:51,40.79145098626074,-73.9901523996508,40.87720013391239,-73.97541615270205,Snowy,34.19940038463471
TRIP_02752,2026-08-19 04:51:58,40.68950972154409,-73.96549863807469,40.674062724171016,-73.88877674261687,Clear,16.179461537780075
TRIP_02753,2026-08-23 05:18:11,40.70525811442167,-74.04224305419001,40.7318619900463,-74.00103128843797,Clear,13.603141568846405
TRIP_02754,2026-08-14 16:29:06,40.70910262171958,-74.0032974168577,40.67688160352817,-74.01039352512457,Clear,15.225460859478805
TRIP_02755,2026-08-21 00:48:37,,,40.69824491001473,-74.03128986934831,Rainy,8.288818636708545
TRIP_02756,2026-08-04 13:07:17,40.72255124920141,-74.05380292758417,40.755210313844415,-74.02848401118975,Clear,14.232898936996065
TRIP_02757,2026-08-20 12:07:30,40.67488589655562,-73.8901181605663,40.67014387717055,-73.87015029457243,Clear,9.407760658169954
TRIP_02758,2026-08-24 15:36:02,40.65626923325313,-74.07636467217462,40.693873288775194,-74.10196071329588,Clear,14.263455599341677
TRIP_02759,2026-08-13 14:03:34,40.743935561195016,-74.07090519518435,40.75586432843837,-74.05256700094883,Snowy,13.76603229169124
TRIP_02760,2026-08-02 03:56:05,40.744276479211095,-73.94028867121482,40.79907895458305,-73.93750671020705,Clear,16.646473563662717
TRIP_02761,2026-08-04 16:29:38,40.672584212017,-73.97033668746018,40.733437039417204,-73.95005798541098,Clear,17.781025856599292
TRIP_02762,2026-08-18 21:09:48,40.757567771538135,-74.05729824087403,40.759965428716235,-74.01552053252458,Rainy,11.289914727353482
TRIP_02763,2026-08-23 03:58:18,40.68122111354173,-73.97563554924491,40.70352309932352,-73.910857250821,Clear,13.63714571596928
TRIP_02764,2026-08-07 12:02:39,40.7254582619019,-73.93260747775014,40.75096188869607,-73.88534080665906,Clear,14.302023807142247
TRIP_02765,2026-08-11 15:19:50,40.75381720063062,-74.00751315287985,40.79239767949366,-74.00915637537476,Clear,17.299763635188114
TRIP_02766,2026-08-23 22:31:40,40.711119371764816,-73.87605885499627,40.73155083165214,-73.8449914011314,Snowy,17.208111016620123
TRIP_02767,2026-08-10 22:37:02,40.73553704560706,-74.0922030905434,40.76124337438735,-74.07030987689865,Clear,8.832265465126307
TRIP_02768,2026-08-20 07:37:56,40.68697851780562,-73.97130882730704,40.69967632356177,-73.99127269594597,Clear,9.000148829394082
TRIP_02769,2026-08-08 13:07:10,40.7029766708286,-73.94767358318894,40.72643386683776,-73.91572659964818,Clear,12.080714878211857
TRIP_02770,2026-08-10 22:41:42,40.70250702845598,-73.96143280491974,40.761445234262034,-73.8857326347822,Rainy,28.656371689964114
TRIP_02771,2026-08-01 14:36:13,40.67547108267299,-74.01621778633228,40.714853579909345,-73.99524498820666,Clear,15.796213502954238
TRIP_02772,2026-08-23 19:07:48,40.70396129184421,-74.02052207410055,40.74499896102751,-74.04834755449232,Clear,24.6550882082396
TRIP_02773,2026-08-04 03:17:26,40.635369085056816,-73.98379274144564,40.67706119478088,-73.96288468131239,Clear,11.44730674000799
TRIP_02774,2026-08-19 02:08:38,40.6882423126429,-73.9652122756674,40.70362804930647,-73.98162364163659,Clear,7.473159686206815
TRIP_02775,2026-08-02 08:55:05,40.698556225331515,-73.97587632818588,40.7281210366389,-73.92996816297929,Rainy,29.30642986977922
TRIP_02776,2026-08-06 15:33:28,40.699991012375236,-73.95399710546033,40.68743580202516,-73.91825115570857,Clear,8.076790528303043
TRIP_02777,2026-08-16 02:53:15,40.70072512770646,-74.05694349785334,40.75878935739597,-74.04207079945758,Rainy,20.07118317068443
TRIP_02778,2026-08-12 02:10:42,40.70971179000699,-74.01738854895618,40.64622297703669,-74.00732347693184,Rainy,18.38052078860112
TRIP_02779,2026-08-23 15:04:51,40.736772075904305,-74.05300079660618,40.754157624134244,-74.03936782565465,Snowy,18.642796152216906
TRIP_02780,2026-08-08 10:42:49,40.75652585370663,-74.02530563880431,40.81075273302113,-74.00505740397404,Clear,28.067972250918757
TRIP_02781,2026-08-19 09:27:35,40.680311738657586,-73.95523895540929,40.65939570064871,-73.95840600604953,Clear,-99.0
TRIP_02782,2026-08-10 13:37:36,40.65263995723054,-74.00060080396374,40.68463335475904,-74.02223339639377,Clear,8.16269032920842
TRIP_02783,2026-08-15 04:54:55,40.660697779387846,-73.87565704184252,40.660274785990474,-73.82149607344168,Snowy,21.6716532365227
TRIP_02784,2026-08-06 18:51:48,40.68843985394025,-73.99632968164052,40.69737575598459,-73.98789171093543,Rainy,18.006212945375154
TRIP_02785,2026-08-14 10:45:04,40.69520393410917,-74.00301540597101,40.743582162928355,-73.97800411284594,Clear,25.592064118452313
TRIP_02786,2026-08-13 11:57:31,40.674300196690126,-74.000690854028,40.70024190446668,-73.97213239549296,Snowy,19.495049442416466
TRIP_02787,2026-08-24 18:09:12,40.647994166787505,-74.037890434643,40.60696349075097,-74.00822982025335,Rainy,39.25270758063929
TRIP_02788,2026-08-15 19:12:35,40.68999395862629,-74.00889183061888,40.68070119243434,-74.02410637053183,Snowy,23.252861718730454
TRIP_02789,2026-08-22 08:57:18,40.7218713310057,-73.94961059864441,40.771131403052365,-73.97988580358097,Clear,26.597541588802013
TRIP_02790,2026-08-20 21:53:06,40.742551473291776,-74.00030146659361,40.77601975483756,-73.99796224233437,Rainy,17.328948723524515
TRIP_02791,2026-08-15 16:45:13,40.68492884734459,-74.04567298649417,40.75737291452032,-74.01380164052166,Rainy,31.479170336832272
TRIP_02792,2026-08-09 15:01:13,40.69215010889283,-74.05225423102394,40.762629536713234,-74.05409272704817,Clear,20.244332447135726
TRIP_02793,2026-08-04 02:02:10,40.666465084557636,-74.0285100945833,40.676197730653236,-74.01915773519427,Snowy,8.972859318679314
TRIP_02794,2026-08-05 15:54:28,40.71122804148126,-74.00230682827946,40.80632517563335,-73.91848790586697,Clear,30.215348859402177
TRIP_02795,2026-08-23 22:50:40,40.67037856829046,-73.94632067322618,40.691112958386014,-73.98168338977032,Clear,11.839838850127933
TRIP_02796,2026-08-22 10:11:26,40.74145639066206,-74.07302443206832,40.73257633462979,-74.07567545194564,Rainy,16.870225797188667
TRIP_02797,2026-08-08 13:48:51,40.6235066754033,-74.02199131389443,40.62449747942598,-73.94509319183722,Clear,15.231461667132342
TRIP_02798,2026-08-15 14:22:43,40.69481851637738,-73.99878449902825,40.6471167632187,-73.98012245918811,Rainy,21.115107124632495
TRIP_02799,2026-08-09 11:18:43,40.72785536695959,-74.09768528838147,40.79606593720707,-74.09886484334643,Clear,-99.0
TRIP_02800,2026-08-11 05:39:42,40.721991725816125,-74.04767991414832,40.78983458548744,-73.99261684663799,Clear,19.93717946770958
TRIP_02801,2026-08-03 15:31:37,40.847451683199026,-74.03999442698681,40.83698646003462,-74.01833751389238,Clear,10.168223133814
TRIP_02802,2026-08-09 08:37:04,40.7302900012284,-74.04579851869252,40.74345347257694,-74.03624777054384,Clear,11.502658290884883
TRIP_02803,2026-08-01 02:34:11,40.6625972701579,-73.99640552274892,40.68546549648128,-73.9706344549378,Rainy,15.226040653103876
TRIP_02804,2026-08-04 20:47:42,40.70802678764555,-74.01402798047509,40.69921619608129,-74.01377124475657,Clear,13.197782490815303
TRIP_02805,2026-08-08 08:27:29,40.62398768332668,-74.03376430513005,40.591334622388544,-74.0442890370167,Clear,20.411917541584593
TRIP_02806,2026-08-14 22:28:25,40.70877001253516,-73.98460186867237,40.72245928442185,-73.96800977650142,Clear,6.948996198374719
TRIP_02807,2026-08-22 14:50:08,40.67114719714996,-73.9198462641177,40.68151481426619,-73.93017617291997,Rainy,10.240786854955207
TRIP_02808,2026-08-17 08:02:56,40.758569513778006,-73.92403717416292,40.76691717654834,-73.90371637480902,Clear,13.467283651964934
TRIP_02809,2026-08-16 12:25:16,40.68532298627022,-74.10213858860311,40.71200446814825,-74.07150639157888,Rainy,15.244144097001238
TRIP_02810,2026-08-24 21:56:35,40.70696170421024,-73.97714639080824,40.769847293966016,-73.93155457712669,Clear,23.41454187021587
TRIP_02811,2026-08-21 21:59:08,40.681022107929785,-74.01490116450319,40.691929326339036,-73.96106341493768,Clear,13.411926364464192
TRIP_02812,2026-08-22 08:49:45,40.799742567592666,-73.99824223285673,40.824855857554304,-73.9904143279057,Rainy,21.282750635602074
TRIP_02813,2026-08-20 02:35:32,40.6967378616941,-74.02591415167713,40.73854397740645,-73.99093171343895,Clear,12.548971205092348
TRIP_02814,2026-08-18 03:09:35,40.80442785217396,-74.00012056850564,40.84105213996934,-73.96534486511945,Clear,14.872580720339968
TRIP_02815,2026-08-21 16:39:50,40.75350758810591,-73.9984296301964,40.755074882372476,-73.96859506872192,Rainy,15.31188469487041
TRIP_02816,2026-08-09 15:26:55,40.73690333636677,-74.03494758786745,40.75979465006019,-74.02933137019596,Clear,9.3882878666837
TRIP_02817,2026-08-24 14:51:31,40.731236657365876,-74.05081837739127,40.76766285197095,-74.06166041176519,Rainy,19.749033939202498
TRIP_02818,2026-08-16 20:43:54,40.73248986491081,-74.02843478413098,40.718639324785485,-73.99337472745898,Rainy,27.508949106554905
TRIP_02819,2026-08-18 06:15:27,40.61641637103272,-73.99428703677717,40.67432254135662,-74.02549291364296,Clear,17.22586113279714
TRIP_02820,2026-08-19 05:05:37,40.698855830292466,-73.97605018291578,40.76180349744889,-73.96408536589283,Clear,14.36245555725995
TRIP_02821,2026-08-15 01:40:39,40.755057898559215,-73.96333255113299,40.75337449089588,-74.01994148160244,Clear,14.381641220324404
TRIP_02822,2026-08-07 15:46:08,40.710355140826294,-74.03070950115334,40.73616524137674,-74.05080157385409,Snowy,23.99514045400676
TRIP_02823,2026-08-20 14:33:19,40.642540507659824,-73.99180777163487,40.681808855359954,-73.99812178978829,Snowy,24.09555563135983
TRIP_02824,2026-08-14 10:29:02,40.710179777471126,-73.95787487040234,40.71381135278126,-73.90497314417345,Clear,21.19363620968745
TRIP_02825,2026-08-02 17:13:55,40.79800527581278,-73.9477202552428,40.83245369118342,-73.90707701451068,Clear,27.237218468146338
TRIP_02826,2026-08-05 11:45:05,40.77514458577674,-74.00894164270657,40.800042254565504,-74.00555968322185,Clear,9.041306243595594
TRIP_02827,2026-08-08 06:38:43,40.7096997995317,-74.01704658624698,40.68566225420253,-73.97516549239309,Clear,12.623150657421142
TRIP_02828,2026-08-07 11:26:15,40.7603724638529,-73.99644378830818,40.79414730333226,-73.94981509940678,Clear,14.436374126512337
TRIP_02829,2026-08-07 07:00:44,40.6944746489816,-74.06348537364487,40.681470376493465,-74.0483053190961,Rainy,11.362166244524389
TRIP_02830,2026-08-19 00:55:49,40.627606420658665,-74.01568047555178,40.67578250620853,-74.03721181987818,Snowy,22.427081880691834
TRIP_02831,2026-08-07 21:26:16,40.666576700593524,-73.96877068007635,40.66644036833951,-73.95500804937834,Snowy,12.150674482355363
TRIP_02832,2026-08-15 21:56:18,40.79094443842541,-73.97390264352782,40.806105875415575,-73.95683941568299,Clear,8.98687637726439
TRIP_02833,2026-08-23 03:48:38,40.69910034590853,-74.0195133802182,40.76026871331193,-74.03648701194311,Snowy,27.225970439889064
TRIP_02834,2026-08-16 16:58:19,40.70063080103125,-73.99511408994564,40.73552225042712,-73.96410268615774,Rainy,18.20425906409122
TRIP_02835,2026-08-15 08:52:22,40.69780809018626,-74.04723251701454,40.68542387259902,-74.01883816138546,Clear,16.50762966967453
TRIP_02836,2026-08-13 06:30:59,40.80800682947865,-73.97082539258875,40.79755933235468,-73.93747411159192,Clear,10.723029996034699
TRIP_02837,2026-08-19 10:39:16,40.79409794576811,-74.00989107180682,40.796118862109395,-73.9815233788918,Rainy,23.464536008659973
TRIP_02838,2026-08-04 03:17:53,40.82373901167241,-74.0197975725848,40.85557833417311,-73.97790228153136,Snowy,19.405469231438857
TRIP_02839,2026-08-17 02:40:27,40.70484773948,-74.02408619180467,40.735596733927984,-74.00946603264086,Clear,11.007568269507127
TRIP_02840,2026-08-06 01:27:43,40.72758122443736,-74.009144693345,40.72228815529747,-73.98309114012386,Clear,6.140094516677924
TRIP_02841,2026-08-15 08:28:33,40.63696787252896,-74.0283938822466,40.62195158796053,-74.02032609077396,Clear,14.470153483879065
TRIP_02842,2026-08-12 15:06:30,40.786646721305914,-73.97309284819987,40.81509422345849,-73.97062782466853,Snowy,20.370519435171374
TRIP_02843,2026-08-01 20:06:02,40.654411022436605,-74.0257641774008,40.6689552204629,-73.96561668847794,Snowy,50.057020158658624
TRIP_02844,2026-08-20 04:02:46,40.72363877818813,-73.92635179519863,40.808355254811566,-73.96766485624443,Clear,19.29872140836364
TRIP_02845,2026-08-06 14:34:55,40.65793487361836,-73.93273947482594,40.67903298331525,-73.8864366751513,Clear,11.883462948893223
TRIP_02846,2026-08-23 00:01:35,40.683356658663065,-74.05057717449273,40.75778424349407,-74.0491934007561,Snowy,27.74490202255183
TRIP_02847,2026-08-21 13:13:58,40.67093687844751,-74.00251478652854,40.65582537050438,-74.00501593185783,Rainy,12.832220809085694
TRIP_02848,2026-08-10 10:03:46,40.68240623696621,-74.0385328310668,40.65520984877936,-74.01068550654485,Snowy,38.59332539777998
TRIP_02849,2026-08-20 03:19:51,40.68584386484255,-74.02233237815943,40.67224131086679,-74.04702066652996,Rainy,12.221440983326662
TRIP_02850,2026-08-16 01:44:07,40.68538656025375,-73.90587862661776,40.74106045369735,-73.91035931877614,Clear,11.399181561046298
TRIP_02851,2026-08-13 19:20:39,40.75446669558902,-74.02137857085579,40.827149743279826,-74.02685276025117,Rainy,51.18644234515729
TRIP_02852,2026-08-04 04:20:37,40.65755686034687,-73.98798869814613,40.65409147672829,-73.97463064589168,Clear,4.017861882385621
TRIP_02853,2026-08-23 18:09:26,40.7238270713507,-73.97893393529958,40.73001009045791,-73.9830580659444,Rainy,14.607012935949404
TRIP_02854,2026-08-03 12:08:16,40.773697957615276,-74.05603146862416,40.758628530308904,-73.98799790805498,Clear,17.313611043846496
TRIP_02855,2026-08-10 11:44:23,40.68714018177433,-74.04875477372046,40.65279098636078,-73.97484427822552,Snowy,34.0667937946411
TRIP_02856,2026-08-10 18:52:18,40.67690405546262,-74.06630111857041,40.71845640639592,-74.10696092425285,Snowy,50.63966145278268
TRIP_02857,2026-08-17 04:07:36,40.70127376874099,-74.05029853669488,40.727964377829856,-74.01396885555191,Clear,9.62055196432217
TRIP_02858,2026-08-15 03:24:44,40.77178626041804,-74.14850150546586,40.79210089989826,-74.10274160229353,Clear,13.265838305927717
TRIP_02859,2026-08-17 04:32:21,40.72250538154767,-73.97877087996032,40.70050368543277,-73.94248132388859,Clear,9.211667723738039
TRIP_02860,2026-08-15 09:24:42,40.68623928526962,-73.9032903079372,40.755437985724484,-73.90303371272995,Rainy,44.91845668776766
TRIP_02861,2026-08-18 12:51:55,40.736993832559406,-73.99860896304817,40.74189313041792,-73.98593182991293,Rainy,6.89856324831997
TRIP_02862,2026-08-16 18:29:54,40.65768539250818,-74.07681344296704,40.693694185252674,-74.07926168261037,Snowy,40.26806615351099
TRIP_02863,2026-08-12 22:45:30,40.74686797552215,-74.038138819145,40.723231133364806,-74.03074674007976,Clear,5.869434366004163
TRIP_02864,2026-08-02 09:03:32,40.73323036538509,-74.02894384225125,40.74751460969649,-74.04524279311127,Clear,13.050640112083201
TRIP_02865,2026-08-24 16:10:06,40.69740957644306,-74.05687923886067,40.726150810130214,-74.0403229035097,Clear,10.948490238262622
TRIP_02866,2026-08-17 16:40:09,40.67087071007764,-73.96299086808024,40.70068296661923,-73.98807491941939,Clear,15.905685895042012
TRIP_02867,2026-08-06 16:15:38,40.66846595388583,-73.96548699778123,40.69310541018293,-73.95149103440806,Clear,13.582389287869645
TRIP_02868,2026-08-19 03:19:55,40.7395408668173,-74.06377258969088,40.77437654157876,-74.08123004036388,Snowy,19.818135719948874
TRIP_02869,2026-08-17 23:40:10,40.774249025124455,-73.96974594777762,40.76033341144347,-73.94354145692388,Clear,8.378964483054116
TRIP_02870,2026-08-23 00:30:06,40.680934612648564,-73.92965936682114,40.70685579081175,-73.93004195364942,Rainy,11.571684577205819
TRIP_02871,2026-08-22 04:36:00,40.73571933517758,-73.91087208973852,40.75913206568199,-73.88215467930229,Clear,12.219145249020727
TRIP_02872,2026-08-06 12:46:03,40.6084486490699,-73.8627393988457,40.63539882959575,-73.81029197699476,Clear,17.093641483035277
TRIP_02873,2026-08-17 23:23:30,40.68356911346714,-74.05109963247216,40.70573946998672,-73.98341622438902,Clear,13.98156624322973
TRIP_02874,2026-08-13 10:03:38,40.71124705335646,-73.86478897868024,40.69305067013906,-73.92062911635085,Clear,27.369012517314662
TRIP_02875,2026-08-19 23:06:45,40.66731582915091,-74.02371031942543,40.64778183658764,-74.02873614224164,Snowy,14.448603494923589
TRIP_02876,2026-08-21 15:52:08,40.66597468126052,-74.03562327276903,40.61954663568399,-74.02471585508239,Clear,15.97273678628864
TRIP_02877,2026-08-22 21:01:26,40.67941102217656,-73.98964638125611,40.723937057471915,-73.95583654670466,Clear,15.507679683318708
TRIP_02878,2026-08-16 04:11:51,40.72740963641632,-74.03510306670465,40.77223936170837,-74.06461370182929,Rainy,15.687756612247139
TRIP_02879,2026-08-15 02:08:58,40.70343354907968,-73.98604779296767,40.74874005781635,-73.99551056517167,Snowy,20.001203312031556
TRIP_02880,2026-08-07 03:24:40,40.600888438333754,-74.07200385938687,40.6300921372076,-74.04809314330716,Clear,11.0314014092826
TRIP_02881,2026-08-15 22:20:28,40.60676499236825,-74.01793763010318,40.56277141583671,-73.99539098285737,Clear,14.070493734157928
TRIP_02882,2026-08-25 06:56:10,40.682456741107146,-73.94172088828192,40.67165542635359,-73.91039233608932,Clear,7.91565900745451
TRIP_02883,2026-08-19 10:24:00,40.73568432930268,-74.00885306457155,40.76079679183047,-73.97554279276491,Clear,16.77462488815578
TRIP_02884,2026-08-21 12:12:33,40.57542475786374,-73.998920210663,40.5994902979475,-73.96876237766952,Clear,10.485132299354241
TRIP_02885,2026-08-17 18:54:46,40.68781349119242,-73.98223706976414,40.70113104479786,-73.95642741026519,Snowy,-99.0
TRIP_02886,GARBAGE_TIMESTAMP_TEXT,40.68648760717413,-73.94746691853412,40.71755512326138,-73.92579472533433,Clear,22.89712967894619
TRIP_02887,2026-08-09 18:10:37,40.782216888910426,-74.08876123560947,40.802566440140986,-74.04881834291774,Clear,23.029950930625844
TRIP_02888,2026-08-02 23:41:46,40.69354890941436,-73.97677379740813,40.717172023380904,-74.02395347740506,Clear,12.135377216093211
TRIP_02889,2026-08-05 17:29:38,40.73194944923705,-74.01940695696209,40.732777489252086,-73.95307695235294,Rainy,38.695632812476205
TRIP_02890,2026-08-03 20:58:56,40.71986285700437,-73.99766810523441,40.76932318658802,-74.04380256676082,Clear,31.196787731978574
TRIP_02891,2026-08-16 16:30:01,40.60627167600964,-73.95300249151188,40.61334852774923,-73.96537734601901,Clear,10.535467407462727
TRIP_02892,2026-08-16 20:29:51,40.751210360831585,-74.06570933257059,40.731290888340965,-74.0525121564701,Clear,16.592413136946714
TRIP_02893,2026-08-01 13:15:54,40.72356982527282,-74.05663222207215,40.720439854888255,-74.01645383533946,Clear,14.927156411419435
TRIP_02894,2026-08-09 16:07:08,40.73821343198373,-74.10277149798569,40.747759446242874,-74.17262950470968,Clear,16.708114558726724
TRIP_02895,2026-08-02 12:32:21,40.90911188532182,-74.0334579470882,40.958931968972884,-74.01430167680645,Clear,15.862454025530239
TRIP_02896,2026-08-07 17:20:04,40.60859435302507,-73.93947838278106,40.627326313072025,-73.89570653159859,Clear,22.046869758549118
TRIP_02897,2026-08-07 11:58:16,40.799034832488054,-74.01202935942368,40.81345038591908,-73.96219381594283,Clear,14.375199526767146
TRIP_02898,2026-08-24 04:43:18,40.69842762402998,-74.07300624478275,40.680967721287104,-74.07392613453767,Clear,11.617566709497954
TRIP_02899,2026-08-13 15:24:26,40.72716644522015,-74.03028393722876,40.770730922915035,-74.0193089958374,Snowy,26.094557217771168
TRIP_02900,2026-08-19 22:41:43,40.71052438773494,-74.08039308517453,40.71096582311424,-74.0788775290413,Clear,4.759830376147697
TRIP_02901,2026-08-07 13:41:59,40.6915881833301,-74.06225930508656,40.70858734756186,-74.05403954469234,Rainy,10.401185896014004
TRIP_02902,2026-08-08 14:57:15,40.684308353588065,-73.98655905448682,40.74871384589452,-73.99751385100868,Clear,20.625632539282737
TRIP_02903,2026-08-08 03:31:16,40.72927543677865,-74.0646936663153,40.76453833671013,-74.07137123118943,Rainy,13.754533627524571
TRIP_02904,2026-08-04 21:31:57,40.63694131516642,-73.95036828473984,40.608093693734965,-73.91733697707899,Clear,13.374029357868366
TRIP_02905,2026-08-11 12:05:21,40.75032895837609,-74.00955601454152,40.717243651285514,-73.98560755334333,Clear,14.381525701571233
TRIP_02906,2026-08-14 06:11:26,40.691990279755736,-74.00172026480277,40.71006096625216,-73.96697266957506,Rainy,12.103902514941431
TRIP_02907,2026-08-01 09:32:15,40.656296533047986,-74.0199186483804,40.63991431460174,-73.99349821668937,Rainy,22.174200208746942
TRIP_02908,2026-08-07 19:05:53,40.69029935710021,-73.96735760807282,40.7297557595292,-73.92622745003838,Snowy,47.127312491709546
TRIP_02909,2026-08-25 17:19:35,40.77565746084313,-73.96684200561116,40.79692535279208,-73.9204955856665,Rainy,33.11113028247739
TRIP_02910,2026-08-23 15:00:52,40.68603324564919,-73.98924728240439,40.71099478871991,-74.02149878100037,Clear,11.322384939495777
TRIP_02911,2026-08-20 01:47:20,40.73072268091048,-73.97776054470462,40.729520385461214,-73.98338983421705,Clear,3.476829222369947
TRIP_02912,2026-08-09 14:23:47,40.67625218621423,-74.01660448349602,40.74849369587283,-74.00354576222072,Clear,18.54900494138972
TRIP_02913,2026-08-09 06:41:06,40.750696092496185,-73.97888984965455,40.8559739043365,-73.95957017541917,Clear,30.868854018703683
TRIP_02914,2026-08-13 01:11:12,40.747075386939514,-74.0228938887737,40.75871784522681,-74.02299660598824,Rainy,6.5372983166541445
TRIP_02915,2026-08-03 10:57:39,40.805230441664825,-74.00588841889189,40.835821619117276,-73.95852770876223,Clear,23.518255225323564
TRIP_02916,2026-08-11 17:38:43,40.70402180272504,-74.01973218746832,40.726944323016966,-73.9403337364196,Snowy,62.185196908569814
TRIP_02917,2026-08-06 09:51:26,40.7462327402379,-74.02886092696596,40.758442134334665,-74.0032760682985,Clear,17.286627292542253
TRIP_02918,2026-08-15 19:14:18,40.71770337697695,-74.0404555898861,40.71274126294497,-74.01792535892015,Clear,12.04943026444835
TRIP_02919,2026-08-06 18:46:56,40.77759358909315,-73.98261549480705,40.76504454946873,-73.93713180715392,Clear,26.44597773904351
TRIP_02920,2026-08-20 19:17:33,40.676858380619564,-73.94046970435933,40.662790462653795,-73.97644489701543,Clear,24.584802294639985
TRIP_02921,2026-08-07 04:34:37,40.750050265643864,-73.94744490141652,40.78220746641034,-73.92659083320336,Rainy,16.59494225566025
TRIP_02922,2026-08-06 00:50:11,40.703065135194166,-74.06882826679727,40.707474900848055,-74.01945719203324,Snowy,19.534467198599582
TRIP_02923,2026-08-05 06:19:59,40.709590591144575,-73.94153984742965,40.65224180564036,-73.94083446734568,Clear,15.550923277554865
TRIP_02924,2026-08-08 18:37:14,40.71738762422242,-74.0219079250809,40.750733370840365,-74.03870474247796,Rainy,30.17549920319844
TRIP_02925,2026-08-06 08:35:47,40.725412019821334,-73.97596334924272,40.74426418134741,-73.96153751754571,Clear,12.857216069903826
TRIP_02926,2026-08-23 09:00:10,40.706988547843906,-74.05131076660236,40.76738873788594,-74.03313132959842,Snowy,49.342154856093956
TRIP_02927,2026-08-17 17:19:27,40.72353565915853,-73.9989010043063,40.75472933107126,-74.00616057276378,Clear,19.45775225096988
TRIP_02928,2026-08-22 19:46:37,40.791705902878114,-73.99031384085515,40.767345694988805,-73.90742900257362,Clear,34.69603912675137
TRIP_02929,2026-08-16 01:24:26,40.762072484280765,-74.08023023959598,40.715182185058865,-74.07459113102621,Clear,12.704811472667128
TRIP_02930,2026-08-03 22:31:16,40.75625772962485,-73.9755866416828,40.75467355809471,-73.9901964222256,Clear,5.099187550051366
TRIP_02931,2026-08-08 19:29:58,40.69002302369881,-73.93870324960808,40.69126980107799,-73.9215118891802,Clear,13.266099657862977
TRIP_02932,2026-08-15 12:52:22,40.66833795858859,-74.01473239728408,40.71663273461859,-73.96749657815295,Clear,17.789573876501134
TRIP_02933,2026-08-19 23:00:27,40.76056502791189,-73.9379915934586,40.7802988999432,-73.91746916598866,Clear,11.46800051644033
TRIP_02934,2026-08-12 17:49:34,40.75660233962649,-74.01548467467262,40.810612994569446,-73.9809168570713,Clear,37.35307182473858
TRIP_02935,2026-08-18 16:10:36,40.78643353378755,-73.96352077344767,40.76668854211647,-73.96966609127766,Rainy,11.46342164129674
TRIP_02936,2026-08-22 06:25:22,40.68260096870154,-74.11692849829755,40.731558900232955,-74.05229784490545,Rainy,27.196301356252437
TRIP_02937,2026-08-18 06:49:33,40.70132256723198,-73.88506111103433,40.742952241834914,-73.84820978019678,Rainy,19.31048458817603
TRIP_02938,2026-08-06 21:07:20,40.63082579187373,-73.93122708773785,40.590278768530794,-73.87979604067152,Clear,19.053483355749282
TRIP_02939,2026-08-21 16:35:16,40.69317644469696,-74.02023127521268,40.75285497993478,-73.98927645623843,Clear,18.307630772701273
TRIP_02940,2026-08-16 20:14:14,40.762628525528974,-74.1046044513322,40.78543228028197,-74.05985793020032,Clear,23.927957375079174
TRIP_02941,2026-08-08 16:50:00,40.68947523103859,-73.99159858158473,40.721236566154644,-73.99779015837504,Clear,16.14328447687336
TRIP_02942,2026-08-13 05:09:32,40.74482398976004,-74.07819627735368,40.73887710638719,-74.07293858985437,Clear,2.5613169101644067
TRIP_02943,2026-08-12 18:14:52,40.70327484470011,-73.98375732312212,40.76153225508777,-73.92336290525544,Clear,33.75003757835119
TRIP_02944,2026-08-05 01:50:13,40.72900285141108,-73.98542171404179,40.71342728153392,-73.91862945562328,Clear,14.892478602135922
TRIP_02945,2026-08-09 00:12:48,40.655415430509215,-74.0530701584501,40.70037819106043,-74.06748212644167,Clear,11.497106938553529
TRIP_02946,2026-08-02 23:53:13,40.7170604724817,-73.94995164881928,40.761678696758956,-73.92245956678336,Clear,11.46859116335738
TRIP_02947,2026-08-20 22:37:56,40.563243201454966,-73.9657212648597,40.5540181786098,-73.95864957887426,Snowy,15.492126685928735
TRIP_02948,2026-08-06 17:50:40,40.7034551920919,-73.95720883313557,40.78295640007458,-73.95811977721651,Snowy,70.8640934224061
TRIP_02949,2026-08-15 06:05:28,40.63127633781424,-74.00555711481655,40.65822219222077,-73.97701192395589,Clear,12.571335383112936
TRIP_02950,2026-08-05 18:51:00,40.77309972582734,-74.07677620334569,40.81271650413547,-74.02254731537472,Clear,30.42251215089928
TRIP_02951,2026-08-21 06:17:26,40.751670367638226,-73.95710638638944,40.72585674377815,-73.92355651219091,Snowy,23.08843577900336
TRIP_02952,2026-08-08 11:41:05,40.736133549098305,-74.01951856995679,40.81966544918856,-74.00910394345436,Snowy,36.755030920199125
TRIP_02953,2026-08-16 18:17:23,40.78885031135797,-74.07548900715963,40.77211360315122,-74.04004317176158,Rainy,27.128276168551785
TRIP_02954,2026-08-13 19:06:06,40.66535417395876,-73.93839803170128,40.716100766941736,-73.92919731690871,Clear,29.4308111135957
TRIP_02955,2026-08-16 09:46:13,40.800168159895776,-73.90102962397488,40.790325008357826,-73.86866619495297,Clear,17.822162439551747
TRIP_02956,2026-08-24 11:28:14,40.759409578213024,-74.00806240644896,40.760839914127594,-73.94616843543528,Clear,15.145972775724715
TRIP_02957,2026-08-08 06:57:52,40.70097223563906,-73.89804394226984,40.74463485695562,-73.94035873204886,Rainy,20.775763775633628
TRIP_02958,2026-08-09 13:27:26,40.76958100735915,-74.00143426356944,40.820407588769406,-73.95751669461323,Rainy,25.900281222982525
TRIP_02959,2026-08-07 11:13:10,40.65748532437942,-74.02502279520832,40.639346796906,-74.05119444285543,Clear,7.677722717797922
TRIP_02960,2026-08-19 05:34:05,40.67157429192362,-74.03752292270927,40.72428845699533,-73.98067309139294,Clear,15.558490502364464
TRIP_02961,2026-08-24 08:01:37,40.682370513838016,-73.92414587960036,40.73371992869201,-73.92325664789655,Clear,25.237055241861444
TRIP_02962,2026-08-14 18:30:29,40.6863511145968,-74.04500719406938,40.678212512331456,-74.06153733539757,Rainy,21.501298181265117
TRIP_02963,2026-08-23 03:45:30,40.65997211786199,-73.96923653450125,40.727931545669726,-73.92837845768858,Rainy,21.55627599647361
TRIP_02964,2026-08-21 09:05:42,40.773954153354765,-74.03395819175296,40.750248424507326,-74.00303308985869,Clear,20.73351047630899
TRIP_02965,2026-08-13 23:17:51,40.69985727998151,-74.02901533812872,40.70111410249818,-74.03899094521756,Clear,6.03005794681606
TRIP_02966,2026-08-14 19:53:51,40.730425248417845,-73.95448751530152,40.764795327140604,-73.97207750801657,Clear,20.086112839868406
TRIP_02967,2026-08-11 20:36:39,40.684282431679314,-74.02500184231447,40.67867544313824,-74.0106262869392,Rainy,17.948211213814936
TRIP_02968,2026-08-04 11:05:22,40.621769834972575,-74.02623976897101,40.649684407542956,-74.04236237747615,Rainy,11.82596069933973
TRIP_02969,2026-08-24 07:29:35,40.72630286791957,-73.94935976514125,40.75353515028367,-73.96120395432897,Clear,12.079119008650098
TRIP_02970,2026-08-20 09:10:46,40.61718725122901,-73.92613013533892,40.63157502313133,-73.90266151162628,Clear,14.68682750959787
TRIP_02971,2026-08-05 02:14:01,40.709368297695725,-73.97376550983579,40.75434031385344,-73.98274165886343,Clear,14.465392141887875
TRIP_02972,2026-08-02 07:53:45,40.64438424805836,-74.03873848878119,40.65753342427863,-74.0059423100804,Clear,10.897167648185496
TRIP_02973,2026-08-09 04:29:43,40.81216379996154,-74.03153042496488,40.83911003202595,-73.96682611708837,Clear,12.402867665732586
TRIP_02974,2026-08-10 00:23:18,40.758368136108736,-74.002004236813,40.812762292433376,-73.98646089926001,Clear,16.30100325452889
TRIP_02975,2026-08-25 10:48:34,40.718087689563575,-73.98995349690372,40.76180827586435,-73.96604896504415,Rainy,30.546788950734477
TRIP_02976,2026-08-01 16:30:05,40.77598533388274,-74.05539329550699,40.81956585260716,-73.97485039352192,Rainy,29.956824647101104
TRIP_02977,2026-08-13 19:25:35,40.67048420112671,-73.96984810302101,40.65600881306021,-73.98547613654233,Clear,17.42477001081571
TRIP_02978,2026-08-05 14:13:50,40.739973968933505,-74.00172433351803,40.775717746198545,-73.94598727766261,Clear,16.571336826856857
TRIP_02979,2026-08-15 11:49:45,40.72279052168594,-74.09178541593191,40.71643555795685,-74.03965968799453,Clear,11.226868681897221
TRIP_02980,2026-08-10 07:58:54,40.72600100406669,-74.05244632412304,40.70755855467335,-74.00681680394783,Rainy,20.31475490088399
TRIP_02981,2026-08-04 17:27:24,40.77641767500534,-74.03120643368258,40.79426648461679,-73.9724539981606,Rainy,37.64452949827213
TRIP_02982,2026-08-08 03:10:36,40.74942460513899,-74.00964288444206,40.742295749539444,-73.9812256354633,Clear,6.490937224059311
TRIP_02983,2026-08-10 05:35:49,40.72723618314125,-73.9115360602248,40.77095471470645,-73.90902394509278,Clear,12.274623671533732
TRIP_02984,2026-08-21 16:06:08,40.630055628188586,-73.99409143469302,40.67449169197945,-73.94125423595641,Clear,20.32135119047139
TRIP_02985,2026-08-03 21:08:58,40.66479768523603,-74.04803859449493,40.62771889814309,-73.99405332814354,Clear,17.51124660920506
TRIP_02986,2026-08-04 21:29:30,40.706664553320216,-73.99496845978464,40.70181547713291,-73.94180904273985,Clear,14.503624140791501
TRIP_02987,2026-08-19 08:54:22,40.71746861871383,-74.0236043873727,40.69367501855629,-74.00226932490312,Clear,20.30108372292476
TRIP_02988,2026-08-20 05:58:42,40.65628981376631,-73.98976208802333,40.66241093546852,-73.99124792343173,Clear,8.181855136703792
TRIP_02989,2026-08-24 14:21:05,40.833383833778925,-73.97697161564822,40.86703910387499,-73.95123074802487,Clear,13.40772276561466
TRIP_02990,2026-08-20 23:41:55,40.78861970276268,-73.9455384676388,40.80135105981733,-73.89727156711176,Rainy,-99.0
TRIP_02991,2026-08-25 21:17:15,40.74290591601962,-74.0072143247835,40.745213138799606,-73.9564837710877,Clear,10.957815587525403
TRIP_02992,2026-08-04 19:12:55,,,40.77540713886859,-73.91694225743225,Snowy,54.238841849268155
TRIP_02993,2026-08-05 19:23:18,40.702189551504944,-73.96059886687318,40.65304383632706,-73.93113767998936,Clear,28.74099728797424
TRIP_02994,2026-08-18 19:26:16,40.66520407699889,-74.04137197724062,40.722310233804436,-74.06063532637519,Clear,29.230586178123332
TRIP_02995,2026-08-16 00:20:26,40.71667402592595,-73.89550721671257,40.72034537713128,-73.8459587136224,Clear,14.408801467627859
TRIP_02996,2026-08-01 19:23:45,40.72568762700714,-73.9896502743365,40.74334435670376,-73.99314953703825,Clear,17.20347080457695
TRIP_02997,2026-08-24 01:14:28,40.65071197122592,-74.04775622519861,40.65489107109431,-74.00419856441147,Clear,8.878498063401354
TRIP_02998,2026-08-03 12:18:00,40.72950882086224,-73.92335434743848,40.795795464028416,-73.93783348476018,Clear,19.876833515903705
TRIP_02999,2026-08-13 14:15:42,40.70503704755876,-73.90211112074007,40.688107692654604,-73.85116864354706,Clear,10.805508110018877
TRIP_03000,2026-08-03 07:05:30,40.61740962210613,-74.00765126318598,40.63776171319779,-73.97799620748529,Rainy,17.587355810700902
TRIP_03001,2026-08-05 14:08:54,40.669780749461026,-74.03118251301878,40.70560390901682,-74.03462324388728,Clear,9.088587290017925
TRIP_03002,2026-08-22 04:20:41,40.69211972332892,-74.01461874787269,40.663789640292364,-73.97387805644027,Clear,12.477994751936494
TRIP_03003,2026-08-25 05:59:10,40.807184382867014,-73.97026341362411,40.79958743775363,-73.96797426437827,Snowy,5.479864329199434
TRIP_03004,2026-08-04 19:43:19,40.74062765622669,-73.94210716724848,40.756182300221745,-73.89962051612513,Rainy,29.475267516385887
TRIP_03005,2026-08-06 00:56:29,40.646025921545004,-73.97747563345682,40.63942597050447,-73.96569897771825,Clear,8.461807574792342
TRIP_03006,2026-08-18 01:04:15,40.73710181447088,-74.00091383957641,40.73263406133431,-74.0325452533453,Clear,5.0697918304076905
TRIP_03007,2026-08-12 11:10:51,40.635434800553085,-73.93109941148478,40.64493892066079,-73.9405718986992,Clear,7.352604016233992
TRIP_03008,2026-08-19 20:06:57,40.76693455269435,-74.02164182365257,40.806421992643735,-74.01455426491319,Clear,26.20773046233478
TRIP_03009,2026-08-02 05:35:33,40.68924376740911,-73.95445403308166,40.698962234102765,-73.8934083623692,Clear,13.342540247672627
TRIP_03010,2026-08-17 07:36:09,40.70811819056304,-74.02040313991756,40.76047097639723,-73.97336883100168,Clear,19.224903821421712
TRIP_03011,2026-08-16 01:55:18,40.77908983237711,-73.98444885209946,40.76915709889733,-73.91573300972979,Rainy,18.44440567278685
TRIP_03012,2026-08-07 01:44:22,40.64844182157079,-74.01167812823952,40.63088415375659,-73.94206907175862,Clear,12.681361406185216
TRIP_03013,2026-08-04 15:09:48,40.64294409074435,-74.00879260913264,40.720734452915984,-74.00483513327036,Clear,26.178248482618315
TRIP_03014,2026-08-21 13:11:12,40.6836200336827,-74.02486932587311,40.683881289852735,-74.01052393166587,Clear,4.198705085969275
TRIP_03015,2026-08-20 07:16:17,40.764718942550964,-73.93875729844096,40.7453915823388,-73.93109569617087,Clear,11.811955620977733
TRIP_03016,2026-08-21 09:57:27,40.63683269622616,-74.04264630190542,40.604571077973006,-74.04279162006445,Clear,19.858506647633472
TRIP_03017,2026-08-13 01:58:48,40.571192220094474,-74.04301161262744,40.623445323708744,-74.07825645390753,Clear,15.678968781965942
TRIP_03018,2026-08-06 11:28:12,40.69024205707955,-73.89995032170775,40.70000292163975,-73.88039275324826,Clear,10.537087800458329
TRIP_03019,2026-08-04 14:15:52,40.74038703999555,-73.95710762176728,40.75277574794355,-73.97567458957862,Snowy,16.697729680605065
TRIP_03020,2026-08-19 14:25:31,40.772813087486945,-74.12525568493466,40.78803703613934,-74.10628084138068,Clear,8.033351398461019
TRIP_03021,2026-08-06 19:05:04,40.68964193189573,-74.03426293696052,40.74003021843582,-73.95078981267363,Clear,40.80501448319515
TRIP_03022,2026-08-02 19:01:36,40.6922286696442,-74.0965994668781,40.706842774624924,-74.09187981976802,Snowy,22.635662850755327
TRIP_03023,2026-08-03 05:30:42,40.77049503671279,-74.05353453467076,40.860816650077766,-74.02769131450192,Snowy,34.15394253581513
TRIP_03024,2026-08-05 17:45:09,40.61931291501523,-74.1629257333117,40.64332573223685,-74.11572628173742,Clear,26.907819590196443
TRIP_03025,2026-08-24 21:24:02,40.69337396124085,-74.0128494788847,40.7452275042496,-73.98444074012572,Snowy,30.94102709252601
TRIP_03026,2026-08-16 15:42:03,40.72232119449625,-74.06309709095807,40.76647839023339,-74.0343225653198,Clear,16.73456010491582
TRIP_03027,2026-08-11 07:15:54,40.73526093606425,-74.00300473716018,40.75416751645651,-73.99387681017083,Clear,5.966896568400569
TRIP_03028,2026-08-08 08:45:07,40.68730966534046,-74.08725606294412,40.68970053575984,-74.07421240219595,Clear,10.496310741475888
TRIP_03029,2026-08-24 15:53:26,40.714522050585295,-74.0018544073414,40.74448096844229,-74.01065472300704,Clear,10.501132650160706
TRIP_03030,2026-08-02 22:19:50,40.588383632329354,-74.02674581390602,40.62368659426557,-73.98136446363934,Clear,10.15588384228573
TRIP_03031,2026-08-20 19:18:56,40.67988757938331,-73.93090235174057,40.68270999793952,-73.96314710143899,Clear,17.18158499341414
TRIP_03032,2026-08-19 17:12:16,40.73547543562773,-73.93543215691273,40.76046560160625,-73.88629950676126,Rainy,35.0333674398863
TRIP_03033,2026-08-01 20:59:27,40.66368529828727,-73.96673271984949,40.72077144763506,-73.98884367139185,Clear,35.64433446095341
TRIP_03034,2026-08-05 19:20:12,40.71574921107948,-74.02233068903305,40.79784764325157,-73.97345247081076,Clear,43.145428339738196
TRIP_03035,2026-08-06 09:54:08,40.73514362504014,-73.90673098023699,40.78077470465062,-73.89734550602336,Clear,22.174769419238796
TRIP_03036,2026-08-06 00:55:29,40.695672539957116,-74.083651763892,40.77155533054852,-74.10060782453598,Snowy,28.878486601691357
TRIP_03037,2026-08-18 22:38:57,40.72132318854983,-74.07617793147818,40.72244196221364,-74.03879897212579,Rainy,12.432116623470785
TRIP_03038,2026-08-10 11:20:55,40.66466337173577,-74.01018915499445,40.70571983929755,-73.96232612894218,Clear,19.634169349930993
TRIP_03039,2026-08-15 16:34:24,40.7024694360152,-73.89329809455394,40.76262502127264,-73.88644045399705,Rainy,23.78313963924848
TRIP_03040,2026-08-15 00:10:23,40.743310808479464,-74.0161169453435,40.7364208084903,-73.97449862888313,Rainy,9.7735204541349
TRIP_03041,2026-08-06 15:57:20,40.720648648048424,-74.01516226216046,40.72608094468708,-74.06371479700054,Snowy,20.09597498178256
TRIP_03042,2026-08-12 21:26:20,40.6834734365218,-74.0780955178056,40.75561057937686,-74.09771340649799,Clear,21.756361998737702
TRIP_03043,2026-08-15 17:09:21,40.72401082021454,-73.95870352073648,40.71475785454093,-73.89993125282241,Clear,29.20231288724333
TRIP_03044,2026-08-12 19:18:27,40.74853048953183,-73.95834118728354,40.72829658855216,-73.94505126550948,Clear,21.678748340099414
TRIP_03045,2026-08-05 17:50:54,40.61030293607113,-73.96654623993001,40.676142383280315,-74.00241263972347,Snowy,61.41654345199682
TRIP_03046,2026-08-12 00:33:34,40.7707537032478,-74.03746103364237,40.826656599997214,-74.03842701905563,Snowy,23.988837580165644
TRIP_03047,2026-08-12 13:38:03,40.695987263065945,-74.04133533841865,40.72895087038546,-74.0490373525944,Rainy,14.118621631712731
TRIP_03048,2026-08-12 23:39:30,40.73407449666201,-74.07065611252025,40.752703174022635,-74.05563496446445,Clear,6.086552409102243
TRIP_03049,2026-08-01 04:00:14,40.772662346182265,-74.00180637491195,40.779506611014114,-73.99292890442618,Clear,3.7401961034234184
TRIP_03050,2026-08-13 22:44:03,40.64421631513848,-74.06002036646393,40.672674781352754,-74.03465241459578,Clear,9.443541051803198
TRIP_03051,2026-08-15 11:39:47,40.677327949878624,-74.06487082526246,40.74472215860067,-74.04695480681083,Clear,18.524496443650637
TRIP_03052,2026-08-12 23:24:26,40.69837256520621,-74.02718453584554,40.72552954899047,-73.96639235819443,Clear,18.473735907362496
TRIP_03053,2026-08-06 22:14:38,40.67361232394378,-74.03045780875921,40.75862110196119,-73.99772135076762,Clear,18.83580637632639
TRIP_03054,2026-08-05 22:14:24,40.79954682879184,-74.03289892644109,40.79260856922263,-73.99916877810529,Snowy,16.778659088979623
TRIP_03055,2026-08-12 10:03:12,40.66996139530866,-73.98267777015799,40.689370972678816,-73.92772305644115,Clear,23.039558444076896
TRIP_03056,2026-08-18 07:38:53,40.685022661025656,-74.00204760989249,40.693830900995735,-73.99371067240537,Snowy,17.065398410918725
TRIP_03057,2026-08-23 15:34:53,40.72301945158015,-74.02040780152555,40.71046520528528,-74.0382641248263,Rainy,12.515112566844644
TRIP_03058,2026-08-16 15:06:54,40.652692523696196,-73.99684935358442,40.6681000117059,-73.94064024384545,Clear,16.756508928924532
TRIP_03059,2026-08-13 12:52:50,40.69301596441219,-74.05557635205523,40.725535843462005,-74.03150109961199,Clear,12.110915222277281
TRIP_03060,2026-08-18 06:19:49,40.72867266306251,-74.00073606880451,40.76439956846107,-73.97655553256755,Snowy,25.63203151526248
TRIP_03061,2026-08-24 17:21:35,40.69615697978087,-73.99846987535777,40.78127054514921,-73.99746977300367,Rainy,56.66397378155237
TRIP_03062,2026-08-09 20:47:35,40.708130657055,-74.08115234296787,40.74206468114671,-74.07965800296098,Clear,21.833456151723084
TRIP_03063,2026-08-08 02:28:08,40.686333394377584,-73.95621531228149,40.74083749848797,-73.91081364211836,Clear,13.30827558683416
TRIP_03064,2026-08-08 11:45:27,40.63707648454096,-74.05007168526134,40.65905931192993,-74.00053201131722,Clear,14.20852066839269
TRIP_03065,2026-08-24 09:52:48,40.72887966056696,-74.00148451003967,40.799221328580536,-73.95796980786727,Clear,34.994134076859375
TRIP_03066,2026-08-11 09:12:56,40.800546653582366,-73.94777941297323,40.892500132150005,-73.90399056480987,Clear,44.51550581215003
TRIP_03067,2026-08-02 00:21:32,40.71372008153917,-73.9597161621143,40.74965263546845,-73.92264527599652,Rainy,15.284430339071758
TRIP_03068,2026-08-16 09:57:28,40.72406320586238,-74.00428333057155,40.71428343539883,-73.9803376486692,Clear,11.49261001928351
TRIP_03069,2026-08-10 06:06:00,40.74743613775584,-74.0241249501441,40.750971987072525,-74.00938634067373,Clear,8.897005663365793
TRIP_03070,2026-08-13 04:34:12,40.64933347517267,-73.95862440457122,40.677791504268825,-73.90231468907298,Snowy,24.909770592530577
TRIP_03071,2026-08-12 17:31:58,40.797925732906485,-73.97226525110958,40.831620673964004,-73.9634768772243,Clear,19.416283389743136
TRIP_03072,2026-08-05 04:01:37,40.72291643982114,-74.0369182510022,40.76386919385267,-74.00581887458578,Rainy,19.737062002484837
TRIP_03073,2026-08-07 00:02:19,40.79439284495446,-74.04574468235009,40.82819877539136,-74.04986507228871,Clear,12.833317687469236
TRIP_03074,2026-08-02 09:42:20,40.676148350223805,-74.1096177590848,40.696357897711486,-74.10939673019031,Clear,13.929523243315534
TRIP_03075,2026-08-13 15:19:42,40.80370309612789,-73.99829840791583,40.80461714289183,-73.98538304495155,Clear,4.94930235814596
TRIP_03076,2026-08-18 10:32:23,40.75155777470174,-74.01013488725091,40.783591922539664,-74.01425303855272,Clear,21.558365037528564
TRIP_03077,2026-08-18 19:59:31,40.74045200429262,-73.94919043126788,40.81610162501704,-73.90525487650353,Snowy,68.7998559849649
TRIP_03078,2026-08-05 01:25:24,40.724501222717656,-73.98804724532599,40.77509908088049,-74.00848827287234,Snowy,21.467314693758997
TRIP_03079,2026-08-18 21:38:21,40.70037356909628,-73.93928854029137,40.736414687585366,-73.91631165158994,Rainy,15.44209044323102
TRIP_03080,2026-08-11 10:59:44,40.77282658292369,-74.0408682113958,40.82371359063838,-74.01689296849054,Clear,27.235837745583623
TRIP_03081,2026-08-04 00:17:30,40.719817993492406,-73.94909248345162,40.72868607262538,-73.98341647080122,Rainy,14.48674182450996
TRIP_03082,2026-08-12 09:59:21,40.61444651482064,-74.03244581895524,40.61919856043814,-74.02567653357094,Clear,11.240229067970475
TRIP_03083,2026-08-08 02:06:56,40.65694067691465,-73.96712019691039,40.654507123783674,-73.93944921076894,Clear,9.79593373298216
TRIP_03084,2026-08-20 10:06:06,40.70350771239036,-74.07893791962654,40.71974911370728,-74.04607607982771,Clear,17.87734159977328
TRIP_03085,2026-08-09 02:42:16,40.72829994915828,-73.99424323503169,40.735639772257,-73.9803724512897,Clear,6.47542881470802
TRIP_03086,2026-08-08 19:33:52,40.709970575555005,-74.1052343970723,40.76621881777457,-74.06492775093787,Clear,32.16824530456256
TRIP_03087,2026-08-20 00:15:59,40.77374853948969,-74.01935687429709,40.779488836959224,-74.00263636201417,Clear,6.279601715383639
TRIP_03088,2026-08-23 03:55:40,40.61524490679807,-73.98398230030611,40.61116325531132,-73.96357271294386,Clear,5.358560484229427
TRIP_03089,2026-08-08 00:07:04,40.71997939682526,-74.03204842756155,40.79825671219018,-74.00449881149196,Clear,18.09230007887152
TRIP_03090,2026-08-01 06:46:06,40.62190103873064,-74.0585218814378,40.6283597817982,-74.01071189257577,Clear,12.738691272330206
TRIP_03091,2026-08-01 08:32:28,40.75078561477421,-73.9636940765352,40.77539146849172,-73.96396561660767,Rainy,21.15346960957234
TRIP_03092,2026-08-12 06:56:40,40.7080770642779,-74.01117313949234,40.7416167490202,-74.0057777956679,Clear,16.729223544418872
TRIP_03093,2026-08-05 11:28:21,40.733780498601206,-74.03047853235154,40.719679705033585,-74.03054542710342,Clear,11.67098298417357
TRIP_03094,2026-08-02 17:57:08,40.669605851970516,-74.00390520394228,40.72667036505561,-73.99387113542655,Rainy,-99.0
TRIP_03095,2026-08-01 09:59:27,40.77677324658289,-73.87416654290273,40.81588681779523,-73.81137951516034,Clear,33.493292951178745
TRIP_03096,2026-08-14 20:45:38,40.764886233202944,-73.94832485751093,40.83163775355937,-73.91114309793103,Clear,40.83777087044398
TRIP_03097,2026-08-12 21:53:05,40.7419772151506,-73.94787131659061,40.741600557034054,-73.96180400894568,Rainy,9.50906343611921
TRIP_03098,2026-08-13 07:22:52,40.70632413765683,-73.98422268405038,40.72929791143111,-73.98223609301805,Clear,9.870276316486867
TRIP_03099,2026-08-02 09:37:15,40.74179286426476,-73.99767573637115,40.762973536914586,-73.96649271964286,Rainy,25.547021282420214
TRIP_03100,2026-08-10 14:20:51,40.67745537160064,-74.12580411441652,40.705372026431135,-74.1329993478445,Clear,10.904453947212001
TRIP_03101,2026-08-10 10:20:24,40.755577782951036,-74.03994901732315,40.731939340493724,-74.0417092185476,Clear,14.34440362395693
TRIP_03102,2026-08-02 21:30:26,40.795274044716194,-74.03002872066013,40.81859913607696,-73.9696799306749,Clear,16.999506119006817
TRIP_03103,2026-08-25 09:31:52,40.76633052799896,-74.09974460320238,40.74353661065625,-74.09814587205658,Clear,12.989814799696358
TRIP_03104,2026-08-12 10:53:46,40.67631987650963,-74.06387078951077,40.707069898645535,-74.01523078502989,Clear,25.361186546459212
TRIP_03105,2026-08-04 04:55:59,40.73087086586366,-74.10504182354613,40.6870113921281,-74.0473821278602,Clear,13.026685530938384
TRIP_03106,2026-08-01 00:41:35,40.64814292281207,-74.00791619178487,40.61259531778335,-74.00992005451994,Clear,10.168048562660108
TRIP_03107,2026-08-13 13:57:50,40.74141951555878,-73.96506170145756,40.78597597705198,-73.97176057815427,Rainy,19.847232727446123
TRIP_03108,2026-08-05 10:57:39,40.73533017064313,-73.95066127406878,40.73892501698729,-73.93894523666322,Rainy,14.124620086646841
TRIP_03109,2026-08-01 04:29:52,40.61930918302339,-73.98526077689604,40.609673440814426,-73.99791960851626,Rainy,5.066399901939855
TRIP_03110,2026-08-18 12:36:55,,,40.71283617643665,-74.03053880070485,Clear,16.150822831578104
TRIP_03111,2026-08-07 11:33:44,40.69864305516281,-74.10260325792599,40.72847184168266,-74.08877281528159,Clear,12.947855011464226
TRIP_03112,2026-08-14 05:15:41,40.69775701264296,-74.09384343497007,40.74391971850898,-74.06302603449348,Clear,12.08939957995341
TRIP_03113,2026-08-11 00:14:47,40.65232615322906,-74.06944912886273,40.66733889105944,-74.00754082517574,Clear,13.893522181810392
TRIP_03114,2026-08-10 09:02:10,40.73224893646761,-74.05044298490178,40.83263779728461,-74.00591843547866,Rainy,59.40507321818006
TRIP_03115,2026-08-11 15:37:29,40.72537368044703,-74.01398742489958,40.72723826463024,-73.97931023163721,Clear,10.463341575051368
TRIP_03116,2026-08-09 00:59:37,40.70308654340108,-74.05670821090635,40.77542140988187,-74.09568966329539,Snowy,31.1264886954386
TRIP_03117,2026-08-18 12:33:59,40.67501042499208,-73.98905120531658,40.69316944378908,-73.95574992585351,Rainy,14.142577977464065
TRIP_03118,2026-08-19 01:58:35,40.76523535632083,-74.01761367513997,40.73560004447345,-73.94593484531883,Rainy,20.308469613025842
TRIP_03119,2026-08-04 09:16:55,40.79557035565442,-74.00547271441295,40.830055818026864,-74.07578838990236,Clear,29.725483806076177
TRIP_03120,2026-08-16 20:27:07,40.688621925807674,-73.94898747236644,40.71806480265133,-73.90830599607717,Rainy,38.961171046423914
TRIP_03121,2026-08-06 01:54:57,40.68219165414226,-74.06501158671001,40.67065199971508,-74.0497923439527,Snowy,9.468544358674976
TRIP_03122,2026-08-15 22:42:20,40.7373603832706,-73.98506477108538,40.729693804956554,-73.99055862117606,Rainy,6.50321900664496
TRIP_03123,2026-08-16 03:42:45,40.694898531012655,-74.0066986614238,40.7141576017201,-73.96266480390643,Clear,10.222660680802322
TRIP_03124,2026-08-08 05:52:54,40.70583013996684,-74.02267431404849,40.73632257442428,-73.95138313703026,Clear,12.334202353972374
TRIP_03125,2026-08-19 03:59:35,40.74978265758624,-73.9617371839567,40.695662759099854,-73.91848026209156,Clear,16.708980922195135
TRIP_03126,2026-08-24 05:42:32,40.617332195624634,-73.96204929227216,40.66892583920035,-73.95318505081,Snowy,21.679101143309634
TRIP_03127,2026-08-02 08:15:37,40.77871511624264,-74.05332453979942,40.78388017702819,-74.06162863453166,Snowy,13.762709204521828
TRIP_03128,2026-08-23 08:50:04,40.71643402621647,-74.0151080291929,40.696481601684525,-73.99076920017922,Clear,19.05998175961474
TRIP_03129,2026-08-21 09:29:06,40.69222534277189,-73.9919394158708,40.74045733931545,-73.94574433709936,Rainy,36.697311437744936
TRIP_03130,2026-08-02 19:58:03,40.70833829228893,-74.01965033740113,40.727629752906374,-74.01126192818815,Snowy,28.91286049000133
TRIP_03131,2026-08-08 02:01:40,40.71092146775103,-73.97674893338561,40.7674064410545,-73.96546042313513,Clear,15.517551811382496
TRIP_03132,2026-08-11 03:08:37,40.62623993482776,-73.9919403991045,40.65937850271715,-73.88728039160934,Clear,18.580123961695982
TRIP_03133,2026-08-01 02:38:08,40.787546911372665,-73.9143719379822,40.80750147628422,-73.8620123796034,Clear,11.149382932740835
TRIP_03134,2026-08-08 20:27:44,40.71486628161353,-74.08251395679649,40.73028438326413,-74.02801009644467,Rainy,39.57395776734496
TRIP_03135,2026-08-24 17:50:55,40.73495010652237,-74.01212179948737,40.769431489339055,-74.03593037666914,Clear,20.269653923607603
TRIP_03136,2026-08-09 23:51:05,40.760377488528704,-74.0514251255756,40.76797155076442,-74.05264078595441,Rainy,4.397327920409094
TRIP_03137,2026-08-21 11:35:08,40.66174187712198,-73.97579462722805,40.65616469945959,-73.95355417804443,Clear,6.76764591984773
TRIP_03138,2026-08-10 02:48:28,40.73647359495176,-74.08685859450227,40.7747708686314,-74.09689272123883,Clear,14.52448329079025
TRIP_03139,2026-08-07 07:42:12,40.69941794545506,-73.98868436448876,40.715083310211725,-73.92067244552209,Clear,15.69402144021794
TRIP_03140,2026-08-03 18:45:21,40.755138538760825,-74.03750242156741,40.77614556820289,-73.97519305236969,Clear,30.158656331169023
TRIP_03141,2026-08-16 14:01:37,40.606438628982424,-74.04270809330605,40.659120024067064,-74.03871445342757,Clear,15.78702331173706
TRIP_03142,2026-08-21 06:30:40,40.70784528498794,-74.07832491017703,40.72442898675587,-74.00480735197881,Clear,19.135719207012105
TRIP_03143,2026-08-09 16:54:34,40.682658967210806,-74.02925379731005,40.70310998497706,-74.00938136021165,Clear,-99.0
TRIP_03144,2026-08-04 01:00:09,40.73441314753171,-73.95177497348546,40.73642366218818,-73.85409328196378,Clear,17.679461553927958
TRIP_03145,2026-08-03 09:08:16,40.73630220936841,-74.00725943417648,40.76922440738787,-73.98291885026073,Clear,24.001174829593875
TRIP_03146,2026-08-15 02:26:52,40.6774187052589,-73.97461597910628,40.707913542639304,-73.93733019659642,Clear,12.278700681868658
TRIP_03147,2026-08-03 03:03:48,40.6771913067912,-73.92276790890169,40.72421456074492,-73.8607708056666,Clear,14.358449887810904
TRIP_03148,2026-08-06 10:43:54,40.70726673157213,-73.99281222075888,40.70989286646193,-73.93448322026464,Clear,24.384792909590736
TRIP_03149,2026-08-07 12:05:54,40.667967888634244,-74.03393997860312,40.674233379546536,-73.99861801661903,Rainy,19.29159088122845
TRIP_03150,2026-08-03 20:45:31,40.754899184772604,-73.98263738924086,40.79866330674697,-73.96687159882418,Clear,28.288967588762322
TRIP_03151,2026-08-14 22:41:36,40.69433963997763,-74.03321480731572,40.721906030078515,-73.99779082631592,Clear,11.150496306050481
TRIP_03152,2026-08-02 05:54:10,40.56745058903392,-74.03122113416485,40.56026404524814,-74.03570665932114,Snowy,6.464427791244221
TRIP_03153,2026-08-18 23:20:42,40.69405889716891,-74.08199463998095,40.75325551920094,-74.05743062841502,Rainy,21.001218283494104
TRIP_03154,2026-08-24 14:02:01,40.660872808957805,-73.95968712544578,40.6299192919058,-73.97296635142072,Clear,13.98371195950831
TRIP_03155,2026-08-07 04:52:44,40.631236209226955,-74.02530012878248,40.67476475182487,-74.05872657798488,Clear,13.588116092983542
TRIP_03156,2026-08-08 08:31:29,40.65092866808887,-73.9968950877092,40.63297230700893,-73.97538228478503,Rainy,21.853491702120508
TRIP_03157,2026-08-08 09:01:09,40.71827042359165,-74.05779809643033,40.79484407908621,-73.99992975971018,Rainy,56.878946542643845
TRIP_03158,2026-08-11 22:42:36,40.77923204141241,-73.98420261851423,40.752894049605246,-73.93642847926635,Clear,13.673120467343413
TRIP_03159,2026-08-14 22:02:51,40.72845922369325,-74.04409706190675,40.78302674324943,-74.02655443077852,Clear,16.471989722105167
TRIP_03160,2026-08-23 01:17:32,40.682474830589214,-74.01308543608509,40.700025799788875,-73.94067574513983,Clear,14.388696474489942
TRIP_03161,2026-08-01 16:05:12,40.735595209758536,-73.96210869843804,40.74459713266337,-73.95918054016344,Clear,6.7986518192022825
TRIP_03162,2026-08-21 23:20:32,40.689845484489055,-73.96646203438837,40.71540738418309,-74.00399701424232,Snowy,19.633155306520486
TRIP_03163,2026-08-24 05:07:12,40.678069981541846,-74.00710150362585,40.71702699171658,-74.05256454245188,Clear,12.989267688103348
TRIP_03164,2026-08-02 07:21:00,40.655081866588354,-74.09440655163533,40.647949851518426,-74.1098422798532,Clear,7.948469900140782
TRIP_03165,2026-08-13 00:09:59,40.62520855966242,-73.85635947149697,40.620734927907364,-73.81186072919911,Snowy,18.030887128439105
TRIP_03166,2026-08-05 22:19:12,40.69330381467203,-73.91870705148634,40.73279196062541,-73.91775113199036,Clear,10.000973292949196
TRIP_03167,2026-08-05 09:02:33,40.72070267449601,-73.96986625875559,40.68948238588652,-73.93603749949988,Clear,22.816984832922365
TRIP_03168,2026-08-02 04:03:33,40.70796881649926,-74.04366018907955,40.7104419437035,-73.97427168757203,Clear,13.52841087555501
TRIP_03169,2026-08-21 08:23:08,40.69200165360263,-74.0116796080851,40.803222262227415,-74.02468251696244,Clear,49.663912194860515
TRIP_03170,2026-08-09 23:24:35,40.66551269696516,-74.03317102148883,40.65647230802748,-73.99881602953495,Rainy,10.357251479984951
TRIP_03171,2026-08-08 17:40:28,40.74321230958425,-73.94280720304518,40.79764639333705,-73.9066383108655,Clear,29.393538701137835
TRIP_03172,2026-08-25 02:37:27,40.64694340400267,-73.99287485545742,40.649364880941256,-73.99869699511162,Clear,4.274970915714109
TRIP_03173,2026-08-23 18:31:36,40.75160139569218,-74.045208192918,40.78687275003609,-73.98458186516065,Clear,32.971537622147686
TRIP_03174,2026-08-17 18:27:55,40.66268914905366,-74.02953775495624,40.702319819771546,-74.01816896662272,Rainy,34.7340662965129
TRIP_03175,2026-08-03 07:40:53,40.67517823813235,-73.9499405928715,40.729046940187835,-73.94145318229889,Clear,15.679324208421457
TRIP_03176,2026-08-23 21:39:45,40.63946074046922,-73.92599510765898,40.65345312566483,-73.84264671110644,Clear,20.48828218162502
TRIP_03177,2026-08-23 09:16:34,40.68772989265572,-73.92958342182568,40.76739643181836,-73.89390041955468,Rainy,51.58676303118709
TRIP_03178,2026-08-03 02:35:28,40.761565622923904,-73.9681483967473,40.763885525986346,-73.92038968025673,Snowy,19.265631673299513
TRIP_03179,2026-08-17 13:26:30,40.7385814044222,-74.01863124344013,40.765608016830186,-73.95798445549447,Rainy,20.32881417778747
TRIP_03180,2026-08-02 11:36:58,40.7617211056014,-74.16807569126645,40.78907941356793,-74.16758991125023,Clear,9.71830734591302
TRIP_03181,2026-08-22 01:29:43,40.7389071272967,-73.9911419988096,40.72524808369822,-73.93364736589798,Clear,12.993219176438359
TRIP_03182,2026-08-09 22:08:19,40.65761650857348,-74.0060914379422,40.669040340924106,-74.00114826139213,Clear,9.389798966385305
TRIP_03183,2026-08-23 00:55:38,40.696260538783626,-73.99900089518393,40.721105943760776,-73.99533959686407,Rainy,11.010452444599865
TRIP_03184,2026-08-23 17:41:31,40.67379004354413,-74.00330513264834,40.68082641225025,-73.99146513181758,Rainy,17.30591270636753
TRIP_03185,2026-08-15 08:10:55,40.77932874520195,-74.07231310809746,40.87255646416565,-74.07097505314582,Snowy,67.2575754037447
TRIP_03186,2026-08-01 10:32:29,40.65296056767868,-73.97812957215744,40.6478018574707,-73.93346487917773,Rainy,25.52718169252998
TRIP_03187,2026-08-05 17:00:09,40.757484884469456,-73.9743891842984,40.81286761851367,-73.94637286464405,Clear,31.30993578455424
TRIP_03188,2026-08-13 07:27:44,40.75744769350544,-73.97188306089701,40.80314148789991,-73.96661979333552,Rainy,19.814939454033947
TRIP_03189,2026-08-20 01:52:11,40.80428101008581,-73.95867114982133,40.82386514605068,-73.91843599882668,Rainy,10.548109180233142
TRIP_03190,2026-08-13 21:39:14,40.69231567036853,-73.97579741775392,40.68635939875296,-73.96405289087551,Rainy,8.94021105960611
TRIP_03191,2026-08-07 06:48:50,40.74841610797901,-74.02650147057695,40.74536844836726,-74.01634358168789,Snowy,9.611404106870797
TRIP_03192,2026-08-03 06:11:13,40.826882591826944,-74.0095418423958,40.83134357285045,-73.98808132584875,Clear,10.625501475627361
TRIP_03193,2026-08-02 06:47:08,40.68191791615332,-74.00144375663733,40.64834567769493,-73.96753994596735,Clear,12.686574468221735
TRIP_03194,2026-08-01 11:33:26,40.636047987623385,-74.00061502754467,40.62594402484941,-73.96891959806335,Clear,9.657494410797966
TRIP_03195,2026-08-22 17:45:43,40.61879949830461,-73.95608911720142,40.5943252028437,-73.946986592669,Clear,19.744419892431747
TRIP_03196,2026-08-18 04:06:03,40.74843560144307,-73.97381656234887,40.8088118515384,-73.9284032261257,Clear,15.454406506085636
TRIP_03197,2026-08-13 15:21:59,40.61864248959707,-73.90213282802151,40.65719636136872,-73.8888046525539,Snowy,28.287886915949343
TRIP_03198,2026-08-16 18:35:19,40.694184047353104,-73.89567655100576,40.73776327031907,-73.89532608566402,Snowy,46.81780687091223
TRIP_03199,2026-08-20 00:12:51,40.73466565935195,-74.0020175208693,40.772330617898206,-74.02605817033232,Rainy,14.910617949332867
TRIP_03200,2026-08-20 21:40:41,40.7220587768415,-74.19783277742297,40.747067805541526,-74.14833742299301,Clear,15.761152135927453
TRIP_03201,2026-08-06 21:38:22,40.73407224320921,-73.94415837669364,40.797892653173086,-73.92378667440782,Clear,14.891048850674972
TRIP_03202,2026-08-16 16:55:32,40.723914492790044,-74.03301881694935,40.72559161311809,-74.00669264619404,Clear,11.916077963639172
TRIP_03203,2026-08-09 13:46:35,40.77674329066567,-74.04607419609155,40.79994338032668,-73.99470010862056,Clear,16.09587350362415
TRIP_03204,2026-08-25 07:56:46,40.66518418096306,-74.02592226374946,40.707595945797785,-74.0202444506974,Clear,14.334105301330712
TRIP_03205,2026-08-22 03:50:34,40.678950243077075,-74.02833215234072,40.65931396612139,-74.04956412979494,Rainy,12.205288560264798
TRIP_03206,2026-08-08 01:59:21,40.67416702773646,-73.97538650949473,40.78706469462074,-73.95329308842827,Clear,25.681189481548945
TRIP_03207,2026-08-25 07:39:16,40.75430959059313,-74.0839717889563,40.77516656347646,-74.0547329423939,Clear,10.932560288051352
TRIP_03208,2026-08-16 15:47:58,40.75781992941975,-74.05988603728959,40.78207961293702,-74.0477715092744,Clear,11.528368295410248
TRIP_03209,2026-08-07 14:16:56,40.73536126596593,-73.98884207229013,40.793067606916175,-73.92462994494784,Snowy,39.128869879004185
TRIP_03210,2026-08-03 00:39:38,40.771974683344496,-73.97485279847933,40.819423343334805,-74.02943779551097,Rainy,20.66238531622711
TRIP_03211,2026-08-18 22:36:46,40.653897956631184,-73.9739229177532,40.67504029721308,-73.92032121861621,Snowy,20.155289763606667
TRIP_03212,2026-08-07 09:15:27,40.79616120557756,-74.04535181394667,40.820065088720504,-74.00161720443575,Rainy,29.880662675343
TRIP_03213,2026-08-23 01:17:46,40.788961931085616,-74.05491328246332,40.763837475157175,-74.02121015913231,Clear,13.13615626063764
TRIP_03214,2026-08-23 18:19:30,40.74958109986229,-74.0313317416894,40.752887126526794,-74.11140878817348,Snowy,58.21078690181423
TRIP_03215,2026-08-14 22:01:28,40.80188994543855,-73.99400636238576,40.83740625192332,-73.93548969888765,Clear,11.773330704147497
TRIP_03216,2026-08-18 08:58:32,40.62996883961611,-73.93172613153638,40.6632856247874,-73.94251915485546,Clear,21.381129584006587
TRIP_03217,2026-08-16 11:11:18,40.68657759318687,-74.10837185928854,40.74321256568699,-74.10360261864004,Clear,18.528989415177534
TRIP_03218,2026-08-10 19:36:30,40.6760348269659,-74.01703643784792,40.6924197952192,-74.00215421779163,Rainy,24.381643584231877
TRIP_03219,2026-08-03 08:20:54,40.748873966187865,-74.07263392205127,40.72725537078494,-74.04041138101171,Snowy,33.391869535046105
TRIP_03220,2026-08-15 13:42:12,40.66029296301989,-74.08861213386767,40.71199487594316,-74.0494292926019,Clear,17.522716804850063
TRIP_03221,2026-08-07 01:34:51,,,40.81375743785234,-73.91086695110319,Clear,14.13544672495936
TRIP_03222,2026-08-08 00:24:20,40.78132680719984,-73.97876877127503,40.828274144385524,-73.93429316597268,Rainy,17.172245622630065
TRIP_03223,2026-08-04 12:55:45,40.7475601450042,-73.98352832420264,40.762651134878475,-73.95594050807624,Clear,13.148472832429675
TRIP_03224,2026-08-09 02:45:35,40.72698755118308,-73.95994870801346,40.77831913273938,-73.92747102824173,Rainy,18.761393571461728
TRIP_03225,2026-08-17 14:43:45,40.66340633295496,-74.0299859448383,40.78627364729521,-74.04270855631297,Clear,32.20887274213529
TRIP_03226,2026-08-19 09:04:30,40.670457451693736,-74.02763187581668,40.69391202112695,-74.03016268002125,Clear,18.96483369370382
TRIP_03227,2026-08-24 16:48:02,40.77528094526483,-73.89671346916387,40.755928844497475,-73.84984966245362,Clear,-99.0
TRIP_03228,2026-08-16 08:48:19,40.75176745019527,-74.01832855271297,40.7541788987087,-73.97321226811111,Clear,18.719727175615503
TRIP_03229,2026-08-12 23:33:51,40.71084902403113,-73.9692433943473,40.749613304040246,-73.92752941185397,Rainy,19.170634421701532
TRIP_03230,2026-08-16 22:54:52,40.69190452271171,-74.00568092295184,40.66376039338477,-74.00111342580153,Snowy,12.059265572757493
TRIP_03231,2026-08-23 05:01:40,40.611509606344434,-74.09841292650393,40.63659169859179,-74.05109816254561,Clear,12.712299870565149
TRIP_03232,2026-08-05 17:53:57,40.65925737906578,-74.10823145019006,40.69066747857526,-74.12306878376447,Rainy,29.745498994123427
TRIP_03233,2026-08-21 17:28:09,40.80837095435699,-74.034949210997,40.874424606551365,-73.98262841670113,Rainy,54.07250077139389
TRIP_03234,2026-08-10 22:41:49,40.648777221449876,-73.9531949374165,40.708083067131504,-73.94102106145388,Clear,15.440324946901567
TRIP_03235,2026-08-16 22:29:05,40.72227399106106,-73.9665854171682,40.76821153481361,-73.89606030497798,Clear,16.047228073973503
TRIP_03236,2026-08-12 03:19:15,40.76317219865976,-73.9602961417888,40.71829182834433,-73.98593940455076,Clear,12.36972832868094
TRIP_03237,2026-08-22 21:53:10,40.65005386659989,-74.05535230894682,40.69768546044133,-73.98245018756927,Clear,26.61622430647145
TRIP_03238,2026-08-01 04:48:42,40.72203552373905,-73.92520637549389,40.76320092532086,-73.91605030536878,Clear,11.592358290581917
TRIP_03239,2026-08-14 08:41:35,40.75969577687553,-74.05424466500932,40.78737410818788,-74.04562904268967,Snowy,31.995674705919132
TRIP_03240,2026-08-02 05:26:25,40.71342496609537,-73.9953587800665,40.681518302311005,-73.96951361549692,Clear,6.619266908454062
TRIP_03241,2026-08-03 12:11:17,40.85622015278334,-74.0065176144954,40.85291693550772,-74.00742998187941,Clear,4.095747935186688
TRIP_03242,2026-08-06 09:05:27,40.62937003705609,-74.01469369101574,40.61436535397007,-73.99686356105481,Clear,16.22742609032805
TRIP_03243,2026-08-25 04:58:14,40.76573642649419,-73.93907039308522,40.72528617330898,-73.94119918104334,Clear,7.973253653099356
TRIP_03244,2026-08-15 11:08:44,40.70415991313018,-74.0412555260083,40.724072458587735,-74.04228743193768,Clear,10.530560639716093
TRIP_03245,2026-08-16 20:01:48,40.75139600774183,-74.0734802627856,40.74746134409855,-74.03887368427658,Clear,18.161977235204873
TRIP_03246,2026-08-09 22:50:27,40.734865357584965,-74.00500022568968,40.833624524993034,-74.01204719054878,Clear,19.5283525558472
TRIP_03247,2026-08-06 03:29:56,40.6761421901445,-74.02599133671433,40.691079031961365,-74.02903716376449,Clear,5.231352585354927
TRIP_03248,2026-08-15 17:29:26,40.72424981962297,-73.83713085404587,40.783062414298946,-73.85831459153826,Clear,36.458494121846236
TRIP_03249,2026-08-12 11:51:48,40.619904927430085,-73.972174626178,40.59283195668929,-73.96729254657684,Clear,11.743752676486459
TRIP_03250,2026-08-07 19:36:11,40.74296237502857,-74.02646702876093,40.74705968744842,-73.96711896786921,Clear,25.252624105743934
TRIP_03251,2026-08-17 01:27:03,40.727707923299526,-74.05880557845936,40.75061485958056,-74.06418358766244,Clear,9.690074757124572
TRIP_03252,2026-08-02 13:13:12,40.744733008432156,-74.10001442052844,40.737488389973926,-74.10196341848406,Clear,8.303735132749944
TRIP_03253,2026-08-17 16:53:49,40.76570591625436,-74.05726095428687,40.77303989571022,-74.03144329589243,Clear,8.881560072383829
TRIP_03254,2026-08-03 20:15:50,40.731180992010486,-74.00025291141205,40.74464246482318,-73.99137680442604,Clear,16.94209608252705
TRIP_03255,2026-08-06 22:25:05,40.72020447098991,-73.93463356742026,40.73318723142656,-73.84778893441977,Clear,17.948150166184135
TRIP_03256,2026-08-18 08:49:05,40.668746583166936,-73.9499155428806,40.744400140357996,-73.93479138182089,Clear,36.92936099390678
TRIP_03257,2026-08-09 17:24:47,40.67718896181755,-73.99454525841769,40.70853575038049,-73.96448870803117,Rainy,30.52046768586343
TRIP_03258,2026-08-24 22:44:42,40.77213673100887,-74.02215838328513,40.80652204789711,-73.97384531974114,Clear,10.573614848002226
TRIP_03259,2026-08-08 23:48:08,40.784616770285304,-73.9925593821794,40.820806413515655,-73.94482204620351,Clear,9.712959645236655
TRIP_03260,2026-08-06 00:32:44,40.7008944781844,-74.03193189987422,40.739273269504515,-74.00493327242751,Clear,10.426894079781261
TRIP_03261,2026-08-07 09:17:05,40.71510013736267,-73.9200818002118,40.732613527846425,-73.90491562481239,Snowy,25.535967428888586
TRIP_03262,2026-08-13 04:20:25,40.667569281250316,-74.01545950906376,40.67794689010595,-73.93473865297238,Snowy,25.00794875935291
TRIP_03263,2026-08-15 11:53:29,40.771437842263374,-74.01031689291234,40.796442324048925,-73.99330970117177,Clear,11.160457121229067
TRIP_03264,2026-08-11 07:04:07,40.74607084118459,-74.11679112125104,40.800774959651996,-74.1100418243839,Clear,20.68460516401366
TRIP_03265,2026-08-05 09:14:37,40.80986087182319,-74.01577174232614,40.86364801747628,-74.01514721197496,Clear,26.46032880751253
TRIP_03266,2026-08-24 17:54:02,40.668883846141014,-73.96417579310176,40.68167189187036,-73.99597988918296,Clear,19.831080742683724
TRIP_03267,2026-08-09 09:06:50,40.69389960504909,-74.05938612885193,40.73693491588914,-74.01473765628481,Clear,23.84531037185876
TRIP_03268,2026-08-24 01:57:59,40.72437229612628,-74.04353601672464,40.73853475623509,-74.09397806863767,Clear,15.708189114397854
TRIP_03269,2026-08-08 06:59:04,40.74512447688629,-73.96636444911331,40.76614059336934,-73.94653613434046,Clear,8.112892103583839
TRIP_03270,2026-08-04 10:25:59,40.70201661812262,-74.0798328611759,40.707810916675996,-74.06597868020404,Clear,10.854360189385448
TRIP_03271,2026-08-10 00:35:53,40.66915194547732,-73.9531099496229,40.68370259131013,-73.86591099385596,Clear,17.438523003909374
TRIP_03272,2026-08-06 17:24:44,40.75687037644618,-74.03260719450866,40.817110278532674,-74.06755673137006,Snowy,60.56720517611648
TRIP_03273,2026-08-13 00:35:35,40.74885676812728,-74.02542841102456,40.77162940254746,-74.03246150963409,Clear,11.447274791928395
TRIP_03274,2026-08-18 23:26:17,40.666986294971814,-74.06219392025628,40.69104477022838,-74.04627681401672,Rainy,12.86552447569968
TRIP_03275,2026-08-18 14:49:14,40.78057214005528,-73.9870976869786,40.757155606677536,-73.97302356710267,Clear,10.559160486939472
TRIP_03276,2026-08-17 04:10:15,40.77130993545983,-73.88300640074853,40.78203261823085,-73.87949273847283,Clear,8.053716180379606
TRIP_03277,2026-08-20 01:16:32,40.719514824862394,-73.96692513802697,40.73227537775005,-73.94935477530903,Rainy,11.7881532889215
TRIP_03278,2026-08-18 16:56:30,40.716779893118805,-74.04921426309703,40.7119055885555,-74.06700114496311,Clear,6.867868895689988
TRIP_03279,2026-08-18 18:24:04,40.740502888555795,-73.94921897072543,40.7611528509069,-73.91850318435557,Clear,23.379646526834133
TRIP_03280,2026-08-13 23:22:37,40.66971484648719,-74.02183397729671,40.67683937778036,-74.07147853755903,Clear,10.37314285012052
TRIP_03281,2026-08-13 17:31:29,40.7143015739582,-73.93727575092862,40.73670144961551,-73.91804883160493,Clear,19.489932247502317
TRIP_03282,2026-08-04 08:22:02,40.60518082276954,-73.96566617989178,40.628825913064105,-73.96367688071969,Clear,16.716491000697626
TRIP_03283,2026-08-22 23:55:39,40.75662278227515,-74.15315707827358,40.74795015154047,-74.10266843999088,Clear,10.215796259065842
TRIP_03284,2026-08-13 23:57:30,40.63472533887791,-74.05620398164776,40.64276428540341,-73.98354464952875,Clear,13.043911391012399
TRIP_03285,2026-08-22 10:41:42,40.78797099142145,-73.95878073885824,40.81029221990428,-73.94871230392074,Clear,18.36213122825703
TRIP_03286,2026-08-03 13:45:18,40.69629399530168,-73.99841713639275,40.75182297823638,-73.9366953585185,Clear,18.088770755077288
TRIP_03287,2026-08-04 00:01:05,40.702216650903445,-74.0571877973854,40.729918226087314,-74.04667128580431,Clear,7.005159695289972
TRIP_03288,2026-08-13 13:27:32,40.68141330469577,-74.0376794757747,40.68155524929825,-74.04666327146857,Rainy,9.819527151002669
TRIP_03289,2026-08-25 07:17:45,40.698398056303894,-74.10131183100447,40.73036819908121,-74.0289347220389,Clear,18.97495628370736
TRIP_03290,2026-08-02 23:11:26,40.7837265672574,-74.01041866437632,40.85495303393706,-73.97479537103429,Clear,19.5323743236356
TRIP_03291,2026-08-24 00:52:14,40.58840956717325,-73.89546551369921,40.63591076135092,-73.87533235802091,Snowy,22.607966839279346
TRIP_03292,2026-08-11 17:16:34,40.77664826930441,-73.96575333046339,40.81307406521748,-73.92513800621043,Clear,25.414335588144244
TRIP_03293,2026-08-15 12:34:12,40.72970117405509,-73.89647914994057,40.771468879319556,-73.86825269888666,Clear,15.560900418690084
TRIP_03294,2026-08-09 09:00:58,40.65244891760714,-73.9618801455105,40.71564753885,-73.94395672774876,Clear,32.070831799245575
TRIP_03295,2026-08-02 13:36:24,40.65903438034754,-73.95462603283237,40.711303184168074,-73.9744190776516,Clear,17.561879404123104
TRIP_03296,2026-08-22 09:25:18,40.79661965136041,-73.90729606561275,40.83362246279394,-73.8954121677276,Clear,20.61328474441299
TRIP_03297,GARBAGE_TIMESTAMP_TEXT,40.665524656002866,-73.98713683703289,40.71758392259057,-73.94843917432914,Clear,17.741853243887494
TRIP_03298,2026-08-25 03:39:04,40.6551324744702,-74.01536136607534,40.64268294158228,-73.99904450884594,Clear,6.003445724047783
TRIP_03299,2026-08-06 19:04:59,40.76966572711824,-73.9543671241689,40.74459776954803,-73.90729735133499,Clear,23.796755847540975
TRIP_03300,2026-08-01 18:35:00,40.7297276438143,-73.93330798814391,40.75444060333361,-73.9017983374279,Rainy,26.65567076376169
TRIP_03301,2026-08-19 03:31:13,40.66590372117318,-74.02999823213561,40.6879641424627,-74.03634232167818,Clear,8.7971139595286
TRIP_03302,2026-08-14 08:18:10,40.72363124877023,-74.042078454117,40.72731394716484,-74.06165361285197,Rainy,15.727570117710268
TRIP_03303,2026-08-16 18:03:40,40.66151236581799,-73.99905719837845,40.70628794591282,-73.98377255337635,Rainy,36.92008354386327
TRIP_03304,2026-08-25 16:46:07,40.76784106992113,-73.96442505665341,40.731955162327594,-73.96015191009654,Clear,11.822932110357604
TRIP_03305,2026-08-13 00:01:09,40.76586854824366,-73.96609544756693,40.769825380561926,-73.93600579327828,Clear,5.488753569078153
TRIP_03306,2026-08-21 12:10:13,40.7394003099411,-74.07720838000938,40.74485164359477,-74.07875250977226,Clear,5.424038271955427
TRIP_03307,2026-08-16 05:33:25,40.73088305306235,-73.91041969664684,40.70179399950936,-73.90888146641949,Clear,13.368193436014511
TRIP_03308,2026-08-05 18:38:27,40.80085940624337,-74.03805824646984,40.86570133646145,-73.986466154942,Rainy,50.89472226811885
TRIP_03309,2026-08-17 04:43:18,40.712784316369415,-74.01925324984443,40.692008278309515,-73.99480716078558,Clear,10.244931371285842
TRIP_03310,2026-08-18 11:02:57,40.65370629372896,-74.0511327179994,40.65605609200973,-74.05221452996221,Clear,5.891136077651421
TRIP_03311,2026-08-04 14:46:10,40.73527369564162,-73.87108355820314,40.78251308837577,-73.8505543039411,Clear,13.249710655078774
TRIP_03312,2026-08-02 17:34:17,40.81710235247686,-73.99389646648561,40.85648371277972,-73.93252912919556,Clear,36.26885471124215
TRIP_03313,2026-08-14 05:33:32,40.66206202534071,-74.04854875403407,40.64881678444617,-74.01973515338584,Clear,8.051599030938398
TRIP_03314,2026-08-08 09:19:49,40.6947268616653,-73.96280382250188,40.73520153794312,-73.92501529821912,Clear,23.022176104922696
TRIP_03315,2026-08-20 10:17:26,40.73362230190507,-73.9675432110345,40.76231583626482,-73.97011024713032,Clear,17.208797996337267
TRIP_03316,2026-08-16 04:06:21,40.710104757549715,-74.01538635117899,40.800095824413056,-73.96459376986495,Clear,20.999962225442793
TRIP_03317,2026-08-02 10:12:51,40.66368482098114,-73.96396966436083,40.695803033463186,-73.87442659654691,Clear,36.228041854255366
TRIP_03318,2026-08-24 15:13:38,40.76889289281152,-74.04726459804154,40.784655638179466,-74.05100862731692,Clear,7.200201920460296
TRIP_03319,2026-08-07 11:11:19,40.82880203610087,-74.03064591374746,40.82310697738728,-74.04610273297862,Clear,13.13375872361096
TRIP_03320,2026-08-01 22:05:39,40.7226065729512,-74.1065108327283,40.72027927194253,-74.08124456541324,Clear,5.55757589750099
TRIP_03321,2026-08-13 04:23:09,40.6675965855132,-74.07219755421097,40.662823512649155,-74.02593240271564,Clear,11.525027031973158
TRIP_03322,2026-08-14 23:31:08,40.635351973747326,-73.91561845971647,40.69648493816469,-73.89836014987797,Clear,11.174903621549172
TRIP_03323,2026-08-17 02:43:11,40.725698799061064,-73.92392856861389,40.74623789651156,-73.93552476049517,Clear,7.727096037929026
TRIP_03324,2026-08-11 21:35:07,40.76799386716581,-74.00271056756755,40.80495128088506,-73.98596809242096,Clear,14.423469279520987
TRIP_03325,2026-08-10 13:29:00,40.73655838732477,-73.9228534276405,40.801985815324194,-73.88491065945718,Clear,18.652752486553602
TRIP_03326,2026-08-12 04:13:35,40.71267980795406,-74.01400372433042,40.661925883687836,-74.00621467913881,Clear,16.088752435264126
TRIP_03327,2026-08-17 21:30:25,40.68333641741054,-74.01817051512839,40.74170263035155,-73.97995286459575,Clear,20.35982942952591
TRIP_03328,2026-08-13 02:42:10,40.658191818364095,-74.00317446757673,40.67985372571759,-73.94823314401953,Clear,11.720549123649876
TRIP_03329,2026-08-05 05:03:31,40.754537566316245,-74.01224607976617,40.78758901746546,-73.98503916099305,Clear,11.776658380350687
TRIP_03330,2026-08-10 09:43:53,,,40.75363648441683,-73.99759824931635,Clear,12.259015896849052
TRIP_03331,2026-08-23 17:46:54,40.63551351066546,-73.94883009464252,40.632859778712,-73.90394977688572,Rainy,31.980468658713708
TRIP_03332,2026-08-23 17:34:02,40.79229194890904,-73.99849321730218,40.82695732560343,-74.0041762421253,Clear,25.01362653843111
TRIP_03333,2026-08-01 16:41:58,40.7415035610447,-73.9703759117783,40.833041495054644,-73.9790172067891,Clear,26.155820467313607
TRIP_03334,2026-08-06 10:13:48,40.78277973225729,-73.95443097373614,40.83287913164174,-73.942428142284,Clear,27.34067532392609
TRIP_03335,2026-08-07 21:35:10,40.64569361257575,-73.98659071021726,40.703659300218305,-73.98134709386169,Clear,14.966891510234143
TRIP_03336,2026-08-19 08:57:52,40.64450879222923,-74.05451356629541,40.65874875412139,-74.05861382555413,Clear,16.120302191951055
TRIP_03337,2026-08-08 19:03:47,40.705351534511635,-74.0736432944482,40.70734540777406,-73.99872924019824,Clear,31.548227731108888
TRIP_03338,2026-08-06 05:18:30,40.73793922134476,-73.99856096825964,40.73451507279739,-73.91340117197481,Clear,17.54644140031123
TRIP_03339,2026-08-02 10:24:49,40.80261804114635,-74.01456281524125,40.80796982940545,-74.00517396650892,Rainy,16.014939977467336
TRIP_03340,2026-08-09 15:10:45,40.74810394569076,-74.001630428554,40.706520472695644,-73.97887886006154,Clear,17.030580936596465
TRIP_03341,2026-08-08 12:41:54,40.7006659361594,-74.00680270196243,40.69891835587266,-73.99243798656434,Snowy,10.574409233135583
TRIP_03342,2026-08-12 20:02:01,40.66148153961671,-73.87682131699167,40.66467094493491,-73.82359633978812,Rainy,30.93479448920631
TRIP_03343,2026-08-11 23:49:23,40.774300028635956,-74.07251131278207,40.78903928340411,-74.01334194592687,Rainy,20.605232204767972
TRIP_03344,2026-08-21 03:39:42,40.66456472871246,-74.10549731349106,40.688517232004884,-74.13881522745174,Rainy,10.213942429695338
TRIP_03345,2026-08-15 22:59:23,40.794223427738615,-73.98938115832402,40.825096953797384,-73.95510083432205,Clear,8.979687587239443
TRIP_03346,2026-08-21 01:22:50,40.69858076751967,-74.02482112772941,40.718133006346385,-74.04402576796424,Clear,8.423385737550204
TRIP_03347,2026-08-15 12:01:34,40.79232910363089,-73.9901966065135,40.79488581104061,-73.91744844177725,Clear,17.351338274443847
TRIP_03348,2026-08-14 19:57:12,40.74674656450296,-73.9768058488858,40.707845805205,-73.9435984079795,Clear,26.466360308923274
TRIP_03349,2026-08-23 15:30:11,40.70595022552788,-73.94179476524106,40.70869096727583,-73.94649525139194,Clear,7.231876659341603
TRIP_03350,2026-08-01 05:44:31,40.686830181408695,-74.08136129101919,40.67765666227808,-74.06860093265733,Rainy,10.08808659747583
TRIP_03351,2026-08-22 23:01:49,40.695754606132695,-74.03383589489286,40.72973660858106,-74.02250521264085,Clear,10.199569931517727
TRIP_03352,2026-08-17 18:22:31,40.734215834618766,-73.98456193705596,40.781494456519574,-73.94880854876938,Clear,30.27384428592217
TRIP_03353,2026-08-15 07:54:40,40.71665782481089,-73.96747682021564,40.76481495682268,-73.91621944209031,Clear,18.713770467945594
TRIP_03354,2026-08-08 07:42:49,40.68310942959656,-73.89632752248558,40.725818011680396,-73.91077374124472,Clear,13.810519971146052
TRIP_03355,2026-08-17 21:54:37,40.70451842948412,-73.95821480144431,40.72051265742054,-73.88305216641695,Clear,14.763481735189988
TRIP_03356,2026-08-23 23:33:00,40.71672885148596,-74.00883942979432,40.721070184521686,-73.9406687265597,Clear,13.826571104511043
TRIP_03357,2026-08-10 07:15:23,40.60636329527926,-74.05052178764713,40.60395021266925,-74.05678149467487,Rainy,9.572606431193693
TRIP_03358,2026-08-14 23:47:13,40.73570840573944,-74.03421449263595,40.71048343824138,-74.01203043880508,Clear,9.085442307210538
TRIP_03359,2026-08-07 17:19:40,40.663813938764164,-74.03563514114785,40.7135695497794,-73.96431088482441,Clear,33.88736942216863
TRIP_03360,2026-08-24 03:23:25,40.65513337983971,-73.97323831857432,40.66989204870181,-73.916250760974,Clear,10.983315012180633
TRIP_03361,2026-08-16 21:10:40,40.62843278264447,-73.99315012772071,40.61104257383584,-73.98325241862214,Snowy,17.473333146064657
TRIP_03362,2026-08-17 21:10:51,40.623105375106604,-74.0721824785421,40.6183106338353,-74.02775228410506,Clear,9.698826586218864
TRIP_03363,2026-08-03 20:57:10,40.64502762484439,-74.02779507345453,40.63901842115141,-73.91787912470295,Rainy,56.606830847674054
TRIP_03364,2026-08-08 09:05:16,40.67734895211848,-73.96212262232743,40.69863968666893,-73.93896782287189,Snowy,29.402282931065066
TRIP_03365,2026-08-06 06:31:12,40.81046295687633,-73.9884168822513,40.86248699240845,-73.9873963297945,Clear,16.533341523664692
TRIP_03366,2026-08-06 02:26:56,40.68650601620524,-73.97756776919937,40.696066329717375,-73.95239517363663,Clear,6.426117185359043
TRIP_03367,2026-08-13 09:25:03,40.721687505313405,-73.98685391449713,40.674111499869895,-73.95945735163221,Clear,24.200536486027985
TRIP_03368,2026-08-05 20:50:27,,,40.74714865927055,-73.92041456543956,Clear,17.746676617626846
TRIP_03369,2026-08-18 23:31:38,40.71935325931079,-73.99419784680879,40.734667442307874,-73.96094909477436,Rainy,13.65127663545164
TRIP_03370,2026-08-21 00:25:16,40.7089278269637,-74.02530113989353,40.72218022003564,-74.04293317168535,Clear,8.637926858383578
TRIP_03371,2026-08-24 19:28:19,40.65303531182004,-74.05178775205668,40.65421147682577,-74.05175376806694,Snowy,17.917698762136926
TRIP_03372,2026-08-25 17:04:53,40.785346377413966,-73.99351952708952,40.81186954983574,-73.95077218380487,Clear,26.754417620938014
TRIP_03373,2026-08-06 09:59:50,40.8031598321819,-74.12803520073875,40.825144065636366,-74.16068132628502,Clear,21.656168569052483
TRIP_03374,2026-08-10 05:09:41,40.62866706529387,-74.01521445009163,40.64792215587007,-73.9681194223318,Clear,9.89445899813751
TRIP_03375,2026-08-21 11:55:03,40.66159857045568,-74.01629199299607,40.69397781129897,-74.05665143396725,Clear,17.664257120502832
TRIP_03376,2026-08-13 09:15:18,40.69880948288115,-74.07422354268087,40.705914498186715,-74.10616328004716,Clear,19.555946805964304
TRIP_03377,2026-08-06 08:45:55,40.664573110254494,-74.0524132919328,40.66997554016348,-74.04738265422446,Clear,11.114419193689617
TRIP_03378,2026-08-10 07:02:48,40.7380982776728,-73.96551712349259,40.79950197636036,-73.936911208208,Clear,18.904602708906502
TRIP_03379,2026-08-19 02:45:59,40.676386389879674,-73.99446441254625,40.71316705217114,-73.93470650445244,Snowy,22.003284343376478
TRIP_03380,2026-08-06 18:49:43,40.82105280339033,-74.00091058331464,40.86586118521861,-73.97918190041985,Clear,28.563034589980404
TRIP_03381,2026-08-15 05:20:43,,,40.829110567277205,-73.97807923153069,Clear,17.613828738934494
TRIP_03382,2026-08-19 06:22:19,40.72342870153161,-74.00136862060255,40.75920702695036,-73.963981183163,Clear,12.826990316415676
TRIP_03383,2026-08-10 17:01:44,40.76414931316599,-73.94385687185708,40.81200097354007,-73.94998383647112,Rainy,38.754523848036904
TRIP_03384,2026-08-15 23:03:06,40.76809502121787,-73.99982854091482,40.74071466635576,-73.97564608613443,Clear,8.918107076676389
TRIP_03385,2026-08-03 15:57:08,40.68460262559709,-74.07891065569093,40.71072724175697,-74.09489404342959,Clear,10.632249944818097
TRIP_03386,2026-08-23 22:48:25,40.671989137772904,-73.92449350175627,40.68650758391848,-73.90201578625002,Snowy,11.221307653346045
TRIP_03387,2026-08-08 17:23:26,40.716707153148484,-73.98748298663355,40.787037675875474,-73.97137807640904,Rainy,47.341058784225055
TRIP_03388,2026-08-13 01:00:47,40.7558818062249,-74.03546268653976,40.803711172179,-74.03959072418324,Clear,13.821129985313627
TRIP_03389,2026-08-16 10:23:35,40.719753019932675,-74.06867008591475,40.72083966420888,-74.04371886681861,Snowy,26.600161011855455
TRIP_03390,2026-08-11 05:25:28,40.633950175890455,-73.9862042889521,40.66513400064633,-73.9614477993573,Clear,10.94836917340999
TRIP_03391,2026-08-11 00:08:26,40.67265877780246,-74.01185860024871,40.69768921780594,-73.95659497987855,Rainy,15.488050579451029
TRIP_03392,2026-08-07 20:53:02,40.709101356820284,-73.92729266069838,40.74273129981485,-73.95546166279027,Clear,22.738226064074706
TRIP_03393,2026-08-09 01:59:09,40.70901671978371,-74.02329536403334,40.698451445702474,-74.00557683126425,Clear,7.163942138292148
TRIP_03394,2026-08-17 00:57:17,40.81142710883949,-74.04786903948413,40.84222760279663,-74.05067691147524,Snowy,15.407845041493085
TRIP_03395,2026-08-06 05:40:41,40.64350060288005,-73.9612101890882,40.6566560624014,-73.91511732734291,Clear,11.069746687926035
TRIP_03396,2026-08-15 03:39:03,40.7380794620918,-73.95973590536416,40.766552955013466,-73.91711854340839,Clear,11.016038109118265
TRIP_03397,2026-08-03 03:00:40,40.787255655416416,-73.99756743161949,40.78552410046275,-73.96233103626743,Clear,8.165211782267834
TRIP_03398,2026-08-11 20:54:18,40.82637248727114,-73.97218214761625,40.82882059212925,-73.97329714535833,Clear,10.35446649569682
TRIP_03399,2026-08-21 19:06:04,40.6925801288408,-74.00788435603711,40.7477953894518,-73.96132023854891,Clear,35.93618644557122
TRIP_03400,2026-08-02 18:55:02,40.73737147263601,-73.99430674494954,40.725825045885806,-74.02021067281184,Clear,20.564101744458014
TRIP_03401,2026-08-15 06:36:54,40.74128801785994,-73.9477504558718,40.73195538582868,-73.97980977697958,Snowy,17.664336630939054
TRIP_03402,2026-08-10 08:22:13,40.722574086577666,-73.97473408329893,40.7410266488612,-73.99301021329599,Clear,17.300390536797813
TRIP_03403,2026-08-22 12:32:15,40.707857739938035,-74.01446372191663,40.70470102868246,-73.99546796622643,Rainy,14.36923314410094
TRIP_03404,2026-08-20 07:48:37,40.73459876947501,-73.93838187270369,40.72804791050712,-73.89812694067403,Clear,13.082664352853971
TRIP_03405,2026-08-02 12:56:07,40.586187695739014,-74.12424276863958,40.60933997487526,-74.19352374285987,Clear,20.110201616391407
TRIP_03406,2026-08-25 08:12:17,40.746903474503135,-73.9033963344289,40.721751498796024,-73.84371404947251,Clear,25.171790017936562
TRIP_03407,2026-08-18 08:33:35,40.7191088951831,-74.09129795474453,40.70887002813569,-74.06736458885918,Rainy,18.595057672672947
TRIP_03408,2026-08-18 16:11:15,40.70167625516109,-74.03735464123862,40.7832991226488,-74.06438781166632,Clear,23.396110637793942
TRIP_03409,2026-08-13 10:13:41,40.81514310978598,-74.00804587675975,40.84892736155505,-73.98501746765106,Clear,21.419966665295146
TRIP_03410,2026-08-23 20:50:23,40.67905329906047,-74.0133240335364,40.676656398492376,-73.96054827109606,Clear,27.192196167412504
TRIP_03411,2026-08-21 16:08:45,40.69264620054675,-73.95567944799868,40.725192652894734,-73.91769621753949,Snowy,23.4691076015019
TRIP_03412,2026-08-05 02:53:07,40.81237766511024,-74.0588918309305,40.849397579419836,-74.00591963905389,Clear,13.529891287016753
TRIP_03413,2026-08-18 02:54:33,40.67119693475751,-73.99296165912585,40.72102936736022,-74.01394905800777,Clear,15.456447536955661
TRIP_03414,2026-08-11 04:24:29,40.68529423585318,-74.03491060491099,40.701479554969474,-74.02733076196515,Rainy,9.603503594362255
TRIP_03415,2026-08-07 13:28:50,40.70544872882846,-73.99124295103313,40.75474365991165,-73.99898371794883,Clear,16.018401546417067
TRIP_03416,2026-08-02 08:56:56,40.75483672410648,-74.00923861298989,40.71368332836002,-73.93771120683856,Snowy,55.24216904557979
TRIP_03417,2026-08-10 18:48:56,40.723190125367665,-74.00135321736585,40.71150088145339,-73.96217233206124,Snowy,34.763055344296454
TRIP_03418,2026-08-07 17:05:58,40.64816873264239,-74.03349624162321,40.67308487469448,-73.92808595395448,Clear,40.239513666548056
TRIP_03419,2026-08-09 07:26:59,40.68619157184364,-74.0315031975048,40.716080577827874,-74.02553148350732,Clear,8.546403341109192
TRIP_03420,2026-08-22 21:55:40,40.68243227833939,-73.99163637429862,40.67507880970933,-73.99337660064909,Clear,7.074829081601031
TRIP_03421,2026-08-24 00:30:33,40.70893894773885,-73.9588142247122,40.73672154747675,-73.94309902387005,Snowy,17.780136661228628
TRIP_03422,2026-08-22 23:35:27,40.73409218293149,-74.0359139667099,40.73537697547087,-73.97456325006722,Clear,13.805066943884615
TRIP_03423,2026-08-20 17:41:31,40.7337102877944,-74.04943837722864,40.74540151496759,-74.04042196790991,Rainy,21.033824421304207
TRIP_03424,2026-08-01 09:08:54,40.62399941229758,-73.97532699171641,40.67474262631753,-73.95159386377921,Clear,30.06720065995415
TRIP_03425,2026-08-25 12:46:49,40.76599704937804,-74.00762519465289,40.8132651742847,-73.98472447356629,Clear,16.486126066076594
TRIP_03426,2026-08-13 04:30:30,40.72542844229983,-73.9644750933007,40.71551663247893,-73.94329019046464,Clear,7.227813472304494
TRIP_03427,2026-08-02 06:40:50,40.782026602379695,-74.05128986066856,40.77030905851909,-74.05086181448243,Clear,10.55878913321789
TRIP_03428,2026-08-14 16:51:19,40.73500991636453,-74.09497194627117,40.74267471449793,-74.07909067830849,Clear,6.770786957082816
TRIP_03429,2026-08-11 21:04:11,40.76786614788679,-74.03265020409131,40.7870637588516,-74.01805328213185,Clear,7.569405583909336
TRIP_03430,2026-08-21 08:28:26,40.736127265572506,-74.04431763046325,40.73639031091526,-74.0245445702535,Clear,12.654182657321643
TRIP_03431,2026-08-17 07:23:26,40.780111287810136,-74.00993942000402,40.83133056109413,-73.96163391545943,Clear,18.083764441654505
TRIP_03432,2026-08-08 11:28:18,40.73891253180089,-74.03784226071352,40.76933422705215,-73.96502341967478,Clear,19.105942335023023
TRIP_03433,2026-08-10 23:33:55,40.70790423767786,-73.96894915243318,40.74008679097409,-73.97416219531327,Clear,8.068601524781581
TRIP_03434,2026-08-08 13:50:03,40.82642173602235,-74.02040751312113,40.808425571154,-74.01216732186477,Clear,9.975111343654401
TRIP_03435,2026-08-09 12:30:08,40.757251856113996,-73.99847627506131,40.81227057763551,-74.0032266320135,Clear,16.123499873757297
TRIP_03436,2026-08-13 15:25:53,40.74148722105022,-73.99811827207796,40.676882156383,-73.97250522596129,Rainy,28.459386783433157
TRIP_03437,2026-08-01 07:08:30,40.648984779173084,-73.9962522453794,40.694006442728565,-73.99240272910473,Clear,12.644262292911945
TRIP_03438,2026-08-24 12:48:59,40.64838461912682,-74.00720645552275,40.696413971256945,-73.9800125505105,Snowy,27.982623807556404
TRIP_03439,2026-08-22 08:38:22,40.72743577410709,-73.98046996547949,40.734463738488756,-73.92736115816614,Clear,21.866972231062363
TRIP_03440,2026-08-20 22:41:20,40.72007605988841,-74.0457827566913,40.77826336640584,-74.10155770726543,Rainy,22.293656627606858
TRIP_03441,2026-08-05 16:33:08,40.682093871749586,-73.93602910366731,40.70020094516096,-73.90127570697929,Clear,13.963815197217217
TRIP_03442,2026-08-02 09:58:43,40.719849134980606,-74.01782686916843,40.74172208608043,-74.01163248063537,Clear,16.492539797816445
TRIP_03443,2026-08-02 14:24:02,40.79223134640218,-74.07157745689493,40.82241721002431,-74.0377647888554,Clear,13.543945115846322
TRIP_03444,2026-08-02 06:27:08,40.74757012372751,-73.99659633215042,40.86316737108184,-74.00349041528293,Clear,32.116345867407446
TRIP_03445,2026-08-11 21:59:15,40.65574957451236,-74.04855902412237,40.716082591754855,-73.99267119447316,Clear,23.08281781496164
TRIP_03446,2026-08-07 12:34:10,40.70722455864286,-73.97273327327456,40.74825849466424,-73.92533485473335,Clear,17.666268556330095
TRIP_03447,2026-08-03 14:07:06,40.67255167595737,-73.89551972119789,40.66516754135934,-73.8584691567416,Clear,12.237023570679408
TRIP_03448,2026-08-05 05:56:50,40.69341500417957,-74.04532860457789,40.71772269894395,-74.00153183304359,Clear,12.614024799992192
TRIP_03449,2026-08-03 10:37:26,40.69211921671852,-73.9893813833388,40.68772549390312,-73.99174999735396,Rainy,9.307795397902717
TRIP_03450,2026-08-24 20:13:48,40.6889177208698,-74.09377527943523,40.733581046288286,-74.09236399207592,Clear,26.182323950360693
TRIP_03451,2026-08-03 23:35:40,40.650043231401334,-73.98330473852793,40.67425724067338,-73.94073165250342,Clear,11.933696994593477
TRIP_03452,2026-08-13 05:09:19,40.706417265924095,-74.05028568998999,40.692681615535676,-74.05331756427304,Clear,5.8945015373556
TRIP_03453,2026-08-20 20:44:22,40.68476961815764,-74.03724173092172,40.70720335566019,-73.97387267952197,Clear,29.649547331761294
TRIP_03454,2026-08-14 11:54:12,40.56632756549989,-74.061064324492,40.5608450414084,-74.05077205663042,Clear,7.873514840376555
TRIP_03455,2026-08-10 06:36:11,40.815448601225086,-73.96939243869727,40.83998508786521,-73.93433560700146,Clear,13.83125532940673
TRIP_03456,2026-08-25 01:39:25,40.76723848271084,-73.95563478212634,40.76146616321988,-73.87265729654868,Clear,16.162456626254624
TRIP_03457,2026-08-08 18:04:07,40.69398496375375,-74.00483073926708,40.71480959275458,-74.00601743988912,Clear,15.759463119558822
TRIP_03458,2026-08-10 12:08:38,40.71374095248703,-74.0492213352668,40.75625504834508,-74.02715848274146,Clear,12.323822003189159
TRIP_03459,2026-08-20 19:50:10,40.65421728263412,-73.9265238481948,40.67262572287637,-73.87489835325569,Snowy,46.355559236975175
TRIP_03460,2026-08-08 21:15:41,40.79758614389054,-74.04352050638774,40.80585949587537,-73.99498218472144,Snowy,21.253867875833564
TRIP_03461,2026-08-06 09:09:24,40.807664434738655,-74.11410161499637,40.83376272137038,-74.10393607430355,Clear,16.0583685531887
TRIP_03462,2026-08-19 03:18:02,40.720634686412325,-73.98308054950215,40.76155016503611,-73.9785824626278,Clear,9.501055321969185
TRIP_03463,2026-08-17 13:09:05,40.76397653220927,-74.06123873368207,40.75076103411282,-74.04823281165842,Clear,10.967825998333758
TRIP_03464,2026-08-16 08:52:11,40.7215643389467,-73.95656956032504,40.74938402358786,-73.89313382734049,Clear,28.18553627811897
TRIP_03465,2026-08-12 13:25:01,40.6459637280562,-74.02505688483367,40.70548995262672,-74.01343006052447,Clear,19.067534035771352
TRIP_03466,2026-08-10 03:31:27,40.69220883155182,-73.97581433797279,40.72941854045012,-73.95347086719829,Clear,12.652654732056403
TRIP_03467,2026-08-06 22:27:12,40.7193963983386,-73.93592498267239,40.74112902273862,-73.9287285768001,Clear,7.901621241147978
TRIP_03468,2026-08-23 13:35:09,40.69007261406283,-74.06644294323104,40.7292647392638,-74.02527648628715,Rainy,23.008980087559912
TRIP_03469,2026-08-10 04:28:35,40.70186733612825,-74.03429685654461,40.73544222981133,-74.0096311054171,Rainy,11.694395273959866
TRIP_03470,2026-08-12 21:58:45,40.708230022124546,-74.00978355363286,40.75083805539934,-74.01988656795561,Snowy,22.69527711301202
TRIP_03471,2026-08-07 01:13:09,40.70875607510673,-73.92912243404828,40.66803812677724,-73.93818715746933,Clear,9.065157650366567
TRIP_03472,2026-08-16 02:58:07,40.71541292452488,-74.03891913589702,40.68880924051498,-74.07887730289369,Rainy,15.367908930344228
TRIP_03473,2026-08-23 16:03:20,40.65976974668017,-74.03572518479746,40.709914621164664,-74.04066482707123,Clear,17.195616202913655
TRIP_03474,2026-08-19 14:19:57,40.6769491925436,-73.98209297122222,40.65179081725876,-73.93827459711325,Clear,13.325337350609313
TRIP_03475,2026-08-10 09:22:23,40.648570786715005,-74.03486143628552,40.68061694578658,-73.97514862014516,Rainy,35.60067176572938
TRIP_03476,2026-08-12 08:14:28,40.76169077748431,-73.99837370585512,40.77112928780334,-73.9578069549586,Snowy,35.57850986790815
TRIP_03477,2026-08-18 19:00:02,40.60751765290799,-74.08357687104841,40.597631975540104,-74.04693790502918,Rainy,25.674240930263785
TRIP_03478,2026-08-08 06:30:46,40.770479517165846,-73.89528350287218,40.80096900988027,-73.87907928435803,Clear,12.899819749944223
TRIP_03479,2026-08-08 14:58:21,40.782117469863145,-74.07338546151547,40.808148474974644,-74.03013802486805,Clear,12.930615658667985
TRIP_03480,2026-08-05 11:43:57,40.69769097065087,-74.02208763519951,40.78100125021376,-73.99349928850705,Clear,26.335312345207544
TRIP_03481,2026-08-09 20:40:14,40.582643145608635,-74.0076240517921,40.58389880947256,-73.93349058263249,Rainy,42.26300178123834
TRIP_03482,2026-08-15 19:43:36,40.69473447190164,-73.91036559328217,40.75793777550371,-73.89331895270747,Clear,32.02564048950473
TRIP_03483,2026-08-01 21:50:10,40.70959079193556,-74.07224228904664,40.74016347936709,-74.01195204653456,Clear,16.704499450936755
TRIP_03484,2026-08-18 05:16:45,40.662270089003556,-73.90681479322606,40.66243943255728,-73.86059137077153,Clear,6.0802475918069465
TRIP_03485,2026-08-12 04:38:58,40.68703908030959,-73.9681411589449,40.73101647403511,-73.92607786035877,Clear,15.465119813908142
TRIP_03486,2026-08-16 08:28:22,40.789309759943166,-73.98514523377884,40.826281915076784,-74.02548997354269,Snowy,46.701213630824014
TRIP_03487,2026-08-15 03:30:19,40.74604635811509,-74.0552316843509,40.76712165696083,-74.00735599750448,Clear,7.1015487782834334
TRIP_03488,2026-08-23 23:06:58,40.6665717942811,-73.97744293789809,40.69456065497432,-73.96126817726537,Clear,6.582565095757206
TRIP_03489,2026-08-14 03:03:23,40.63292004152023,-74.04217433112099,40.63501043058886,-74.03549212595404,Rainy,6.803237161827801
TRIP_03490,2026-08-14 06:14:43,40.69644913411951,-73.94266693734008,40.691675520361876,-73.96715432857542,Clear,9.22634925856419
TRIP_03491,2026-08-14 12:18:11,40.70212716103248,-74.05455310145538,40.74491042624716,-74.03472071547444,Rainy,18.788332038585228
TRIP_03492,2026-08-16 15:32:14,40.737609959368164,-74.0116579247228,40.75089177663877,-73.99065137681825,Rainy,9.01771669981196
TRIP_03493,2026-08-05 05:58:24,40.68603416437162,-74.03376365440066,40.703631674424145,-74.0528537120551,Clear,8.700660334518155
TRIP_03494,2026-08-21 16:42:58,40.73837497876809,-74.05537614812135,40.76676962664642,-74.07957455330816,Clear,14.291302237680515
TRIP_03495,2026-08-04 17:51:45,40.80955770200301,-73.96893400915461,40.837516352346526,-73.93433542475077,Clear,30.026968695418454
TRIP_03496,2026-08-23 08:27:34,40.75357505112221,-73.97922706262952,40.73069525699299,-73.93307590869767,Clear,25.483370594334993
TRIP_03497,2026-08-03 10:19:22,40.710395574633466,-73.94554949005494,40.76898313722711,-73.91984100275727,Clear,27.37141870973612
TRIP_03498,2026-08-22 04:35:43,40.703642476447335,-74.09499375541041,40.72727794100435,-74.04046871591989,Clear,12.446419714943893
TRIP_03499,2026-08-24 11:35:34,40.69496634329101,-73.95279146488295,40.708886745406346,-73.93538301441349,Clear,10.450061486349579
TRIP_03500,2026-08-23 01:03:23,40.77183204562261,-73.88072755473216,40.8047574257777,-73.86235809296417,Clear,8.982462731371651
TRIP_03501,2026-08-04 06:01:42,40.68143432770243,-74.02858205445885,40.70853059351088,-74.03609289532108,Clear,12.717599935264527
TRIP_03502,2026-08-05 12:35:08,40.71506113545,-73.91124256939455,40.75807301613469,-73.93804982872116,Clear,16.985158776888074
TRIP_03503,2026-08-07 12:41:38,40.71535989509405,-74.01915806360299,40.751499405258585,-73.9435181995872,Clear,22.543551556861264
TRIP_03504,2026-08-18 17:33:20,40.687710790359425,-74.07462048687806,40.729246177229314,-74.02068151537057,Clear,33.935582786477994
TRIP_03505,2026-08-01 12:22:33,40.6441767226058,-74.02128162212034,40.704706539777625,-74.04305699913449,Clear,19.523551458493404
TRIP_03506,2026-08-04 08:07:57,40.728948725180885,-73.95358980161623,40.775457461650014,-73.9289172443813,Rainy,32.30994731628353
TRIP_03507,2026-08-18 15:35:35,,,40.72493521479738,-74.03091021344969,Clear,6.8426461577085895
TRIP_03508,2026-08-18 01:52:10,40.73781202347183,-74.03601693295032,40.72412498878953,-74.0242367071452,Snowy,12.180325783357775
TRIP_03509,2026-08-20 23:35:30,40.686119984678044,-73.97632302838534,40.756153922668176,-73.96859356381978,Clear,15.695715070273856
TRIP_03510,2026-08-24 13:20:31,40.773841064940655,-74.00584699416306,40.78670936374024,-73.97440891975403,Clear,10.403693197676747
TRIP_03511,2026-08-17 07:32:59,40.66896131093941,-73.97676885237566,40.67476808853859,-73.93222358661151,Rainy,18.65443227155664
TRIP_03512,2026-08-19 18:52:38,40.798402014200896,-73.99410852296208,40.76630020966796,-73.96203678789124,Clear,-99.0
TRIP_03513,2026-08-01 00:41:12,40.62541817450859,-73.98201873402242,40.65557236766795,-73.9656342852538,Clear,7.332160715634212
TRIP_03514,2026-08-22 04:11:59,40.734538503227846,-74.02761505929048,40.75900510134646,-74.01233186079722,Clear,8.3948617791536
TRIP_03515,2026-08-03 18:35:46,40.736571534126334,-73.99441345289848,40.71111808603885,-73.94630902339081,Clear,25.932207746960525
TRIP_03516,2026-08-13 10:25:01,40.67302214660296,-74.05236865028479,40.706620367866954,-74.01846530214131,Clear,23.682893370029745
TRIP_03517,2026-08-09 11:35:57,40.73401969689305,-73.94157831887483,40.739073939272004,-73.91939763498377,Clear,4.370439249236727
TRIP_03518,2026-08-19 09:10:06,40.77677593348801,-74.03771373584087,40.87748538370667,-74.01879077476887,Clear,41.27352348781339
TRIP_03519,2026-08-13 08:43:01,40.6019590580323,-73.94955762562253,40.604878222269576,-73.91919951033417,Rainy,20.911914733046217
TRIP_03520,2026-08-22 20:00:26,40.73793724037454,-74.01768034804914,40.744881440408605,-74.01173080870592,Rainy,17.580552788225496
TRIP_03521,2026-08-07 00:57:24,40.5881364589835,-73.99590004946214,40.58189317225587,-73.95125388494289,Clear,10.284299919709103
TRIP_03522,2026-08-16 03:29:07,40.66451675982384,-74.03074822754454,40.7228530554551,-74.04302398439967,Rainy,20.206002905101116
TRIP_03523,2026-08-17 20:50:03,40.79425831824505,-74.0567997715584,40.80307504441111,-74.04914346685139,Clear,13.618267335286422
TRIP_03524,2026-08-04 07:41:25,40.683710898330396,-74.09323801938027,40.68196347371743,-74.05490483651688,Clear,14.028941323071013
TRIP_03525,2026-08-16 18:00:36,40.65410600177955,-74.05876620792962,40.69531465207717,-74.07275269233025,Rainy,36.81552207986232
TRIP_03526,GARBAGE_TIMESTAMP_TEXT,40.70290311355077,-74.0221954426608,40.68149252548837,-74.04938569894028,Clear,10.089121378089445
TRIP_03527,2026-08-06 03:56:38,40.81619531690818,-73.99540604105856,40.85494863329565,-73.97351371079569,Clear,13.265319534312502
TRIP_03528,2026-08-02 22:41:13,40.6212158876397,-73.95548103433583,40.69465787913772,-73.98637477896922,Clear,18.731607185419925
TRIP_03529,2026-08-08 02:34:26,40.660234504418035,-74.02828787298984,40.69723273940309,-74.04725197961139,Clear,16.07158485877609
TRIP_03530,2026-08-02 16:18:41,40.787671584158986,-74.05009803821336,40.82680853364678,-74.00740021465818,Clear,14.691983480197656
TRIP_03531,2026-08-12 22:10:08,40.805685117176886,-74.07813573930014,40.85178692368411,-74.0642792970283,Rainy,15.9014784309489
TRIP_03532,2026-08-25 12:05:13,40.707628438785484,-73.9819968191048,40.77891967964575,-73.92343221061353,Clear,21.609877587032212
TRIP_03533,2026-08-22 10:04:30,40.65084736487367,-73.93684027423353,40.707144183674245,-73.95298470446166,Clear,26.554132411358253
TRIP_03534,2026-08-02 06:16:37,40.81759217509046,-73.94268348660219,40.85078226675865,-73.92550205757117,Clear,13.698228695608888
TRIP_03535,2026-08-14 03:02:42,40.79252211958746,-73.97050336259264,40.83963886160654,-73.9385158259964,Rainy,17.86275678440993
TRIP_03536,2026-08-01 13:37:28,40.746747349388116,-73.97407283413662,40.740169301624164,-73.98918828204049,Clear,9.01996753397142
TRIP_03537,2026-08-23 16:58:48,40.67217988255313,-73.92111881101454,40.71546869027555,-73.87016595387955,Clear,18.942729772472145
TRIP_03538,2026-08-23 10:27:53,40.7103485329581,-73.98939592692916,40.700181853822585,-73.95407556043418,Rainy,23.177054341698106
TRIP_03539,2026-08-07 12:39:07,40.70478199594776,-73.9736935161988,40.71377132338881,-74.00197212879942,Clear,9.68427892980746
TRIP_03540,2026-08-09 06:56:21,40.72934256523078,-74.0220391930926,40.656865699976485,-74.00317144697885,Clear,19.487506003521695
TRIP_03541,2026-08-09 10:33:26,40.78535007190657,-74.07410216854274,40.817392961687595,-74.04252346645498,Clear,20.822492998706544
TRIP_03542,2026-08-18 21:02:49,40.756770852056874,-74.04019244502499,40.75745469172362,-74.03789414523082,Clear,5.302358058260941
TRIP_03543,2026-08-16 07:54:07,40.65893119615076,-74.00645795192673,40.712265552606894,-74.030853899092,Clear,17.948318933804646
TRIP_03544,2026-08-06 01:15:57,40.78162482250098,-74.00296073137494,40.81333060081914,-73.97460696769151,Clear,12.233486990135804
TRIP_03545,2026-08-21 08:50:20,,,40.78217948384171,-73.82334841874875,Clear,39.33357496730117
TRIP_03546,2026-08-15 23:33:46,40.74715328979295,-74.00193614162045,40.73464539345277,-73.99354566459517,Snowy,14.157751670953008
TRIP_03547,2026-08-22 10:19:43,40.78612704296393,-73.94705782779872,40.83727862407872,-73.87998059236017,Clear,31.69836611473225
TRIP_03548,2026-08-15 15:27:05,40.657220987524326,-74.02775386207881,40.74039667785522,-74.03032252673165,Clear,23.03732808943768
TRIP_03549,2026-08-03 05:22:57,40.71100872106468,-74.02158379428826,40.753933470062634,-73.99511742523796,Rainy,14.387411831764965
TRIP_03550,2026-08-03 20:44:43,40.68622727243204,-74.07245038186117,40.72993774269281,-74.02930470593489,Clear,33.40790989353829
TRIP_03551,2026-08-08 01:06:16,40.63440702873173,-74.04311640064383,40.659494959023576,-74.02336881062297,Clear,8.193921740222414
TRIP_03552,2026-08-07 00:35:46,40.730135498880244,-73.97965093043182,40.734395435463284,-73.96858299989826,Clear,7.983631425794622
TRIP_03553,2026-08-04 11:15:20,40.83837782757922,-74.00562199098029,40.88121359876027,-73.96383816533978,Clear,19.74366361499202
TRIP_03554,2026-08-18 13:45:27,40.62079611277471,-73.95885306900514,40.59561362546265,-73.88210941554706,Clear,19.942288777762506
TRIP_03555,2026-08-11 15:46:21,40.71118596944753,-73.99693730258275,40.7186533156999,-73.96791969484357,Clear,10.751651475934372
TRIP_03556,2026-08-06 23:44:57,40.74482714675374,-74.02362268658189,40.71169544268363,-74.0191044918778,Rainy,12.980981900604618
TRIP_03557,2026-08-17 03:11:49,40.71895391008281,-73.89858515681065,40.71784421876336,-73.88427770352844,Clear,5.305135238365237
TRIP_03558,2026-08-08 11:35:39,40.70714359737421,-74.01069517843565,40.74640495013102,-73.91510394906629,Clear,22.449500129337295
TRIP_03559,2026-08-02 03:43:24,40.64783918182771,-73.94784995151474,40.683000983114326,-73.92380273802459,Clear,10.752514954037
TRIP_03560,2026-08-21 21:09:30,40.72443933714701,-74.02606046032723,40.745966748013075,-74.02389287128457,Rainy,16.39056594142257
TRIP_03561,2026-08-15 08:40:38,40.6749618011492,-73.97052002603083,40.700073830971064,-73.9848720635253,Clear,15.654748625672873
TRIP_03562,2026-08-02 06:40:49,40.60330391475107,-73.95959921704241,40.56672797621515,-73.9943762498658,Rainy,19.952218585852215
TRIP_03563,2026-08-23 11:06:31,40.77252961102569,-73.99557540147121,40.78135274260856,-73.96466787325583,Clear,11.985205688751448
TRIP_03564,2026-08-19 21:55:15,40.76071929099211,-74.12372414613483,40.76027874279905,-74.0840848863501,Clear,11.109127458995498
TRIP_03565,2026-08-08 18:05:01,40.715383048842554,-74.00508737695719,40.71561125812712,-73.99698826235615,Clear,12.291229722218054
TRIP_03566,2026-08-02 07:58:41,40.72425373441029,-73.944476997612,40.762241093244704,-73.92492611015292,Clear,11.058336469239848
TRIP_03567,2026-08-21 20:42:51,40.76651590063578,-73.97962595834862,40.76070068084062,-73.99473980962728,Clear,16.789862562815497
TRIP_03568,2026-08-20 23:02:58,40.724016982838904,-73.98370805623854,40.725876557335084,-73.95972020229371,Clear,9.513470699881236
TRIP_03569,2026-08-16 02:07:50,40.75800087773807,-74.09211284669787,40.71538880036678,-74.05766798708086,Rainy,16.560410038242168
TRIP_03570,2026-08-12 17:44:42,40.69792588995631,-74.04202275353376,40.709102194545025,-74.03807768154878,Rainy,15.961028077792868
TRIP_03571,2026-08-13 20:58:02,40.7783991869287,-73.98543211844243,40.7657640604973,-73.91471853835486,Clear,32.611484768734904
TRIP_03572,2026-08-06 22:02:56,40.72883928629663,-73.98548083616066,40.751215374157326,-73.99059402596306,Rainy,8.156020759754673
TRIP_03573,2026-08-01 13:54:19,40.722502597180295,-73.94526666099335,40.71396935577802,-73.91676236287279,Clear,8.156501792885255
TRIP_03574,2026-08-07 08:00:09,40.6492969455644,-74.0132433377573,40.672433212930876,-73.96779382116617,Clear,22.66677680764499
TRIP_03575,2026-08-13 11:03:06,40.72714779271509,-73.98570879566631,40.74280721989282,-73.9680274806708,Clear,12.619245675175003
TRIP_03576,2026-08-10 21:24:28,40.67120225412528,-74.00518128790344,40.74136350731655,-73.99083559247028,Clear,22.07063294249907
TRIP_03577,2026-08-07 14:18:38,40.68088586367357,-74.05534713682508,40.71580240308717,-74.07821312133856,Clear,12.375503161452542
TRIP_03578,2026-08-14 20:45:17,40.672031218584195,-74.11878956655474,40.63684208240733,-74.05806932168325,Clear,28.84057537533801
TRIP_03579,2026-08-10 02:05:21,40.65948825340504,-73.9844495153935,40.64154158808196,-73.96954631144352,Snowy,13.298490063395175
TRIP_03580,2026-08-23 21:40:45,40.81903857015085,-73.99730263957936,40.84069481042062,-73.96118167683132,Clear,13.257781582173843
TRIP_03581,2026-08-21 20:55:07,40.77936695309942,-74.036908752105,40.77147151464764,-73.99672713746921,Rainy,27.913591558354113
TRIP_03582,2026-08-01 02:28:53,40.808818375107215,-74.0869586528258,40.73976732220014,-74.08580760758633,Clear,19.898764981588393
TRIP_03583,2026-08-06 00:17:41,40.65165524902223,-73.97451302427956,40.71214163843724,-73.9604388824083,Clear,14.663638258755082
TRIP_03584,2026-08-23 16:57:52,40.71636268749555,-74.01929600370978,40.75796940800271,-73.95926153318747,Rainy,19.758317764049366
TRIP_03585,2026-08-01 21:30:22,40.6481246187398,-73.97815626388159,40.683753924944554,-73.9916721938538,Clear,12.43081857321642
TRIP_03586,2026-08-08 11:50:45,40.67801525614015,-73.91279757347941,40.67979556477602,-73.82896003123669,Rainy,25.797974304614417
TRIP_03587,2026-08-19 16:59:15,40.666893650829174,-74.11307154401598,40.69972395395947,-74.11541772757427,Clear,13.085634267031796
TRIP_03588,2026-08-19 04:21:18,40.77477920032208,-74.04098004043512,40.773648390595454,-74.05636556413432,Snowy,9.987136096278867
TRIP_03589,2026-08-04 04:04:24,40.692988516094914,-74.01646878066559,40.71913423510144,-73.99249951004494,Clear,8.980199290432239
TRIP_03590,2026-08-24 00:49:27,40.766218966684704,-73.93325869129266,40.75860146990961,-73.84700824336247,Clear,11.702149468867992
TRIP_03591,2026-08-15 20:59:18,40.74300604447943,-74.08782015096033,40.80849469799611,-74.12514912902809,Clear,37.72473921036718
TRIP_03592,2026-08-23 13:58:05,40.827981937605244,-73.90920694871598,40.80087483798279,-73.89343742027067,Rainy,14.385567740102385
TRIP_03593,2026-08-18 07:36:21,40.63882778884302,-73.99920720492169,40.69579630372834,-73.964919254404,Clear,19.42551767992606
TRIP_03594,2026-08-08 05:09:02,40.77576166198934,-74.0108000330867,40.79692913682986,-73.98979053433062,Snowy,15.79097792521088
TRIP_03595,2026-08-13 06:29:03,40.77012204352004,-74.01590298816095,40.77543803365978,-73.98444533806085,Clear,12.910441956561483
TRIP_03596,2026-08-13 05:15:21,40.66413105809865,-74.027813151609,40.68914114574952,-74.02935414407416,Clear,6.543316928206083
TRIP_03597,2026-08-21 00:29:23,40.76315666682366,-73.95359416203654,40.80515710703901,-73.95158581741448,Clear,8.88930916227498
TRIP_03598,2026-08-13 01:19:59,40.72960724815131,-74.05942603770413,40.790609650252144,-74.0438787171189,Clear,13.905499447587099
TRIP_03599,2026-08-19 05:42:48,40.70142618700233,-73.9887292909178,40.73082047769634,-74.00262593355488,Clear,8.084018543228861
TRIP_03600,2026-08-09 04:36:15,40.6716032256514,-74.02520908328535,40.66488234309353,-74.00654967532856,Clear,5.136668501055599
TRIP_03601,2026-08-04 19:28:30,40.67684452742754,-74.0441066724257,40.69851343114051,-74.03576903123584,Rainy,26.336299200428897
TRIP_03602,2026-08-13 16:40:24,40.8152906047893,-73.87670124121581,40.88979440188917,-73.87080259677046,Clear,21.895404073882577
TRIP_03603,2026-08-13 15:19:41,40.71283414094788,-73.98504746326233,40.77326448351325,-73.95543227088437,Clear,23.280361889044922
TRIP_03604,2026-08-10 19:59:47,40.75190650007657,-73.97533672276694,40.799169404420304,-74.00995650756292,Clear,30.62903049405867
TRIP_03605,2026-08-23 19:32:42,40.67325503091662,-73.94911116096657,40.71712564152029,-73.93598386406806,Snowy,43.56943917896727
TRIP_03606,2026-08-13 17:36:35,40.67380735268892,-74.07706749726593,40.71479085540712,-73.98754688429749,Clear,39.12277902058347
TRIP_03607,2026-08-24 05:14:54,40.7668992404625,-73.9183854045439,40.8216618854978,-73.93096869513367,Clear,15.938151677740379
TRIP_03608,2026-08-02 03:13:03,40.645321189422425,-74.13144785892476,40.65162232585077,-74.07288284403023,Clear,9.716808480954333
TRIP_03609,2026-08-18 19:47:40,40.69203931160474,-74.04443832050192,40.671386729631486,-74.02279863687454,Rainy,26.542935161930764
TRIP_03610,2026-08-08 10:45:48,40.71450137055361,-74.02895158365895,40.73657147557572,-74.0270403179254,Snowy,26.265430284202704
TRIP_03611,2026-08-13 07:45:42,40.718368630092,-73.97691383175147,40.71384118248867,-73.99653308153736,Snowy,12.51709658387908
TRIP_03612,2026-08-09 07:45:46,40.70384533574919,-73.99506408669292,40.69219471308788,-73.97087362773436,Snowy,19.487522397589704
TRIP_03613,2026-08-01 23:11:36,40.7325909890548,-74.01434073703491,40.73098263175716,-73.95073882386048,Clear,11.40224241620862
TRIP_03614,2026-08-25 13:24:53,40.747442787790895,-74.00659986723139,40.8420022055269,-73.99827620158729,Clear,24.420555602915112
TRIP_03615,2026-08-16 18:59:15,40.749531877272965,-74.05490115117613,40.77361561629524,-74.03732999391823,Clear,19.857098769528093
TRIP_03616,2026-08-07 02:22:07,40.66350980956661,-74.0808616197242,40.69436704465744,-74.03055049421849,Clear,11.713807810992888
TRIP_03617,2026-08-21 20:45:51,40.69859224510356,-73.9696744188832,40.68192136089343,-73.93944829514281,Clear,24.774768660136672
TRIP_03618,2026-08-03 23:42:21,40.77253814309385,-73.97131469437319,40.73722555433007,-73.99848296776493,Clear,-99.0
TRIP_03619,2026-08-14 21:33:35,40.75753235937869,-73.92677528124214,40.75296078008513,-73.90380866476649,Clear,7.818953559111172
TRIP_03620,2026-08-21 04:18:41,40.64415702742595,-74.04550085484077,40.70730289498221,-73.9801338075208,Clear,17.332321423135774
TRIP_03621,2026-08-21 20:01:52,40.73037399501761,-73.97135923948495,40.7604022589999,-73.95246747507898,Clear,18.27708466457803
TRIP_03622,2026-08-03 14:50:52,40.61388873753126,-74.02018533641824,40.651846590274594,-74.08243001930256,Clear,18.751276674990276
TRIP_03623,2026-08-25 01:24:34,40.71514674510302,-73.94647625074033,40.75730372627908,-73.9148298009926,Rainy,14.923138205316699
TRIP_03624,2026-08-12 22:27:45,40.8076883508373,-73.95490186116609,40.809947869443356,-73.94085555435241,Clear,6.1097518353060245
TRIP_03625,2026-08-17 15:48:55,40.665405364136554,-73.99543953003878,40.727044331655755,-74.03031236245641,Snowy,29.924232335377322
TRIP_03626,2026-08-09 02:21:30,40.67108384772542,-74.0229765078333,40.67209961974876,-74.05335275053491,Clear,8.049397282285435
TRIP_03627,2026-08-14 02:37:22,40.75100148907865,-73.95795339106958,40.813188459856526,-73.90870017677092,Clear,20.2982216354281
TRIP_03628,2026-08-21 18:23:31,40.63565992423952,-73.97365477383717,40.66892898892358,-73.97562625620502,Clear,22.43939898878176
TRIP_03629,2026-08-13 04:32:43,40.68116224850575,-74.04022202010431,40.64749089387836,-74.0474469115264,Clear,8.519998736166933
TRIP_03630,2026-08-15 18:33:02,40.74262205687909,-74.07238993367397,40.740181772281076,-74.05345909050193,Rainy,19.23041301914807
TRIP_03631,2026-08-07 10:59:09,40.68108570761553,-74.02042664503409,40.64753755162937,-74.0197527349837,Clear,19.810119418133233
TRIP_03632,2026-08-08 01:45:44,40.70100150063945,-73.93022930923259,40.755899964623275,-73.90722785039925,Rainy,22.905531701821037
TRIP_03633,2026-08-07 20:08:38,,,40.76926722289168,-73.93475724294645,Clear,17.122865678305207
TRIP_03634,2026-08-01 00:37:56,40.73387730417683,-74.06161637348353,40.687027030978335,-74.07761624088634,Clear,10.203392699915277
TRIP_03635,2026-08-01 15:02:31,40.726140919814775,-74.064387870795,40.75741332626637,-74.05972380475184,Clear,12.041843149935653
TRIP_03636,2026-08-13 20:03:16,40.6958438860365,-73.94226580751602,40.69972895816485,-73.90898320787674,Clear,19.6111101299619
TRIP_03637,2026-08-10 03:19:58,40.73130305576345,-74.0627817952379,40.70678888011245,-74.04152425403073,Clear,10.343581852466263
TRIP_03638,2026-08-12 12:35:15,40.70661336599501,-73.9805352338179,40.77695234110407,-73.96299350828966,Clear,22.430991005026158
TRIP_03639,2026-08-19 06:32:47,40.73569028049629,-74.03680356076681,40.75890885647919,-73.95868203353143,Rainy,28.791314685107388
TRIP_03640,2026-08-02 00:13:19,40.6879533987441,-73.92514775377391,40.6991504566747,-73.88321662801235,Clear,8.80548373375877
TRIP_03641,2026-08-05 14:41:20,40.703671551281026,-74.0445212399569,40.711688807851445,-73.99894800201226,Clear,11.513898191602308
TRIP_03642,2026-08-02 10:15:18,40.6633021103724,-73.9488319234897,40.637903726297665,-73.93381097572356,Snowy,26.730946096796472
TRIP_03643,2026-08-04 09:53:21,40.71104961949969,-73.99675706729698,40.691913152512164,-73.97015271158645,Clear,19.216245361875945
TRIP_03644,2026-08-12 01:01:40,40.67224995681856,-73.99339025728828,40.73079746036481,-73.98632325697406,Clear,12.685189242931347
TRIP_03645,2026-08-12 01:17:15,40.657097677491905,-74.10451542906758,40.662881191398334,-74.06118893610186,Clear,11.720803545159619
TRIP_03646,2026-08-19 14:24:29,40.72573305739277,-74.11614566766029,40.746395088420876,-74.09945766478326,Rainy,12.520117574884043
TRIP_03647,2026-08-16 05:26:14,40.72343698879288,-74.01702829701337,40.68210707450685,-73.99035696454546,Clear,15.637785395208024
TRIP_03648,2026-08-12 21:11:09,40.75194368674743,-73.99365469682917,40.732400925673566,-73.96883635776452,Clear,8.164219127143332
TRIP_03649,2026-08-21 14:54:58,40.691243721521246,-74.06225989138689,40.72953809711749,-74.04280489782906,Snowy,26.05996824326006
TRIP_03650,2026-08-04 09:57:18,40.73320264234184,-74.06043467052382,40.76453399514525,-73.95228902850914,Rainy,52.78222422228681
TRIP_03651,2026-08-23 13:09:48,40.74033987861368,-73.97792636850869,40.81294113457541,-73.97792494683353,Clear,22.198935540638058
TRIP_03652,2026-08-22 10:49:01,40.73503869039158,-73.97785727597714,40.79532738034052,-73.97812862188191,Rainy,36.05342789185374
TRIP_03653,2026-08-11 07:18:56,40.671517315859894,-74.0128870530194,40.68459598668535,-73.97206415061504,Rainy,17.278778231439688
TRIP_03654,2026-08-16 03:13:21,40.72026817411356,-73.9669899139407,40.75445678105496,-73.96484498391295,Clear,10.343177684618507
TRIP_03655,2026-08-17 10:57:25,40.731007014802735,-74.06471011478601,40.741508911515645,-74.05345230562648,Clear,9.153713221290019
TRIP_03656,2026-08-03 03:52:44,40.7131589233454,-74.02379674585436,40.79480321790456,-74.03638907445503,Rainy,27.328128280432495
TRIP_03657,2026-08-17 19:20:19,40.608476117081445,-73.92360611971081,40.66294655796302,-73.88885938212873,Clear,32.533831580584106
TRIP_03658,2026-08-10 22:55:11,40.720824481198676,-74.00258389350302,40.74591503392441,-73.9674561761685,Clear,13.470371944003482
TRIP_03659,2026-08-08 02:28:52,40.82342655196987,-73.99968437427064,40.84943839551616,-73.98914013606834,Rainy,11.357415463143298
TRIP_03660,2026-08-10 23:06:56,40.694798036562155,-73.89070267070161,40.75814354517995,-73.84925817004721,Rainy,23.51755747091578
TRIP_03661,2026-08-10 06:49:19,40.67639614510723,-74.07596710829245,40.71378348052065,-74.11171085870446,Clear,13.550096448833477
TRIP_03662,2026-08-14 11:07:56,40.73146742798557,-73.9661784816679,40.79822626849767,-73.96738408371333,Clear,20.276747359198172
TRIP_03663,2026-08-07 04:00:46,40.72841891052333,-73.9228006860096,40.682609472735564,-73.90790006159592,Clear,12.682041704034583
TRIP_03664,2026-08-09 11:53:17,40.77243675827082,-74.02224289632493,40.80627360611579,-74.03741137123201,Clear,12.299374151257497
TRIP_03665,2026-08-11 09:09:49,40.64990659220456,-73.96301846065725,40.65444354626412,-73.99547985177982,Snowy,27.009573209843705
TRIP_03666,2026-08-01 19:57:42,40.74936901262875,-74.05510097486055,40.82206035225759,-74.0443378538117,Clear,32.14715922417534
TRIP_03667,2026-08-02 10:24:33,40.74232110306257,-74.04033661977837,40.80871306367827,-73.99951601716656,Clear,32.36748399403981
TRIP_03668,2026-08-09 00:54:30,40.705692673152974,-73.98675167919762,40.72667774742602,-73.92828842745483,Snowy,23.030169427142404
TRIP_03669,2026-08-06 21:01:46,40.729734365896086,-73.96607166634448,40.79580329526042,-73.96249030284064,Clear,16.914979092514102
TRIP_03670,2026-08-01 23:23:49,40.76427287407992,-73.94995317437969,40.837766309679694,-73.90795669925105,Clear,-99.0
TRIP_03671,2026-08-04 12:35:46,,,40.77864796915921,-73.88842230951074,Clear,10.364802026920255
TRIP_03672,2026-08-02 08:11:45,40.65564903439631,-74.00937232792776,40.74980704756927,-73.95281408269773,Clear,45.23163806674159
TRIP_03673,2026-08-20 03:14:03,40.75380790933777,-73.94631941224137,40.772867674757684,-73.93682514315199,Clear,5.837467732970439
TRIP_03674,2026-08-05 09:43:43,40.70956556974838,-74.02311524217245,40.7231299412383,-74.05707025702799,Clear,20.792291360028276
TRIP_03675,GARBAGE_TIMESTAMP_TEXT,40.716443704900776,-73.96089543442059,40.762419882558305,-73.93878985884791,Clear,14.174822976138186
TRIP_03676,2026-08-01 17:51:56,40.716459849550084,-73.99562556010738,40.72584612761582,-74.00603937233647,Rainy,18.482106192638838
TRIP_03677,2026-08-14 16:05:05,40.70528785056009,-73.98371610464591,40.72784804383394,-73.98542125791776,Clear,10.633283417399955
TRIP_03678,2026-08-10 18:31:41,40.772385374855354,-73.9848246062989,40.83466840757688,-73.9738611806205,Clear,32.62645597606707
TRIP_03679,2026-08-25 02:32:49,40.70861410200754,-74.08623525048989,40.72919066757405,-74.07640307943036,Clear,6.368110579801745
TRIP_03680,2026-08-15 19:03:31,40.65682269358084,-74.06220609294304,40.62597215979158,-74.03795931493617,Clear,24.800963725314727
TRIP_03681,2026-08-18 09:21:53,40.69312350720151,-74.00087292800913,40.72414308883699,-73.95977823851655,Clear,25.46933728519957
TRIP_03682,2026-08-19 16:41:56,40.72173473584053,-74.09036395398206,40.720845928468954,-74.08139602148034,Snowy,12.495990785308205
TRIP_03683,2026-08-04 04:06:50,40.77426073921485,-73.96443944484001,40.82021887393369,-73.93256851964178,Clear,12.293590383736744
TRIP_03684,2026-08-19 07:00:55,40.74295473424744,-73.9624222016856,40.783840425722225,-73.94197772138769,Clear,13.940198278478782
TRIP_03685,2026-08-08 18:16:40,40.67027323606265,-73.98964147235611,40.734415246507645,-73.94157664047975,Clear,36.66656932627544
TRIP_03686,2026-08-20 22:47:08,40.83705949583395,-74.0620567006379,40.884285464857726,-74.04771445617108,Clear,14.157345825715169
TRIP_03687,2026-08-19 15:52:57,40.7260387655489,-73.93699305305657,40.77874609405864,-73.9193608533298,Rainy,18.29682705338896
TRIP_03688,2026-08-13 18:36:26,40.77656953689995,-73.90413946801408,40.776496634095814,-73.89537148145405,Snowy,15.410180112320173
TRIP_03689,2026-08-02 03:11:49,40.70521427832114,-73.99864615862771,40.74933387319785,-73.98351361482646,Clear,8.100505456177586
TRIP_03690,2026-08-03 20:56:18,40.739467962235274,-73.98047323107744,40.818521500916084,-73.98397787492782,Rainy,48.57664507478372
TRIP_03691,2026-08-22 03:03:47,40.75477342522592,-73.9959130672602,40.75411392796682,-74.00239098584451,Clear,7.595165329379005
TRIP_03692,2026-08-11 12:52:42,40.773709735587715,-73.97948154055005,40.84770188433953,-73.93620857899157,Clear,24.568701585149928
TRIP_03693,2026-08-07 13:03:39,40.76566841526891,-74.01197793783132,40.76918791253287,-74.02447398832686,Rainy,7.02201025526421
TRIP_03694,2026-08-12 12:56:40,40.75640985000365,-74.00772821199219,40.75085071265215,-73.99730175468312,Clear,6.936090436516164
TRIP_03695,2026-08-09 01:34:52,40.6970456634403,-73.96071411997514,40.72593167674094,-73.91025383638701,Clear,15.45909856322925
TRIP_03696,2026-08-12 16:03:58,40.6842126979022,-73.88871879190518,40.72569001038606,-73.87929981575529,Clear,15.360214167243154
TRIP_03697,2026-08-14 20:40:07,40.72943037551621,-74.07600356172009,40.77678287923538,-74.03114134810951,Clear,36.560549646208706
TRIP_03698,2026-08-01 12:27:02,40.75945640361706,-74.01119062422015,40.750603530993864,-74.00892199584196,Clear,6.777007586557456
TRIP_03699,2026-08-14 18:58:05,40.70166396496117,-74.0650230242616,40.7347001678788,-74.07655793245212,Rainy,28.173276763418748
TRIP_03700,2026-08-04 19:00:59,40.766058598285724,-73.92639875507119,40.76549196114122,-73.95424353071822,Clear,15.282880433245325
TRIP_03701,2026-08-10 12:11:10,40.78543083727431,-74.035386898466,40.760763169592195,-73.97600517638782,Clear,16.453925081079234
TRIP_03702,2026-08-04 16:46:52,40.66698395404633,-74.0781600396893,40.65912186458035,-74.09226617513832,Clear,9.825046824424337
TRIP_03703,2026-08-03 09:52:45,40.67095396481019,-73.97409065005758,40.66842695383151,-73.93167505235382,Clear,19.680840157724113
TRIP_03704,2026-08-19 20:03:56,40.70578124705474,-73.91878444426284,40.741429101865315,-73.92878285506664,Rainy,29.948943800110882
TRIP_03705,2026-08-14 05:11:30,40.72818063340946,-73.97282010657196,40.78274704330152,-73.91329858903376,Snowy,30.721717837270432
TRIP_03706,2026-08-02 16:00:16,40.68657164931165,-73.9957601061359,40.6623754504154,-73.90955662439745,Snowy,35.91353191947496
TRIP_03707,2026-08-25 04:47:13,40.780410133943356,-73.9855429538612,40.8109689661696,-74.0161388556519,Clear,10.595163392171848
TRIP_03708,2026-08-20 09:20:24,40.734003343075926,-73.93525796685873,40.7187023975028,-73.9478006598835,Snowy,22.96290811589264
TRIP_03709,2026-08-03 02:59:17,40.71477235241204,-74.0497099635007,40.75364491468246,-74.00651600758661,Clear,12.531994703997553
TRIP_03710,2026-08-24 22:49:35,40.64100452380657,-74.01159235520431,40.64232260637646,-73.97620106750334,Clear,9.729039973578136
TRIP_03711,2026-08-07 00:47:16,40.64700920917863,-74.02863450742548,40.635469338637925,-73.98532685178267,Rainy,11.694803438651494
TRIP_03712,2026-08-08 05:33:25,40.72685046251409,-74.06439326536459,40.770840397974524,-74.06160593187671,Clear,9.368038007456448
TRIP_03713,2026-08-10 16:50:27,40.60617021869226,-74.02241876297084,40.60856254052891,-73.94279273814014,Clear,17.49393004699619
TRIP_03714,2026-08-04 12:20:58,40.76343187048221,-73.95061394520087,40.773952951941624,-73.92707246120018,Snowy,16.22823886950574
TRIP_03715,2026-08-19 15:30:12,40.704892307781385,-73.97766989258037,40.658292635154694,-73.99417876988566,Rainy,23.176590405164443
TRIP_03716,2026-08-05 11:38:58,40.874954648479736,-73.97378447499459,40.92335118932244,-73.96137892999587,Clear,13.642981060670015
TRIP_03717,2026-08-09 04:03:41,40.82819581253081,-73.99867621941733,40.87282306816588,-74.0147832263042,Rainy,16.352874602597677
TRIP_03718,2026-08-16 10:28:40,40.70372754653763,-73.97983381086357,40.72389128186607,-73.91210557010695,Rainy,35.35767783174336
TRIP_03719,2026-08-24 04:56:10,40.70748314987343,-74.0460295171174,40.68165572163276,-74.04583945500141,Snowy,14.155750866053934
TRIP_03720,2026-08-09 16:27:21,40.7625790757001,-74.02147549429637,40.818860151050146,-73.98670098975403,Clear,21.896844725404435
TRIP_03721,2026-08-11 20:05:25,40.797958630495906,-73.99639978815156,40.797970728905085,-73.99051998250103,Rainy,14.178761358850316
TRIP_03722,2026-08-16 18:13:34,40.6308985471282,-73.99212420705591,40.63729794362518,-73.99058582634878,Rainy,13.25804962383907
TRIP_03723,2026-08-10 20:54:35,40.62348122673227,-73.9899906072539,40.712842548423055,-74.02729823269233,Clear,48.29968106580346
TRIP_03724,2026-08-22 20:01:12,40.68169825972228,-74.01291676410082,40.680589166399,-73.9749715260111,Clear,22.15800858422778
TRIP_03725,2026-08-11 11:32:21,40.74193687915869,-74.02487117005651,40.78420317803149,-73.96589573247763,Clear,16.673737247886024
TRIP_03726,2026-08-21 08:43:06,40.737643679525384,-73.84811143584778,40.774506447387864,-73.85559046328873,Clear,18.88477712360823
TRIP_03727,2026-08-17 09:37:58,40.7662885727492,-73.96066063635338,40.7979937385356,-73.98701750980334,Snowy,37.082734372305495
TRIP_03728,2026-08-07 18:45:24,40.65281512358174,-73.98534262620237,40.68127513985837,-73.94124314492024,Clear,26.514856618582574
TRIP_03729,2026-08-11 01:32:31,40.59699280685156,-74.01766042491032,40.62828446370823,-74.0470476653835,Clear,9.895940957529977
TRIP_03730,2026-08-10 11:40:22,40.75570070976511,-74.0285609413472,40.78385892749333,-73.97197495326874,Rainy,23.4373777044297
TRIP_03731,2026-08-11 00:19:09,40.671390186351736,-74.01254002968635,40.68983263558845,-74.01967188337498,Clear,6.234752959746402
TRIP_03732,2026-08-19 22:20:56,40.61187560678057,-73.99135855782066,40.677214100503896,-74.0044573401054,Clear,16.601338745343693
TRIP_03733,2026-08-11 02:58:47,40.72005318729797,-74.10002177720315,40.70067337047399,-74.07256790456921,Clear,11.408539545541027
TRIP_03734,2026-08-22 09:01:50,40.75245878441093,-74.08446947976873,40.803102527531394,-74.09561365831907,Clear,25.590452301847748
TRIP_03735,2026-08-04 15:05:42,40.70669714339394,-74.03784411944694,40.75136741235457,-74.03905745188574,Snowy,21.733544477139752
TRIP_03736,2026-08-17 14:53:35,40.68990758069088,-73.99564302816107,40.73085955433076,-73.96502357018093,Rainy,19.302690952381308
TRIP_03737,2026-08-24 07:55:28,,,40.75834127122191,-74.07083702747259,Clear,20.244703375263757
TRIP_03738,2026-08-18 13:57:01,40.694270861879964,-73.93209393869503,40.711492880021915,-73.86282136131719,Snowy,31.40057564584755
TRIP_03739,2026-08-16 21:46:52,40.64539764440299,-74.08011983934979,40.609328422128186,-74.05881063537582,Clear,12.748548963921287
TRIP_03740,2026-08-06 08:11:41,40.67706596615048,-74.04356727348016,40.69489718635904,-74.06235625385227,Clear,19.56759144400913
TRIP_03741,2026-08-07 04:57:54,40.73886399525069,-73.92999541295045,40.72912816872195,-73.94051277402905,Clear,3.6407898946956765
TRIP_03742,2026-08-08 11:00:09,40.72888392706883,-73.99944403376624,40.726928150773084,-73.94969464241841,Snowy,23.10076523507244
TRIP_03743,2026-08-11 22:19:04,40.721202990298345,-73.96175787085994,40.70393040008337,-73.92372628280772,Clear,9.500608062309515
TRIP_03744,2026-08-13 17:09:52,40.66304257590733,-73.90343765283653,40.66872223015402,-73.84183423311798,Clear,30.536980737505942
TRIP_03745,2026-08-25 16:50:35,40.70372484189322,-74.04069022089509,40.705826131073714,-74.04117250623922,Clear,2.5270318391019764
TRIP_03746,2026-08-09 17:15:06,40.60394674767786,-74.0109657168896,40.552619652780045,-73.98206820177508,Clear,32.19726261858063
TRIP_03747,2026-08-25 11:25:35,40.72172383319427,-74.01962134504655,40.76273049053274,-73.98682430769304,Snowy,26.138879934228783
TRIP_03748,2026-08-21 11:11:25,40.78424288539068,-74.10372965022417,40.87085254113083,-74.0628716252166,Clear,28.509759679661364
TRIP_03749,2026-08-04 11:22:39,40.63909339339789,-74.02151984018779,40.67728050920278,-73.96770140648484,Rainy,21.004744736819482
TRIP_03750,2026-08-24 02:15:33,40.683503616334114,-73.96194689063097,40.69741589763809,-73.9634648078063,Clear,7.314252358340937
TRIP_03751,2026-08-06 16:43:40,40.72925533893551,-73.97897052290939,40.74761294706522,-73.96239563094221,Rainy,11.254042334036017
TRIP_03752,2026-08-16 06:07:06,40.77544213172138,-73.9750458415306,40.782812555680984,-73.97335033389801,Rainy,9.039051674555965
TRIP_03753,2026-08-21 04:54:06,40.69038876918499,-74.02477544903198,40.713090016701,-74.00635380523266,Clear,8.003173833055977
TRIP_03754,2026-08-18 17:47:38,,,40.697077240714506,-73.9978518783384,Clear,22.779562115149847
TRIP_03755,2026-08-21 01:48:56,40.6143538428792,-73.94253721640507,40.60912238996725,-73.97215828141289,Snowy,9.807797740001957
TRIP_03756,2026-08-08 01:17:50,40.71797190646541,-74.03086585731788,40.78845855813384,-73.9775847102341,Rainy,24.815266122960395
TRIP_03757,2026-08-20 08:11:21,40.81490380200719,-73.99129589806034,40.79028917493589,-74.00547136178825,Clear,15.390035682120565
TRIP_03758,2026-08-19 07:21:07,40.72666792309823,-73.99783326596612,40.768217869394064,-73.98705437555704,Clear,12.183694334921205
TRIP_03759,2026-08-10 17:46:55,40.711686051040815,-73.93291414918714,40.72865012222129,-73.87559589143815,Rainy,32.85873291823141
TRIP_03760,2026-08-11 20:25:13,40.72890411553835,-73.95742938211639,40.80592906999032,-73.92758909057689,Clear,39.02094986862155
TRIP_03761,2026-08-15 13:11:35,40.71224539980257,-74.07076293103336,40.74247133778002,-74.04057703258545,Clear,14.430968734487728
TRIP_03762,2026-08-03 11:56:57,40.67214928138699,-74.06537765833875,40.681352115271494,-74.0807964396976,Snowy,15.028145358342266
TRIP_03763,2026-08-07 06:53:56,40.753963995783884,-73.97705450909655,40.76653277983085,-73.98837708717126,Snowy,15.58002502242428
TRIP_03764,2026-08-19 13:00:38,40.72408807615559,-74.00921688236896,40.74528527699118,-73.96097919046889,Rainy,16.661752867600168
TRIP_03765,2026-08-25 21:09:17,40.71368066259669,-74.0287585891977,40.6993969417468,-74.02643289556222,Clear,8.630223048859639
TRIP_03766,2026-08-13 07:08:57,40.66403169863609,-73.95521860580028,40.66102561288255,-73.95006596199927,Snowy,9.133417738192511
TRIP_03767,GARBAGE_TIMESTAMP_TEXT,40.77797539659674,-73.99662703089555,40.74442707752098,-73.9477084933639,Clear,18.025380295640076
TRIP_03768,2026-08-03 18:29:08,40.74603513726666,-74.00337713065552,40.73834583031544,-74.01487453701661,Clear,14.503250313885303
TRIP_03769,2026-08-19 14:45:25,40.685153958131636,-73.96700856796225,40.70797115258145,-73.93893151397566,Clear,10.626711697331091
TRIP_03770,2026-08-01 02:33:24,40.7628912426841,-74.02475544974718,40.791896494162636,-74.00346822996214,Rainy,14.95603992909247
TRIP_03771,2026-08-01 17:32:08,40.687921458080744,-73.92757405072638,40.64854156723085,-73.90765462250228,Clear,26.898937972470367
TRIP_03772,2026-08-07 12:16:12,40.67369982537445,-74.04540238116165,40.689583474283125,-74.04095545011798,Snowy,11.864861648134628
TRIP_03773,2026-08-13 09:59:37,40.67481484412599,-73.9731535466829,40.711717142650656,-73.97054920212679,Snowy,32.61110580739735
TRIP_03774,2026-08-05 09:13:42,40.6242465723456,-73.93430835806701,40.63935920654431,-73.94665928298086,Clear,11.632384944609619
TRIP_03775,2026-08-05 03:34:45,40.736377119020915,-74.0748647744636,40.73736345964758,-74.04038482368237,Snowy,18.00579457986408
TRIP_03776,2026-08-13 23:22:04,40.621242756083085,-74.02316675879263,40.628877921731636,-74.02321123453812,Snowy,7.078354698270591
TRIP_03777,2026-08-12 22:41:33,40.65137780843671,-73.94888963035572,40.6551549077874,-73.89982729172071,Clear,14.408511255255677
TRIP_03778,2026-08-07 06:03:43,40.60902059954608,-73.94813777261345,40.609918682772836,-73.93487442386117,Clear,5.113507463516234
TRIP_03779,2026-08-24 03:38:51,40.70849651536046,-74.01457478001942,40.7337112211178,-74.02632829470204,Clear,6.409982289500825
TRIP_03780,2026-08-13 07:13:29,40.70528397698641,-74.04273355468385,40.79451462381847,-74.0298679711483,Clear,26.721922349057216
TRIP_03781,2026-08-03 01:09:05,40.696465189340685,-73.95820320888346,40.69415419183353,-73.95052892485755,Rainy,8.499052546375095
TRIP_03782,2026-08-23 06:15:05,40.660671115266474,-73.94682254487093,40.67112683628663,-73.89654944251909,Clear,14.905104674430119
TRIP_03783,2026-08-16 23:11:21,40.654188312328166,-74.06423316742563,40.67263737414691,-74.05530317310317,Snowy,14.096370936833948
TRIP_03784,2026-08-15 21:34:59,40.73601849317733,-74.06619568244832,40.735397860146584,-74.05448199388434,Snowy,10.260554453834967
TRIP_03785,2026-08-16 17:14:22,40.68527240341458,-73.99473716590082,40.73821947752028,-73.93239076473604,Clear,39.07549825055386
TRIP_03786,2026-08-06 16:01:01,40.72861791607681,-73.97453196832855,40.67749135487762,-73.93928394868465,Clear,18.30933248267366
TRIP_03787,2026-08-17 18:04:03,40.66853756569379,-74.0209534542615,40.67260579058243,-73.95107227378139,Clear,29.54893645905379
TRIP_03788,2026-08-18 07:40:55,40.72185313713855,-73.97203530900089,40.766402549228154,-73.91426395887898,Clear,19.07821448221548
TRIP_03789,2026-08-23 17:30:21,40.7779639018658,-74.04150683034187,40.78914107261414,-74.04812170799276,Clear,16.024226832068173
TRIP_03790,2026-08-11 15:15:03,40.742108290019644,-74.11173467995368,40.73748312125414,-74.06203615432167,Clear,14.220866738457397
TRIP_03791,2026-08-21 08:44:24,40.69217930908918,-74.02719505361662,40.72540201172234,-73.96143595485438,Clear,24.999801411523904
TRIP_03792,2026-08-20 07:42:52,40.725659948517794,-74.00283839267435,40.77285024557971,-73.93685399870465,Clear,22.070405711847233
TRIP_03793,2026-08-09 17:30:51,40.70076674127349,-74.01979199799483,40.727085804629944,-73.97014911848753,Snowy,48.17784411752333
TRIP_03794,2026-08-03 22:29:17,40.71319400923474,-74.06393016318297,40.709157398440354,-74.0149044733357,Clear,9.89229018290568
TRIP_03795,2026-08-19 08:23:49,40.696519447392575,-74.09678244879395,40.73020554696713,-74.08586228010421,Clear,20.576360324798113
TRIP_03796,2026-08-22 15:13:18,40.704583239705734,-74.03170444021839,40.71252176069749,-74.03682590274887,Clear,7.19073201636231
TRIP_03797,2026-08-22 14:20:25,40.72340466765371,-73.96111721141752,40.76576027411053,-73.95168373098444,Clear,10.593696651493005
TRIP_03798,2026-08-04 11:06:10,40.6631320650209,-73.94319012802931,40.7276298315666,-73.9731337980723,Clear,19.402960260987758
TRIP_03799,2026-08-07 19:34:03,40.662006058650505,-73.94661433079308,40.60383875597985,-73.88633047133042,Clear,37.89753395875368
TRIP_03800,2026-08-02 19:46:19,40.64337287230844,-74.04679547675742,40.66670489650431,-74.03529426553996,Clear,18.654118014163842
TRIP_03801,2026-08-12 20:16:17,40.632786444774815,-74.06368531618152,40.600714426666386,-74.00494539430957,Clear,29.934805585400635
TRIP_03802,2026-08-08 23:07:36,40.65193586538898,-73.981168269251,40.74518952294887,-73.99811325656765,Clear,22.073312734326997
TRIP_03803,2026-08-24 08:29:19,40.72077312534021,-73.97424499942011,40.72672938932632,-73.92176625179005,Clear,20.691296615039942
TRIP_03804,2026-08-20 22:36:58,40.66816062422541,-73.98599151973997,40.710551821480166,-73.98083793948535,Clear,13.39402837901149
TRIP_03805,2026-08-10 00:23:35,40.73848072321156,-74.10670316371188,40.75742121742371,-74.12523424596115,Rainy,11.884299989897062
TRIP_03806,2026-08-24 15:49:27,40.71453568743763,-74.04934422924417,40.71044315001606,-73.98053068767938,Clear,19.35636964872458
TRIP_03807,2026-08-12 19:46:17,40.614374789328096,-74.0074844395143,40.606713197912775,-73.95426508943407,Clear,28.928642443730915
TRIP_03808,2026-08-05 13:55:58,40.745548779211084,-73.98163909026847,40.813119154404106,-73.9552853176629,Rainy,30.350099902032763
TRIP_03809,2026-08-07 10:46:20,40.75333993227959,-73.96763463186987,40.802018074084934,-73.94661649531582,Snowy,42.20816798206924
TRIP_03810,2026-08-11 06:52:22,40.66310686625826,-73.99878732388589,40.74141438887959,-73.96560202332132,Rainy,30.967289609207832
TRIP_03811,2026-08-20 19:31:25,40.733809577144754,-73.98946080967309,40.755473177199484,-73.96362195233557,Clear,19.252544488919728
TRIP_03812,2026-08-04 23:00:57,40.66997508812954,-74.00175672708194,40.69861267676692,-74.00552500570709,Clear,15.680867888596364
TRIP_03813,2026-08-21 01:25:35,40.71768351883742,-73.97171903128907,40.72966777186776,-73.96408059938261,Clear,7.595999957261171
TRIP_03814,2026-08-05 23:01:31,40.64957507965225,-73.99035671742546,40.6609626135588,-73.91153518246429,Rainy,22.111444857030257
TRIP_03815,2026-08-02 17:29:23,40.623144677373276,-74.00271311699764,40.61188806939895,-73.9025484147188,Rainy,52.56861054587328
TRIP_03816,2026-08-14 02:52:49,40.69365914051935,-74.01941843995687,40.71617944624708,-73.95253838479995,Clear,8.599113731212604
TRIP_03817,2026-08-22 09:05:33,40.70661355268626,-74.00193542874787,40.70293615483967,-73.967588710543,Clear,15.78959914456803
TRIP_03818,2026-08-20 10:49:45,40.69291601531927,-73.98177043105804,40.7261732829842,-73.97190290203909,Clear,18.758165683323544
TRIP_03819,2026-08-20 12:58:38,40.65359847208887,-73.9926262305551,40.67869877865828,-73.996571807372,Clear,9.841321879898683
TRIP_03820,2026-08-21 19:31:09,40.69280504689345,-73.98695867908273,40.72143550820372,-73.98892715139564,Snowy,35.528981190246654
TRIP_03821,2026-08-19 12:53:33,40.72626473762904,-73.93886390693244,40.796518635819744,-73.93546193669305,Clear,21.636925148195584
TRIP_03822,2026-08-20 11:39:17,40.71055534849388,-73.99274180386267,40.72942381000091,-73.9082068826199,Clear,14.598789868034686
TRIP_03823,2026-08-25 01:47:07,40.721925051529965,-74.03844992602366,40.76462686161557,-73.96426145713218,Rainy,21.052380008894094
TRIP_03824,2026-08-16 07:22:31,40.67929423997729,-73.96181966070029,40.760839523899854,-73.91943130900222,Clear,23.519722080780713
TRIP_03825,2026-08-13 05:00:01,40.77138589573581,-74.07430991688345,40.83058440781466,-74.08312831217583,Clear,17.360944007897068
TRIP_03826,2026-08-07 12:26:03,40.653991333172264,-74.06007066903696,40.70858642412591,-74.01327899123562,Clear,20.66506091765312
TRIP_03827,2026-08-09 18:19:02,40.73717801485434,-73.989207636764,40.747977368388725,-73.97636614761932,Clear,14.452506493430024
TRIP_03828,2026-08-23 01:15:09,40.771894554648,-73.98018016661067,40.79878384631503,-74.02477044976999,Clear,12.126298674527556
TRIP_03829,2026-08-12 17:01:13,40.73684540463745,-74.0682525611752,40.71729711587655,-74.03963954205317,Clear,17.31255836507732
TRIP_03830,2026-08-12 19:55:55,40.70267378864676,-74.02514087404934,40.7376412206757,-74.03039826527436,Clear,24.410813745273458
TRIP_03831,2026-08-24 07:22:53,40.686385147666854,-74.03630419161098,40.71461895299527,-74.04054579448368,Clear,10.528427783725835
TRIP_03832,2026-08-07 12:46:13,40.764604382552314,-74.03033381614408,40.785305936307,-74.01784605595113,Clear,8.4466724772012
TRIP_03833,2026-08-05 07:49:04,40.64165125373692,-73.95882011118636,40.6924670973842,-73.95376980037463,Rainy,23.861354274288672
TRIP_03834,2026-08-23 08:09:48,40.66429378698102,-73.97067472682264,40.648060542308286,-73.95170243139576,Clear,16.26678982825069
TRIP_03835,2026-08-25 02:00:06,40.692922111725416,-74.00695610899268,40.76196799726023,-73.9894260254932,Clear,15.17852858874592
TRIP_03836,2026-08-15 18:07:10,40.774682687875604,-74.03329809635575,40.821735628513814,-74.06957236914118,Clear,29.599543860201695
TRIP_03837,2026-08-02 19:27:33,40.73178838180205,-74.073482483511,40.74966936241249,-74.00787414384452,Clear,30.87882808724478
TRIP_03838,2026-08-11 19:27:48,40.66439771207449,-73.9349907530609,40.679935824439966,-73.94449205474936,Clear,16.43265120947576
TRIP_03839,2026-08-10 04:02:08,40.697284614730755,-73.97639430498576,40.73170295118821,-73.98496625653968,Rainy,13.359906374139204
TRIP_03840,2026-08-20 21:24:01,40.68208384279519,-74.04133345520366,40.7477093797571,-74.03119005275737,Clear,17.287555508094115
TRIP_03841,2026-08-23 18:16:56,40.67731055038833,-73.97002002511876,40.70035878194903,-73.95327007053983,Clear,17.42341664080745
TRIP_03842,2026-08-25 11:26:19,40.76174447792784,-74.00951118102873,40.78606540498722,-73.94574178652377,Clear,15.528131722418125
TRIP_03843,2026-08-09 22:35:27,40.64421284353683,-74.02035547524312,40.6647563978656,-73.99227277168147,Rainy,11.652899712208109
TRIP_03844,2026-08-18 15:28:52,40.79323904278672,-73.98423942358552,40.86669976616777,-73.94724545906223,Snowy,38.13803318911358
TRIP_03845,2026-08-24 09:57:53,40.754211484509234,-74.04307491249564,40.76314499142112,-74.01483882686814,Clear,15.927565106231794
TRIP_03846,2026-08-12 10:36:19,40.767343083530186,-74.02318782597551,40.78645785557161,-73.99624397850054,Clear,17.71979464808744
TRIP_03847,2026-08-11 15:46:37,40.68965302439874,-73.99992694679003,40.753556094026564,-73.97063506169742,Clear,23.807031206472438
TRIP_03848,2026-08-13 15:58:34,40.70530296404605,-74.03097255964425,40.72971328905443,-74.06895458392133,Rainy,19.110539784882793
TRIP_03849,2026-08-18 00:24:48,40.64114240927377,-73.97254573948662,40.695254175075135,-73.9600432940318,Clear,16.150277529187065
TRIP_03850,2026-08-20 05:40:35,40.68656687964666,-73.91254667481608,40.679228477939574,-73.85767884149895,Clear,12.445313693424088
TRIP_03851,2026-08-07 22:28:29,40.737482742382156,-74.04371490663036,40.7513239667333,-73.90544497630616,Clear,-99.0
TRIP_03852,2026-08-22 10:25:22,40.777603153089075,-74.0892562648152,40.842136174242285,-74.10538553279139,Clear,32.18956178298576
TRIP_03853,2026-08-03 15:05:06,40.65744215915988,-74.10608700837382,40.65715196768697,-74.07339460956409,Clear,10.967533545808609
TRIP_03854,2026-08-12 06:53:50,40.69452470315074,-74.01352340707474,40.70998573195765,-74.01065480441098,Clear,10.088179173313328
TRIP_03855,2026-08-22 15:49:41,40.70523503898838,-74.03915822950631,40.73293559591512,-73.95772867238941,Rainy,24.107298275645217
TRIP_03856,2026-08-01 07:02:29,40.643010539890376,-73.99560697494664,40.63333590435059,-74.01622045777039,Clear,10.539772934030943
TRIP_03857,2026-08-16 23:02:01,40.74236746208792,-73.9993701163987,40.749953158529266,-73.96062193168922,Clear,9.728443556864198
TRIP_03858,2026-08-12 07:18:23,40.67660048341287,-74.0861608423307,40.69997958386764,-74.10837717531582,Clear,7.794233814730083
TRIP_03859,2026-08-18 19:56:46,40.70303048244115,-74.09674419147407,40.72443093446601,-74.0863011915159,Clear,18.305303689354748
TRIP_03860,2026-08-17 17:30:49,40.69020253140441,-73.9912033379827,40.74861309202952,-73.97223273790519,Clear,30.46737749616675
TRIP_03861,2026-08-09 04:42:28,40.673333074714016,-73.99922855826401,40.739576790558985,-73.94713780781181,Rainy,21.96678907444429
TRIP_03862,2026-08-04 09:35:54,40.71244775072597,-74.02729089991833,40.70676520456595,-74.03960590470308,Clear,11.570286934965432
TRIP_03863,2026-08-03 15:20:42,40.7020195210716,-74.08885717925662,40.72535757664662,-74.0489556877912,Rainy,14.530255178344772
TRIP_03864,2026-08-09 00:41:11,40.694207105886065,-73.98243043686175,40.734434555138805,-73.96186710516011,Clear,11.567892754438391
TRIP_03865,2026-08-24 01:46:55,40.676376918915985,-73.9424050227288,40.74186734288996,-73.91422122114022,Clear,16.39275839777469
TRIP_03866,2026-08-20 15:33:12,40.72877623353915,-73.99210087798906,40.77033094245866,-73.94335089654851,Clear,18.87376586372847
TRIP_03867,2026-08-18 21:50:42,40.795480863424615,-74.04837369452825,40.824208265472386,-74.06685039531841,Snowy,19.671768546297
TRIP_03868,2026-08-14 02:08:36,40.71979436164196,-74.00377239172144,40.75979063760144,-73.95945454252698,Clear,13.840035900065782
TRIP_03869,2026-08-14 06:11:20,40.762605910745556,-74.07430570404668,40.802818975775644,-74.07137284963936,Clear,13.765778506114422
TRIP_03870,2026-08-18 10:26:23,40.64328890374233,-73.95310196430806,40.6354574749738,-73.90022576065876,Clear,21.70984036677223
TRIP_03871,2026-08-09 10:49:33,40.72068807196469,-74.00190778327352,40.74647203573988,-73.97187105423738,Clear,16.896535727257746
TRIP_03872,2026-08-20 12:46:07,40.65793158405145,-74.09440784558767,40.72170641387711,-74.08069369703318,Clear,19.14697540615336
TRIP_03873,2026-08-05 04:06:43,40.638953753623404,-74.02103371802218,40.65273305056258,-74.01873449709491,Clear,7.960095039613618
TRIP_03874,2026-08-20 11:40:03,40.67583142962705,-73.98283492448829,40.699714828903474,-73.93813607465762,Rainy,16.61992864762853
TRIP_03875,2026-08-08 18:53:00,40.77239496672068,-74.02265238104877,40.7851194732349,-73.96482383048435,Clear,26.818679677575943
TRIP_03876,2026-08-23 10:54:12,40.76030079143349,-74.01979478607201,40.71088500656528,-74.01578033229782,Clear,25.475617965647572
TRIP_03877,2026-08-18 20:51:41,40.72495023610272,-74.06722011035237,40.745567941419765,-74.0812103073258,Snowy,33.28144680334511
TRIP_03878,2026-08-13 11:44:33,40.6361649720055,-73.97767295064591,40.66521872992509,-73.93684661935755,Clear,14.504732008662778
TRIP_03879,2026-08-03 16:25:20,40.70298596743061,-74.03842346000096,40.70761116570418,-74.06187938826197,Clear,9.662149730294812
TRIP_03880,2026-08-19 11:15:51,40.72788500044509,-74.11382226885026,40.71324589197855,-74.13298764197775,Rainy,12.44482400304276
TRIP_03881,2026-08-20 21:09:22,40.72157681147893,-74.02456286853352,40.71515861768548,-74.03644387679935,Clear,6.474599099994264
TRIP_03882,2026-08-23 14:29:58,40.62061032082597,-73.95694251422148,40.66353594931004,-73.94940602871264,Clear,12.361617358083642
TRIP_03883,2026-08-08 18:04:11,40.66828410759901,-74.02534647233,40.74745985079041,-74.04543642900646,Clear,40.70500898574529
TRIP_03884,2026-08-10 21:13:59,40.709596111792564,-73.91910075074382,40.771069112019724,-73.95726474802527,Clear,20.894601698350602
TRIP_03885,2026-08-22 11:23:44,40.73961454547586,-73.98455160257258,40.71928416533094,-73.99861492840269,Clear,10.350955403266106
TRIP_03886,2026-08-21 20:16:00,40.602993608945006,-73.98906209188598,40.64863242826153,-73.9497878584888,Clear,33.77983091214394
TRIP_03887,2026-08-22 09:57:36,40.70469380122601,-74.01241991329589,40.70479892995173,-74.03056623545969,Clear,14.786690227713011
TRIP_03888,2026-08-11 09:05:14,40.71995243849395,-74.00941431038821,40.722484426618685,-73.99962240072684,Clear,13.271224234370132
TRIP_03889,2026-08-09 07:22:22,40.75528059942581,-74.01917118175598,40.76142133148667,-73.94077022788501,Snowy,27.00692593692383
TRIP_03890,2026-08-06 05:48:11,40.747442879211874,-74.02111346960413,40.788624887707535,-74.00258869350495,Clear,14.898952503199794
TRIP_03891,2026-08-07 04:15:54,40.74192856594044,-73.97945664189665,40.790706167233914,-73.94918071220476,Rainy,18.199577233229196
TRIP_03892,2026-08-06 07:34:39,40.672802974664904,-74.05279156148953,40.689862042526514,-74.06117276203707,Clear,9.866376838776013
TRIP_03893,2026-08-07 16:50:25,40.61739989314383,-74.05979469143621,40.63496777091359,-73.97489044582521,Clear,21.645893078566758
TRIP_03894,2026-08-20 13:24:59,40.69314736214693,-74.06215975254376,40.727075274444005,-74.05839858721792,Clear,12.61445112309747
TRIP_03895,2026-08-06 06:36:18,40.76288159126043,-73.90371727261615,40.79992142744616,-73.8905604131497,Clear,11.389274789899687
TRIP_03896,2026-08-21 06:40:11,40.78247272637622,-73.97948285491647,40.83775949757898,-73.91997109457745,Clear,23.75406569245225
TRIP_03897,2026-08-25 14:14:27,40.74832745511489,-73.990775389916,40.72979629584961,-73.9762274172616,Rainy,11.197190957780817
TRIP_03898,2026-08-24 20:15:22,40.734267041140086,-74.05887573351467,40.754867861334205,-74.03743907003441,Clear,17.529629748557127
TRIP_03899,2026-08-20 14:36:11,40.7317819824193,-73.97483288496626,40.719741251142565,-73.96328353458993,Clear,7.841846675625264
TRIP_03900,2026-08-04 02:30:26,40.684994062661964,-74.01182856732267,40.70346579429006,-74.00007353866438,Clear,6.876879506407378
TRIP_03901,2026-08-01 12:36:43,40.70629698532232,-73.99529155294341,40.7195117266919,-73.96417649261858,Clear,11.019849854843319
TRIP_03902,2026-08-02 05:36:58,40.79625347629132,-74.05483101579318,40.81485099267424,-74.01824272011724,Clear,9.738676535513962
TRIP_03903,2026-08-18 23:04:17,40.665672099710406,-73.99798655712912,40.66167981306709,-73.9972840100655,Rainy,8.82580747697384
TRIP_03904,2026-08-16 16:01:48,40.793538939535495,-74.02719167691032,40.768920245739274,-74.03017409059473,Clear,11.416579597830358
TRIP_03905,2026-08-10 02:13:50,40.696698592275396,-74.04428055785151,40.65386546647395,-74.04255464051724,Clear,9.908485619401588
TRIP_03906,2026-08-12 00:06:57,40.77907160545475,-73.96929468320964,40.79513620082681,-73.99133230363563,Clear,6.6797963673399465
TRIP_03907,2026-08-07 12:08:04,40.642459249525125,-74.0828853904265,40.64952921635014,-74.11059829818208,Snowy,16.110522674802127
TRIP_03908,2026-08-04 04:55:55,40.74209521005823,-73.97776118678429,40.74181708011412,-73.94884617236754,Clear,7.129543687292117
TRIP_03909,2026-08-20 11:07:12,40.67596149320262,-73.97177569332236,40.73563794708757,-73.9236178192271,Clear,-99.0
TRIP_03910,2026-08-04 19:10:14,40.642036640403795,-74.04998218377756,40.63625349479994,-74.0038508249832,Clear,20.99929629123121
TRIP_03911,2026-08-24 13:17:19,40.72372670212055,-74.04701642305662,40.78623172458472,-74.09847616125072,Clear,21.962967446790977
TRIP_03912,2026-08-01 00:10:28,40.7632735894298,-74.01715128406332,40.83198890175788,-74.00450323667461,Rainy,20.335187794630283
TRIP_03913,2026-08-24 19:29:37,40.67055292807033,-73.99189818947688,40.632025914066645,-74.00496094814466,Clear,23.02091171234662
TRIP_03914,2026-08-05 12:09:05,40.63784920197708,-74.01364274959072,40.66062064574705,-73.9893306264561,Rainy,15.943258236710607
TRIP_03915,2026-08-04 03:06:47,40.70820776178326,-73.9843218769904,40.71621686705818,-73.97685658255469,Clear,7.440325432432098
TRIP_03916,2026-08-01 08:25:50,40.70842823356114,-73.91785101737312,40.641074115219624,-73.88009366018579,Clear,33.55103235910885
TRIP_03917,2026-08-20 14:40:20,40.74021598137772,-74.03138583845748,40.71687674378567,-74.01196043116953,Clear,14.699565295884707
TRIP_03918,2026-08-20 21:32:57,40.76027972856823,-74.09175899853517,40.803527811781485,-74.1286390553827,Rainy,25.81439192878525
TRIP_03919,2026-08-01 15:04:20,40.70982924093638,-73.96470382084847,40.79040521851772,-73.97371639703246,Clear,23.977275339967346
TRIP_03920,2026-08-09 00:50:15,40.80557516573972,-73.92183427120362,40.852655510020696,-73.90166071775882,Clear,11.867787762709435
TRIP_03921,2026-08-03 03:43:31,40.72401173722677,-73.98636158184745,40.75372071140216,-73.96365826897052,Rainy,13.677892596993654
TRIP_03922,2026-08-07 14:22:14,,,40.71483870325073,-74.08255773799881,Clear,8.252619467479148
TRIP_03923,2026-08-05 22:01:11,40.63222163204486,-74.01219461816176,40.7027015194843,-74.03828840926815,Clear,15.280525857249598
TRIP_03924,2026-08-19 22:04:54,40.69966702398419,-74.06192617421058,40.78411420004292,-74.0402388140834,Snowy,29.45469648605635
TRIP_03925,2026-08-25 02:55:28,40.695980652729446,-73.97385722530186,40.69837537234372,-73.99596724448337,Clear,5.755698534846706
TRIP_03926,2026-08-06 12:19:46,40.76081523981407,-74.07356452013492,40.72081564300476,-74.10362340292994,Snowy,23.436751882308265
TRIP_03927,2026-08-04 19:06:21,40.735924181203345,-74.0210064393414,40.69297855730521,-74.01436065472035,Clear,27.557176460464024
TRIP_03928,2026-08-18 20:20:21,40.65383154391837,-74.05621689131469,40.713487973683165,-74.05087027405484,Clear,31.437344101286893
TRIP_03929,2026-08-07 11:10:55,40.721412719320554,-73.99965876574325,40.74000096309732,-74.00601078006343,Clear,9.823430060181613
TRIP_03930,2026-08-12 14:07:42,40.746376558586455,-74.02431708385689,40.771873815900214,-74.02542919255863,Clear,12.169237965048959
TRIP_03931,2026-08-21 17:09:07,40.78920156796939,-73.99716189483749,40.755482038180695,-73.97674682314081,Clear,26.191856788345063
TRIP_03932,2026-08-06 02:19:11,40.7571751983707,-74.00488247225168,40.75457953098705,-74.00648735936207,Clear,3.803091586478806
TRIP_03933,2026-08-17 02:19:49,40.75084233271558,-74.0553329513862,40.761977908298554,-74.03321204073626,Snowy,13.506302248560266
TRIP_03934,2026-08-12 21:23:15,40.715804299730756,-73.97465614682355,40.742039451231676,-73.96607020290706,Rainy,14.999541058943388
TRIP_03935,2026-08-22 09:18:40,40.732215600271175,-74.00843828259215,40.74025783910376,-73.98340877793055,Clear,17.874187004861522
TRIP_03936,2026-08-14 19:13:21,40.77527524503531,-74.0554264503933,40.76415545908627,-74.0090802834302,Clear,25.30587081932399
TRIP_03937,2026-08-04 14:51:58,40.64616113012602,-73.89395367218971,40.64262412034794,-73.84877623682799,Clear,15.270496997892703
TRIP_03938,2026-08-02 17:33:17,40.69532803363916,-73.98217849166414,40.75157773221758,-73.92353217753217,Clear,34.368412506248696
TRIP_03939,2026-08-08 09:19:35,40.67417156256219,-74.01366302766996,40.70151510115029,-73.96851862076305,Rainy,29.33757051825039
TRIP_03940,2026-08-10 09:58:02,40.731757655936306,-73.9352397736649,40.770122360144974,-73.90808304771865,Clear,25.553562994119293
TRIP_03941,2026-08-21 03:54:09,40.77431110878254,-73.91390921953067,40.76734489445622,-73.90691216865987,Clear,6.718596972380318
TRIP_03942,2026-08-07 21:22:11,40.68295128566395,-74.0132674711157,40.61433658110193,-74.00490029880018,Clear,20.07429482780734
TRIP_03943,2026-08-07 12:39:58,40.59328478162653,-73.98863012567826,40.59759165241999,-73.99496344487133,Clear,5.487580646435541
TRIP_03944,2026-08-13 00:30:47,40.69218896274878,-74.05540014090015,40.68619184611602,-74.0352642621686,Clear,8.495789250846213
TRIP_03945,2026-08-19 18:20:31,40.75847368660087,-74.0133596375384,40.788944054659716,-73.97243801317704,Clear,22.438121566527478
TRIP_03946,2026-08-13 06:46:25,40.739681495147494,-74.015953127688,40.85825320655795,-74.01772315577449,Clear,32.955211516199384
TRIP_03947,2026-08-06 03:53:22,40.73420931239053,-73.99675864831892,40.77506429291908,-73.97787518407883,Clear,11.882612092695826
TRIP_03948,2026-08-20 10:55:20,40.69880033490628,-73.98936197606815,40.80087913968779,-73.98968284292981,Clear,43.344488617363204
TRIP_03949,2026-08-19 01:48:46,40.64884846318901,-73.9780085775586,40.6859115540492,-73.95172794765297,Rainy,15.938227176795166
TRIP_03950,2026-08-20 17:43:34,40.73856471608123,-73.994117867185,40.739668128954044,-73.9905993687035,Clear,9.382873924187237
TRIP_03951,2026-08-17 13:28:05,40.671085909498274,-74.06653713133146,40.7015233918419,-74.06872244847028,Clear,11.837049014171273
TRIP_03952,2026-08-04 20:30:31,40.822004836669024,-74.05292335528705,40.895423994653356,-74.05332235613501,Clear,38.29757305140132
TRIP_03953,2026-08-08 19:21:02,40.741325360417726,-74.03332038097318,40.816212238307365,-73.99822051775782,Clear,42.29852572228217
TRIP_03954,2026-08-08 12:18:30,40.68376758487231,-74.02011202959616,40.68650746383101,-74.00301451175608,Rainy,10.649448166098894
TRIP_03955,2026-08-15 22:38:30,40.68223073763057,-73.9534612854764,40.70982624850155,-73.94631393737639,Rainy,7.886095895657121
TRIP_03956,2026-08-03 18:57:31,40.70815278966932,-74.06414694934264,40.68527478327918,-74.03630481426623,Snowy,33.69931920410422
TRIP_03957,2026-08-10 15:45:39,40.70082490389891,-74.02387075240854,40.745564962639655,-74.01630623893257,Snowy,23.384515674752393
TRIP_03958,2026-08-11 18:33:04,40.7686416887765,-73.9583495250893,40.835242329748176,-73.90455398827874,Rainy,53.2367194216928
TRIP_03959,2026-08-11 06:07:16,40.722120808487205,-74.02099387372483,40.74331479211069,-74.03020985833564,Clear,11.076310935743148
TRIP_03960,2026-08-12 17:38:40,40.67621841305458,-73.98297921750786,40.67619689142377,-73.96858836289238,Clear,16.70965480455074
TRIP_03961,2026-08-19 13:23:29,40.807322034257794,-74.0129771021464,40.83812596279612,-74.03512005879641,Clear,10.76956811484264
TRIP_03962,2026-08-19 19:49:56,40.71526541657601,-73.99316083713376,40.74778918751691,-73.98356706889047,Snowy,40.59753737979577
TRIP_03963,2026-08-15 20:52:03,40.751241983798444,-74.01742362719048,40.773676298753934,-74.04781269212168,Clear,17.99067853593969
TRIP_03964,2026-08-13 04:30:11,40.68238867462777,-73.97264672636358,40.707750128357844,-73.9302572306868,Clear,11.319347806722082
TRIP_03965,2026-08-17 09:29:25,40.73095578138723,-74.08325282037032,40.74574133587315,-74.04025770736015,Snowy,35.731076665714
TRIP_03966,2026-08-12 05:26:19,40.72835549955716,-74.02416560041942,40.77823414740395,-73.9806404952077,Clear,15.120758802885183
TRIP_03967,2026-08-20 11:44:20,40.61831753539519,-73.99117136616529,40.66040435875015,-73.97030519176006,Clear,14.38095755520619
TRIP_03968,2026-08-17 19:09:50,,,40.80407066110871,-73.985711349741,Rainy,17.481226564582073
TRIP_03969,2026-08-05 04:07:29,40.77733222304613,-73.9313523688623,40.76701450495137,-73.93536258782339,Rainy,5.2171280878515995
TRIP_03970,2026-08-17 02:20:15,40.692940234192704,-74.02555123334328,40.705309001681904,-73.95964607168666,Rainy,18.835458479241808
TRIP_03971,2026-08-19 05:41:15,40.65768651297721,-73.93202591190696,40.69979162670036,-73.86895559879297,Rainy,20.437831889654454
TRIP_03972,2026-08-13 02:53:39,40.73017808069018,-74.03895119133298,40.754619803106905,-74.01527453662446,Clear,10.118434454413675
TRIP_03973,2026-08-20 07:06:58,40.71713488497072,-73.93956767942277,40.71784037266704,-73.93503670044518,Clear,5.221644634174926
TRIP_03974,2026-08-11 19:02:20,40.73058344742816,-73.96512664366509,40.75842900532994,-73.90406794098413,Clear,29.957887878261428
TRIP_03975,2026-08-21 06:10:16,40.7223788698097,-74.05167292898162,40.732454554224034,-74.05250802382317,Rainy,10.468151030727885
TRIP_03976,2026-08-25 17:24:08,40.7381120494653,-73.99064803813741,40.784526643272024,-73.96378256189453,Clear,32.46695897482901
TRIP_03977,2026-08-13 14:18:14,40.785165284969594,-74.00856179177661,40.8151570380216,-73.94800307261465,Clear,14.395649910164515
TRIP_03978,2026-08-07 02:55:39,,,40.751746814632874,-73.9798109253062,Clear,3.1088976614038883
TRIP_03979,2026-08-13 15:02:52,40.660317225054506,-74.01716357942166,40.6872627882159,-73.97228687185255,Clear,15.1865629018068
TRIP_03980,2026-08-23 00:34:15,40.780928142635624,-74.02136231128308,40.84037958442135,-73.98574548740777,Clear,14.949276574687554
TRIP_03981,2026-08-01 17:13:06,40.79483072817442,-73.93754527086186,40.79774182587803,-73.9187307671288,Rainy,19.51353383003411
TRIP_03982,2026-08-23 02:28:21,40.8704028367256,-74.01093604472278,40.902482546175015,-74.02073905269678,Clear,9.810108947245173
TRIP_03983,2026-08-16 05:17:28,40.65662529833802,-73.96467888379041,40.67451148812404,-73.96641207659351,Clear,8.43476876565226
TRIP_03984,2026-08-25 12:55:01,40.72494410065752,-74.01726757425222,40.75775361117338,-73.98858404206669,Clear,13.179678911428487
TRIP_03985,2026-08-12 03:31:40,40.60869506484055,-73.92266683703862,40.609058116592685,-73.94536694088507,Clear,4.650256417820649
TRIP_03986,2026-08-20 22:36:41,40.74045745781896,-74.03991673146677,40.763767520813744,-74.01599441569623,Clear,7.673276293521416
TRIP_03987,2026-08-06 00:51:04,40.68538998509166,-74.03670717656236,40.73862468356416,-74.0004756470405,Clear,14.336259156499029
TRIP_03988,2026-08-06 21:20:18,40.80897228974125,-73.9297741409442,40.800862080303865,-73.88021753575993,Snowy,20.499371713551255
TRIP_03989,2026-08-11 14:33:46,40.67406925149907,-74.02824731954476,40.65418709839932,-74.05019803177856,Rainy,13.923811847564748
TRIP_03990,2026-08-07 16:43:43,40.62834084810164,-73.92594628469178,40.609597181167025,-73.86645886577693,Rainy,20.755944215041023
TRIP_03991,2026-08-05 19:38:01,40.68923681296488,-73.96140797102026,40.674116937058876,-73.89054706619487,Clear,30.6306273257925
TRIP_03992,2026-08-13 23:40:46,40.614025611439146,-74.01373248532805,40.651885310075926,-73.98142793829665,Rainy,16.050372054580833
TRIP_03993,2026-08-15 00:52:51,40.75035497272537,-74.09666467360086,40.728179182149404,-74.10780613104359,Rainy,7.459435980554147
TRIP_03994,2026-08-21 02:29:00,40.60954584768719,-74.0069659152136,40.62060898734488,-73.99680919386441,Snowy,8.972076189659525
TRIP_03995,2026-08-19 19:44:46,40.71422287905916,-74.00091849732333,40.75277155815848,-73.98234641467688,Clear,23.141862712321974
TRIP_03996,2026-08-13 17:48:32,40.60890940900719,-73.94763911333479,40.64140918082365,-73.91952520807287,Clear,26.322893701093545
TRIP_03997,2026-08-15 23:35:59,40.69678510977317,-73.92657764118799,40.705218340374294,-73.90591819460869,Clear,11.777110659392715
TRIP_03998,2026-08-02 18:39:21,40.79496890779023,-74.04024935895718,40.82069661974288,-74.01181440467035,Snowy,36.364844449868166
TRIP_03999,2026-08-16 07:41:15,40.73083239457179,-73.96594091180059,40.75404675446392,-73.94866331452076,Clear,10.45638172485242
TRIP_04000,2026-08-05 18:05:41,40.66962531975175,-73.96772989219933,40.682898091085306,-73.93977667936396,Clear,17.62548497200436
TRIP_04001,2026-08-24 04:31:52,40.71123982555305,-73.95232936487947,40.72491478399341,-73.94614506751431,Clear,7.014337991319368
TRIP_04002,2026-08-19 18:44:27,40.713700843602226,-73.98106550439323,40.80076366664493,-73.9712111059027,Rainy,55.95621942289035
TRIP_04003,2026-08-15 07:42:00,40.736431517292175,-74.1031248845481,40.780710844410116,-74.1004056396624,Snowy,25.82402578947552
TRIP_04004,2026-08-04 21:21:29,40.64445708183596,-74.01377112162639,40.73887660936133,-73.93625333559127,Rainy,39.98425677585975
TRIP_04005,2026-08-13 06:26:38,40.74242836369237,-74.06378537874585,40.747519469704756,-73.99986835516061,Rainy,18.129494404180065
TRIP_04006,2026-08-06 07:11:23,40.57758041841986,-74.0161302886459,40.595031420513216,-73.97947146294548,Clear,12.850104381261833
TRIP_04007,2026-08-18 22:14:59,40.68130577238181,-73.9569997881933,40.66134199942351,-73.89724051827527,Clear,9.22330952637497
TRIP_04008,2026-08-16 00:09:46,40.68838630787742,-73.99074245820626,40.68409930381473,-73.94678861803692,Rainy,12.45913393180734
TRIP_04009,2026-08-24 12:18:26,40.744466341303564,-73.94859545668012,40.82152373576344,-73.9231573218947,Rainy,28.815885916676578
TRIP_04010,2026-08-13 08:30:20,40.713931542633844,-73.98891230396433,40.71827051393859,-74.01407944419492,Clear,14.502605216407403
TRIP_04011,2026-08-16 22:13:22,40.64252184730719,-74.07091629698344,40.72010028631152,-74.0587812145872,Clear,17.274774014968298
TRIP_04012,2026-08-09 17:35:11,40.66355034370915,-74.13204235032863,40.64624947588875,-74.12209348708919,Clear,15.56607284839666
TRIP_04013,2026-08-24 04:10:04,40.722734000477374,-73.99855956191603,40.711129929455176,-74.01255181710879,Clear,6.265259727582585
TRIP_04014,2026-08-19 20:31:28,40.70884663290678,-74.01669632331756,40.718609696276076,-74.04128119155575,Clear,17.897589192281767
TRIP_04015,2026-08-07 03:39:26,40.68384379451821,-74.05484728696909,40.70193129686783,-74.02006570657208,Clear,10.221902143728208
TRIP_04016,2026-08-06 05:53:03,40.6887583105244,-74.09103136248257,40.7364509292979,-74.06129623281144,Snowy,22.984726601167043
TRIP_04017,2026-08-14 02:09:53,40.74760839985797,-74.04273716067364,40.781131512373555,-74.05775907007566,Clear,9.151109781668154
TRIP_04018,2026-08-06 17:29:41,40.68691537135654,-74.01572457424324,40.69442591363622,-74.01810092943633,Clear,14.252467296661425
TRIP_04019,2026-08-09 15:51:03,40.70839543779855,-73.97270610881468,40.72439596360301,-73.91786944062005,Clear,17.95524332989439
TRIP_04020,2026-08-11 11:31:23,40.82129682940403,-73.9965684459216,40.831724941810485,-74.0028993413271,Rainy,7.240913803216058
TRIP_04021,2026-08-19 09:38:06,40.6416158681558,-73.92559663764136,40.63417625609603,-73.90047267052334,Clear,15.610551827943896
TRIP_04022,2026-08-18 02:43:45,40.62020786342127,-74.05778020280226,40.613568975323226,-74.0434735517893,Clear,5.3282481091502945
TRIP_04023,2026-08-20 01:29:08,40.75197948323993,-73.96194705539713,40.80281599998293,-73.92675615126527,Clear,16.062918165428087
TRIP_04024,2026-08-10 05:16:14,,,40.644022899097486,-74.00931829242325,Clear,10.221409917381147
TRIP_04025,2026-08-01 23:58:53,40.69688812361287,-73.97126654379407,40.76540888453622,-73.94856403946787,Clear,16.675367521983585
TRIP_04026,2026-08-13 09:43:54,40.673742181093445,-74.02782574316328,40.683452354325375,-74.0027640658429,Clear,16.584284499644056
TRIP_04027,2026-08-22 15:33:02,40.699809992961626,-73.95241598130546,40.69663473476986,-73.92551055711859,Clear,8.995965754992454
TRIP_04028,2026-08-08 19:46:23,40.792726905604816,-73.99123876208274,40.83491968432573,-73.96886654634386,Clear,30.554070017401056
TRIP_04029,2026-08-19 17:22:00,40.752906422930906,-74.03997224924589,40.81746292045532,-74.00963396962807,Clear,37.44879718730679
TRIP_04030,2026-08-19 01:04:17,40.75591117559435,-74.00660120144566,40.80944014884247,-73.92084809148413,Snowy,34.11483495839821
TRIP_04031,2026-08-16 09:52:28,40.64198864721037,-74.01797779294685,40.677044208691164,-73.92113885964372,Rainy,47.61081389883102
TRIP_04032,2026-08-03 09:56:23,40.65524231317236,-73.98154108246811,40.70784821786401,-73.98071756669171,Clear,26.474038719799726
TRIP_04033,2026-08-13 20:41:42,40.57084606702573,-74.06498883746873,40.539351139711414,-74.1145361268793,Clear,30.27102495749653
TRIP_04034,2026-08-07 01:18:27,40.672330958945864,-74.00746758510579,40.67667604270122,-73.96960272608413,Clear,10.5897240598633
TRIP_04035,2026-08-18 10:48:34,40.760635159319285,-73.98623463736753,40.75330005751854,-73.96064706357049,Clear,12.876668262584875
TRIP_04036,2026-08-20 11:56:27,40.73864732578742,-74.00434883464035,40.795386487723874,-73.95251757886484,Snowy,34.83974808291035
TRIP_04037,2026-08-02 00:08:21,40.70172433685239,-73.93865293778055,40.71021999628468,-73.91010636078909,Clear,9.08379033035241
TRIP_04038,2026-08-24 18:39:26,40.711684985814095,-73.96729886129644,40.75704718251756,-73.94554074311067,Snowy,47.88465152740515
TRIP_04039,2026-08-09 06:35:53,40.67835572287123,-74.00637403983704,40.71443143114589,-73.95250684196073,Snowy,29.85941707936568
TRIP_04040,2026-08-16 05:49:01,40.723037944120094,-73.99516554512512,40.717168736035184,-73.9371021274727,Clear,11.722631626599693
TRIP_04041,2026-08-11 04:16:36,40.75109391397403,-73.9912167224259,40.75348516767475,-74.01281352418934,Clear,2.4481372730300324
TRIP_04042,2026-08-03 18:07:42,40.63200566062948,-73.98583501979166,40.69082019135392,-73.99033320540585,Clear,29.96136514794493
TRIP_04043,2026-08-03 02:00:23,40.727782384391865,-74.09728289978322,40.72451790493133,-74.08045068856188,Clear,8.292562761992327
TRIP_04044,2026-08-13 09:25:37,40.75942174354773,-74.02107631478847,40.7831677718536,-73.99812318607074,Rainy,23.524030884083952
TRIP_04045,2026-08-11 07:50:42,40.69204498555183,-74.08022195340968,40.68856874696204,-74.06700144951024,Clear,7.738941000983654
TRIP_04046,2026-08-06 11:49:02,40.74783503060603,-73.94208595262702,40.75841646499856,-73.90905973729117,Clear,11.033686780217511
TRIP_04047,2026-08-13 03:40:47,40.853532722223626,-74.00904247600015,40.87214786390453,-73.95915933232064,Snowy,17.872956707178673
TRIP_04048,2026-08-12 19:38:43,40.707582860350655,-74.01566704748399,40.70409686504173,-73.94398575616236,Snowy,51.420443389897784
TRIP_04049,2026-08-08 20:46:01,40.73246535250027,-73.96116013339834,40.72365194388075,-73.92379274268515,Clear,21.529802919149592
TRIP_04050,2026-08-11 23:20:36,40.67589714581693,-73.9848837601275,40.704485345920254,-73.9904537704811,Rainy,12.74579200854259
TRIP_04051,2026-08-23 05:18:29,40.721862558130105,-74.06243172571897,40.71652043586637,-74.0468530124749,Clear,10.6824902094437
TRIP_04052,2026-08-14 06:43:48,40.73581358124912,-74.00954526812637,40.73149385457816,-73.99180583536416,Rainy,9.626448350109255
TRIP_04053,2026-08-04 19:53:53,40.72254211701351,-74.02275834866131,40.71437052270245,-73.98731914146188,Clear,23.580045382639415
TRIP_04054,2026-08-10 23:59:32,40.66181523401456,-74.0932266444303,40.67947799262462,-74.06158160342729,Snowy,14.09227526308062
TRIP_04055,2026-08-23 03:44:05,40.723118088566274,-74.04051381166187,40.77142913759827,-73.95900191212853,Clear,18.926446086841228
TRIP_04056,2026-08-15 13:56:02,40.78590979693588,-74.01517701610082,40.851105656025254,-74.00902241015847,Clear,19.89159631641063
TRIP_04057,2026-08-24 18:37:33,40.735231788225725,-74.0117475465746,40.73345424564591,-73.98020503056159,Clear,18.342356018587573
TRIP_04058,2026-08-09 12:17:43,40.760899359453596,-74.08011157118386,40.84540868325353,-73.98947022925154,Clear,29.19691929151042
TRIP_04059,2026-08-21 21:03:59,40.70094940149937,-73.94841672084763,40.69080825567817,-73.94597292775474,Clear,6.0473909665009895
TRIP_04060,2026-08-23 06:43:54,40.75029501197119,-74.01110515294457,40.802801467671024,-73.98675069205946,Rainy,24.396964568077895
TRIP_04061,2026-08-11 06:57:58,40.72676339191083,-74.00412234616697,40.725112498290365,-74.01246876120068,Rainy,6.704699438388925
TRIP_04062,2026-08-10 08:33:04,40.66525446351564,-73.985967918083,40.659126765419536,-73.96350531109418,Rainy,19.41113219282139
TRIP_04063,2026-08-10 13:26:15,40.72872605023994,-74.04540381269518,40.726383365536414,-74.04881032713931,Rainy,9.019553663776442
TRIP_04064,2026-08-02 18:22:40,40.66321516682799,-73.98318220134337,40.68164173583852,-73.93177817423863,Snowy,47.413799618362965
TRIP_04065,2026-08-14 14:50:25,40.68115598625576,-74.02435373230091,40.71855515138677,-73.99993416652997,Rainy,20.50813510457853
TRIP_04066,2026-08-08 14:39:27,40.72226641536462,-74.05082927703236,40.76236245650177,-74.05889119483183,Clear,15.16468481710739
TRIP_04067,2026-08-04 05:10:43,40.72766221366901,-73.97732762533224,40.71934266320857,-73.93211059439848,Rainy,12.080567446362265
TRIP_04068,2026-08-24 08:17:48,40.65333837674614,-73.9314163070599,40.643648598120805,-73.90602632589376,Clear,14.101295303246035
TRIP_04069,2026-08-21 02:58:12,40.76549928855915,-73.96975853132571,40.758000127758244,-73.921173968009,Snowy,15.8815993781414
TRIP_04070,2026-08-06 13:58:00,40.74140031391502,-73.95985112174297,40.758059681843456,-73.9742810005814,Clear,6.9627492242351
TRIP_04071,2026-08-04 21:49:10,40.677563578219456,-74.03203153032811,40.69125891009373,-74.00096679796066,Clear,11.056989433491951
TRIP_04072,2026-08-11 07:03:33,40.63592076017754,-74.08588098645842,40.62741549631545,-74.04268073561907,Clear,11.077608664436486
TRIP_04073,2026-08-01 23:09:16,40.70555477104593,-73.93149312389501,40.73364288186783,-73.92419444860208,Clear,11.491649937071683
TRIP_04074,2026-08-07 06:12:21,40.690502814306946,-73.90327425552977,40.778379878557004,-73.92104433733881,Clear,23.613133055610827
TRIP_04075,2026-08-24 00:27:32,40.718457022852654,-73.92885966131152,40.7233155589976,-73.91010788617263,Snowy,11.531145019214852
TRIP_04076,2026-08-13 00:37:54,40.694644166942226,-74.02278929694899,40.70163881230612,-73.96594583813555,Clear,11.238365927344063
TRIP_04077,2026-08-25 09:20:32,40.61242715696275,-74.06373171693645,40.64921700407248,-74.00995380701742,Clear,24.743851404889078
TRIP_04078,2026-08-25 04:53:56,40.693382653084946,-74.05928413489097,40.69661816433284,-74.05213698793364,Clear,7.30174464901304
TRIP_04079,2026-08-02 02:29:54,40.69751904444659,-74.0901866283807,40.737587978898134,-74.108679191472,Clear,12.943259664615276
TRIP_04080,2026-08-03 17:22:07,40.7444830512387,-74.0113689309205,40.74292677003533,-74.00430432253098,Clear,12.852354468568652
TRIP_04081,2026-08-09 01:01:26,40.67789001626945,-73.92571610209588,40.75285360449677,-73.91977043161783,Clear,18.55088474327894
TRIP_04082,2026-08-16 06:35:04,40.79673373366863,-74.01308313159362,40.8270769828464,-73.97968972809447,Clear,12.263298418844007
TRIP_04083,2026-08-01 21:09:44,40.617217972467415,-73.99088385498258,40.618617283995114,-73.97403390006971,Clear,6.381297859345688
TRIP_04084,2026-08-24 14:32:49,40.77835837489013,-73.93722015178479,40.78069762390606,-73.9398180781369,Clear,6.583704893811223
TRIP_04085,2026-08-23 13:17:24,40.701584051456095,-74.02620476559161,40.706170058874854,-73.97307687357379,Rainy,21.305068919864866
TRIP_04086,2026-08-22 11:43:36,40.75577924361718,-73.90422342716403,40.81696173360464,-73.88001065114068,Clear,19.9760125329435
TRIP_04087,2026-08-07 23:12:40,40.71679007420294,-73.90639527962513,40.698727543974904,-73.8733328100432,Clear,11.45323758828682
TRIP_04088,2026-08-06 20:06:17,40.76977777680128,-74.01255556693403,40.769739526687495,-74.04430512995796,Clear,17.573606265883427
TRIP_04089,2026-08-15 07:59:51,40.693431901772364,-74.03487671320096,40.6965820850646,-74.08760465932188,Clear,16.113931753826318
TRIP_04090,2026-08-16 16:02:44,40.657868978741114,-73.97113809768048,40.6773983397384,-73.99426447112381,Clear,9.998943581370877
TRIP_04091,2026-08-09 19:46:25,40.78382521436355,-74.02337624712594,40.79569192358415,-74.01779254989414,Clear,14.523014737636181
TRIP_04092,2026-08-16 15:50:03,40.70712596770589,-74.06382776085337,40.68238913276418,-74.02653708032496,Snowy,21.970493160463135
TRIP_04093,2026-08-19 18:33:05,40.723877923681215,-73.94193806732385,40.73188324317335,-73.99220547343606,Clear,26.360281369534512
TRIP_04094,2026-08-13 14:09:53,40.77453759570224,-73.94517763063615,40.79155107520669,-73.87739206870499,Clear,18.830753886001734
TRIP_04095,2026-08-10 03:45:39,40.66120223789528,-73.99822441981182,40.66235930284289,-73.97310743900871,Clear,4.442431955666628
TRIP_04096,2026-08-06 11:39:05,40.74257454488196,-74.0691432376864,40.78317780955339,-74.0083343878979,Clear,21.30529566326261
TRIP_04097,2026-08-15 18:13:02,40.68330526217686,-74.06747631256087,40.73088751503947,-74.07405541503509,Clear,32.90441842462837
TRIP_04098,2026-08-18 09:45:13,40.70619153221778,-74.00063853557904,40.723839931225896,-73.96552273755387,Clear,18.65289682465374
TRIP_04099,2026-08-22 06:38:20,40.716413948269214,-74.03099355172525,40.743330195874734,-74.00843767382612,Snowy,20.300880430958514
TRIP_04100,2026-08-22 22:10:49,40.63778890692765,-74.02305464660708,40.592957227007176,-73.97852405721544,Clear,16.468138282783176
TRIP_04101,2026-08-10 14:29:43,40.67385814785898,-73.954901842247,40.681225064694125,-73.94191558327499,Clear,7.868725057333518
TRIP_04102,2026-08-23 16:53:55,40.78035364462066,-73.96934103412887,40.830498295373395,-73.93514457785865,Rainy,22.80671949581687
TRIP_04103,2026-08-17 00:37:20,40.75710955942924,-73.93709286597512,40.76440646193386,-73.88402700641198,Clear,15.061869976224088
TRIP_04104,2026-08-15 18:13:09,40.70966802113364,-74.05553116116886,40.70755017084188,-74.05506644998562,Clear,7.150832396166413
TRIP_04105,2026-08-10 22:38:38,40.724956172925644,-74.02315957843433,40.813286840706574,-73.99589225145964,Clear,18.560911034852186
TRIP_04106,2026-08-14 14:21:51,40.698087874718176,-73.968050915227,40.77266019042405,-74.00468678234367,Clear,23.53158552736101
TRIP_04107,2026-08-09 14:08:22,40.7806291692914,-73.98359608294936,40.81465641666587,-73.94252099237747,Rainy,16.587250217135924
TRIP_04108,2026-08-07 23:42:36,40.702782371110295,-73.92938098087062,40.7569496894547,-73.85074110456675,Clear,17.581583821047793
TRIP_04109,2026-08-09 05:06:59,40.72439210460674,-73.9849731647048,40.677614042068,-74.00230624613725,Clear,11.880177423918305
TRIP_04110,2026-08-23 22:45:50,40.7701015072071,-73.91359454479472,40.76647496398824,-73.89633598260755,Rainy,10.260854993538544
TRIP_04111,2026-08-22 21:42:59,40.67393142575771,-73.97899910991384,40.67983268956252,-73.93258467088641,Clear,14.323205770077259
TRIP_04112,2026-08-07 05:35:45,40.790739459224845,-73.95289162762057,40.803660056258835,-73.93194910341657,Clear,4.272236785528275
TRIP_04113,2026-08-22 02:48:46,40.63627692951283,-74.02217574733922,40.64157860888361,-73.99722276079443,Clear,6.112081394501037
TRIP_04114,2026-08-01 20:10:12,40.79428210655564,-74.0052856394058,40.73778131781015,-73.9970156226515,Rainy,39.902580040349804
TRIP_04115,2026-08-24 02:12:49,40.6941662208024,-73.96045277980802,40.72574695936366,-73.95329734740066,Rainy,12.177958970384802
TRIP_04116,2026-08-24 08:56:33,40.700665062608735,-73.92535109147035,40.73697468645715,-73.9079519160779,Clear,19.55044080093124
TRIP_04117,2026-08-08 01:31:22,40.61829949144085,-73.96953815253447,40.68635645518855,-73.94828800987028,Rainy,22.27950767616561
TRIP_04118,2026-08-24 00:23:02,40.69006026413112,-74.01015858859674,40.68641098618787,-74.02560182644406,Rainy,6.64847226528217
TRIP_04119,2026-08-17 06:09:18,40.660809673448654,-73.93713324852358,40.65470477871526,-73.91911390810196,Snowy,15.337230097273585
TRIP_04120,2026-08-24 08:49:14,40.68241768273133,-74.115598932814,40.62201814815239,-74.04854291465271,Clear,36.09368878763975
TRIP_04121,2026-08-17 23:57:21,40.705934451710554,-74.07711172507534,40.71712744661283,-74.06968573888301,Rainy,6.151551609998771
TRIP_04122,2026-08-17 18:08:56,40.76068958072365,-73.97191828881658,40.807722934155514,-73.98903593830282,Clear,31.30588658790073
TRIP_04123,2026-08-06 18:07:05,40.723180167570035,-74.00529458218735,40.72482713170425,-73.98983706422693,Rainy,20.691619844735676
TRIP_04124,2026-08-17 05:44:20,40.728183832670055,-73.97572431744379,40.812487177226366,-73.97716270180752,Clear,19.580509463102487
TRIP_04125,2026-08-24 01:11:38,40.658024030557726,-74.0027796238784,40.67032618548404,-74.02292987863805,Clear,7.01232806250606
TRIP_04126,2026-08-06 16:31:59,40.66876229551986,-73.9774527152698,40.69317206404852,-73.95327766141783,Rainy,13.213187832797917
TRIP_04127,2026-08-08 05:28:30,40.80273625091757,-74.04672014104966,40.78184315850012,-74.0480286021642,Rainy,12.17992347331153
TRIP_04128,2026-08-19 20:54:08,40.67603994826184,-73.97747569569601,40.704656558617096,-73.97621712070162,Clear,22.10692575224949
TRIP_04129,2026-08-20 15:49:50,40.79561041260287,-73.95627927358962,40.75623081875729,-73.93167645217805,Clear,13.06031010529353
TRIP_04130,2026-08-07 07:52:30,40.70064694005596,-73.94497246980343,40.741457878706356,-73.9709677076643,Clear,13.704556065029646
TRIP_04131,2026-08-19 00:25:44,40.71291439680718,-73.90532228526756,40.754647242094244,-73.9375693747751,Clear,13.517697896267654
TRIP_04132,2026-08-01 10:01:52,40.766318258011495,-73.99379507782488,40.82709700074159,-73.95366891198982,Clear,29.826299723002165
TRIP_04133,2026-08-03 12:38:33,40.776394621096934,-73.99230444565764,40.765795559533906,-74.03022945367935,Clear,10.55705186856181
TRIP_04134,2026-08-02 02:31:44,40.70725937198605,-74.0821586232087,40.73207623553497,-74.09145895406792,Clear,6.508728186769559
TRIP_04135,2026-08-12 00:17:04,40.693387847323926,-74.03257057005692,40.730302344105525,-74.06656575611858,Clear,9.992700949505242
TRIP_04136,2026-08-19 09:37:49,40.71000397757389,-74.01565410370033,40.7432724267238,-74.01023819770579,Clear,18.487322090445982
TRIP_04137,2026-08-15 13:55:47,40.729697876411606,-73.95348402238618,40.72373889815756,-73.92064225995664,Snowy,19.98735548820156
TRIP_04138,2026-08-04 18:20:39,40.75736518434349,-74.03655005620448,40.70560572765681,-74.0131799177425,Clear,27.389503251392615
TRIP_04139,2026-08-25 00:19:21,40.71301149294971,-73.96618299901256,40.74342030185625,-73.87442679732884,Clear,18.369155236538706
TRIP_04140,2026-08-22 12:40:00,40.74374431490116,-74.00608108584817,40.75916932455186,-73.9534736173145,Rainy,19.370497167580712
TRIP_04141,2026-08-15 14:13:04,40.79471798661355,-74.01485840575573,40.797717868824705,-74.02279314126044,Clear,8.429884516099786
TRIP_04142,2026-08-17 05:40:30,40.73186548061324,-73.99355530154334,40.7747838415247,-74.00946695168813,Clear,12.445202763442616
TRIP_04143,2026-08-20 18:58:54,40.72838264280024,-74.02555781861264,40.747035056655605,-73.92435718038338,Clear,39.832619987753205
TRIP_04144,2026-08-21 16:38:39,40.636854458745496,-74.02745186240463,40.61727860716246,-73.97557470223263,Clear,13.148057523465331
TRIP_04145,2026-08-15 05:00:40,40.581263493158545,-74.09123929528951,40.54331992448566,-74.05355820707142,Clear,14.43712211846867
TRIP_04146,2026-08-07 21:51:50,40.73221878646151,-74.0183977103664,40.71834988850751,-73.99615215599994,Clear,10.848736496288446
TRIP_04147,2026-08-04 00:40:01,40.708058788435956,-74.02999840730743,40.799849157278956,-74.00179276028318,Snowy,34.3179423565309
TRIP_04148,2026-08-16 01:34:45,40.687060866254264,-74.03179904946745,40.72874416947225,-74.05626124773192,Clear,13.934499287773134
TRIP_04149,2026-08-13 16:09:02,40.724976510209316,-73.9851563468705,40.75063488046857,-73.96044517176459,Rainy,14.791337586002411
TRIP_04150,2026-08-04 04:42:37,40.70977981354016,-73.97306840236047,40.72432998572459,-73.95093146043669,Clear,7.949301793013519
TRIP_04151,2026-08-01 18:29:38,40.7691890125317,-73.99439027476788,40.78176722433327,-74.00151444006093,Clear,13.269712745358923
TRIP_04152,2026-08-23 09:28:43,40.71710554341295,-73.95622924047753,40.77212142291372,-73.95238503408459,Clear,28.67105292669226
TRIP_04153,2026-08-12 00:40:16,40.675453835746495,-73.97722190370848,40.68073596348939,-73.91176661190518,Clear,10.893059924899337
TRIP_04154,2026-08-23 11:59:01,40.76230831194797,-74.02075280949028,40.7996159242685,-74.00450805709912,Rainy,17.25984820776498
TRIP_04155,2026-08-09 11:59:24,40.70194344625269,-74.02914281428572,40.71149060774395,-73.94700767520973,Clear,17.699428173497722
TRIP_04156,2026-08-25 03:53:43,40.739126834183615,-73.99035888816165,40.81733153313867,-74.02257927125628,Clear,19.10238152651765
TRIP_04157,2026-08-18 02:21:32,40.68892946469036,-73.97731164450491,40.73119811991771,-73.97297555009168,Clear,12.319773647638428
TRIP_04158,2026-08-23 17:55:20,40.68030865572513,-73.93610778464843,40.73767536016564,-73.96252614118583,Clear,31.11467080711417
TRIP_04159,2026-08-23 07:50:21,40.71700841150928,-73.946441347753,40.71947611826864,-73.96272402136975,Rainy,10.951380250808235
TRIP_04160,2026-08-25 03:25:22,40.713441432177184,-74.03307365032536,40.76518551555421,-74.03791982149514,Rainy,14.244301313756068
TRIP_04161,2026-08-16 16:59:22,40.736791351768346,-74.01110031400637,40.74741402900651,-73.98164102520325,Rainy,-99.0
TRIP_04162,2026-08-09 07:51:31,40.699367712334514,-73.97244910975411,40.722668757052496,-73.9444443246217,Clear,10.986962024856911
TRIP_04163,2026-08-19 06:43:00,40.62098201081148,-73.95260011109706,40.690033440930065,-73.95297882068589,Clear,22.454991664804954
TRIP_04164,2026-08-24 16:22:37,40.69116130582058,-73.95905152656476,40.679878054117886,-74.00588551328487,Clear,13.689355941553302
TRIP_04165,2026-08-24 21:04:24,40.75249092335719,-74.00919389164157,40.77858835529636,-73.94486310545061,Clear,17.77561863619211
TRIP_04166,2026-08-20 06:53:57,40.69793119603785,-74.06870113262143,40.73107135379341,-74.05727407410252,Clear,10.285440559674292
TRIP_04167,2026-08-22 11:36:33,40.70048082987427,-74.05594681881227,40.7360809612983,-74.06943552392131,Snowy,24.189951115441477
TRIP_04168,2026-08-04 16:56:56,40.762118825295296,-73.99236832428403,40.76859529050249,-73.96412040085193,Snowy,17.048308060153186
TRIP_04169,2026-08-08 19:36:16,40.677201338637055,-73.98888872102879,40.7597892616613,-73.9627553659131,Snowy,74.03616735219425
TRIP_04170,2026-08-20 03:52:49,40.63565983908786,-74.06093396867172,40.61681188252765,-74.05061426262172,Clear,7.4498555281669105
TRIP_04171,2026-08-18 17:15:42,40.70476844402373,-74.00377151945554,40.7685350056827,-73.9793155889863,Clear,35.84193050226882
TRIP_04172,2026-08-08 11:17:53,40.688591302437565,-73.97443878215141,40.745043270605315,-73.98908967736365,Rainy,21.35906359439266
TRIP_04173,2026-08-18 07:15:29,40.664487684012336,-74.06356133287535,40.741514347700445,-74.02076394758006,Rainy,30.358022493058627
TRIP_04174,2026-08-17 01:29:20,40.704031077205066,-73.95075013990979,40.67638426424383,-73.96065615275249,Rainy,10.98631462569395
TRIP_04175,2026-08-22 14:24:21,40.73737528236234,-74.02487655742799,40.73131033772565,-74.02304364708709,Clear,4.972553776278492
TRIP_04176,2026-08-24 06:32:01,40.712335571921614,-73.94311934437117,40.777093863696464,-73.90365528988661,Rainy,27.390260071273385
TRIP_04177,2026-08-04 15:11:16,40.72814905363431,-74.0326726222888,40.6918378789954,-73.97655385333849,Clear,18.164875906484877
TRIP_04178,2026-08-24 03:15:38,40.803470384925774,-74.0573312741442,40.77527661789456,-73.98975803710282,Clear,14.894271016283062
TRIP_04179,2026-08-23 07:56:08,40.695656056922125,-74.02890684949209,40.70100682332078,-73.97723290233809,Rainy,17.726903298027636
TRIP_04180,2026-08-14 22:08:46,40.72671743173223,-74.01075740615387,40.7524772453909,-74.00047957166792,Clear,9.610033954812709
TRIP_04181,2026-08-21 03:02:53,40.68733933187004,-74.02542399533857,40.75510608407951,-74.05165498741158,Clear,17.04893620437043
TRIP_04182,2026-08-10 03:29:49,40.67048201400565,-74.01680007107866,40.68492403655774,-73.95464840351057,Clear,12.96574540048933
TRIP_04183,2026-08-11 18:18:49,40.683554617329115,-73.98930174251619,40.68530744288718,-73.92818086284905,Clear,27.89901618595822
TRIP_04184,2026-08-13 03:02:47,40.68886207142392,-74.01455896848982,40.71820376955481,-74.01471825309042,Clear,11.586286939650309
TRIP_04185,2026-08-14 09:37:39,40.73077378987736,-74.0093056196976,40.76486168437619,-73.96166994856286,Clear,23.25373394144473
TRIP_04186,2026-08-24 15:09:53,40.83025378933504,-74.09146131996013,40.863490984000144,-74.08142665377805,Clear,11.944741980726151
TRIP_04187,2026-08-21 06:50:27,40.67699782818621,-73.98641509919948,40.69165824194767,-73.92137679269412,Clear,17.118794618203296
TRIP_04188,2026-08-18 12:07:26,40.691968734719225,-74.01046016488458,40.65331615130168,-74.00590610475669,Rainy,14.553781109597342
TRIP_04189,2026-08-14 08:43:05,40.70964384934444,-73.92548535097586,40.70211536967125,-73.84612581234941,Clear,32.33844705442263
TRIP_04190,2026-08-20 21:27:22,40.73258994243549,-74.0529782583627,40.795198074993515,-74.00939464193475,Rainy,27.471929570918302
TRIP_04191,2026-08-12 23:50:43,40.72597754059774,-74.09641476642497,40.751589608737035,-74.02248842108439,Clear,16.871622956826023
TRIP_04192,2026-08-22 21:57:06,40.77700478969741,-73.9750965753035,40.7873291261242,-73.96901049339299,Clear,9.75389661976003
TRIP_04193,2026-08-15 15:29:03,40.591480396473244,-73.98867364908435,40.645025452924465,-73.95652276095102,Clear,18.911290196751338
TRIP_04194,2026-08-06 15:46:01,40.59345350649022,-74.05642165102655,40.57955000751915,-74.06550002697688,Clear,3.986079819325563
TRIP_04195,2026-08-24 02:46:30,40.688006091399494,-74.08248744775021,40.701245647388106,-74.03716777018664,Rainy,14.012147043640677
TRIP_04196,2026-08-25 07:11:53,40.76766500937719,-73.92913016346579,40.79179776153241,-73.88215891748067,Clear,14.982559604011222
TRIP_04197,2026-08-02 14:39:58,40.63451759841972,-73.93529448046966,40.641276273320884,-73.84338376292362,Snowy,32.81799243254524
TRIP_04198,2026-08-22 10:16:53,40.56241838301531,-74.13037283793531,40.58544126770236,-74.09591164401873,Clear,16.824646455213262
TRIP_04199,2026-08-21 21:32:51,40.74135897031096,-74.02891115146282,40.755728152368306,-73.98718832538763,Snowy,22.550160292338763
TRIP_04200,2026-08-23 14:20:53,40.72498286118514,-73.92279039726081,40.70300256975156,-73.91691530855593,Clear,7.489124888261653
TRIP_04201,2026-08-02 23:41:51,40.65828957966003,-74.0298031278889,40.6837339161164,-73.99356174670984,Clear,14.786798802042949
TRIP_04202,2026-08-06 02:24:12,40.663523019963954,-74.03053061170134,40.64367246621857,-74.02192734796196,Clear,8.243934108412306
TRIP_04203,2026-08-24 14:05:40,40.66431281401827,-74.02013796638147,40.68928126777117,-73.9966621436162,Clear,14.522843100212956
TRIP_04204,2026-08-10 08:49:40,40.7183267658737,-74.0620448486884,40.779550840598205,-74.03680937884202,Clear,30.884692237980733
TRIP_04205,2026-08-24 17:40:04,40.681484236190855,-74.09123878721141,40.69305354027257,-74.08180793341188,Clear,15.947604354875313
TRIP_04206,2026-08-13 11:40:18,40.737503195948776,-73.95337263446326,40.72235870204965,-73.93148428156701,Clear,10.101541557270693
TRIP_04207,2026-08-20 00:42:36,40.57006866685478,-74.09814684531239,40.58625903245863,-74.08940570040379,Rainy,11.2583448791847
TRIP_04208,2026-08-07 12:54:37,,,40.664998273501254,-73.98502836114558,Rainy,4.793733189834078
TRIP_04209,2026-08-13 05:46:07,40.65649730195445,-73.96167102536212,40.694332572033396,-73.90937108581706,Clear,15.528756641412915
TRIP_04210,2026-08-11 09:40:03,40.69998296608138,-74.07856131494506,40.71554330365569,-74.05329890569027,Clear,18.117433308547323
TRIP_04211,2026-08-14 03:23:46,40.68589761207549,-74.05221342012976,40.75719050962543,-74.02180143196375,Clear,17.0219508586087
TRIP_04212,2026-08-21 09:45:24,40.75269218899479,-73.94534104058042,40.807581876865115,-73.96906018364999,Rainy,36.29674355361687
TRIP_04213,2026-08-06 15:56:43,40.619833161417,-73.97935541398864,40.635240746282555,-73.94665166403374,Clear,10.898720623817663
TRIP_04214,2026-08-04 00:29:35,40.71507457381654,-74.03686428534394,40.756542845855726,-74.00095158142469,Clear,13.389875603183865
TRIP_04215,2026-08-25 12:38:14,40.74071682116059,-73.94588754983194,40.7489197288857,-73.9378377085126,Clear,9.701273841968328
TRIP_04216,2026-08-06 13:49:03,40.805632371828096,-73.94567321382729,40.82665107838305,-73.86312232353947,Clear,18.590745802626515
TRIP_04217,2026-08-01 02:44:49,40.68871170144533,-73.99254736534921,40.697868675554815,-74.04122418327474,Clear,7.361792358550035
TRIP_04218,2026-08-04 03:42:13,40.729022930217624,-74.05100801139368,40.772016609013114,-74.00747699732057,Clear,18.609227457382737
TRIP_04219,2026-08-25 06:02:06,,,40.68559650867317,-73.98528829102494,Clear,21.995076206308337
TRIP_04220,2026-08-08 11:06:55,40.59320218978435,-73.99168066280222,40.63716163600009,-73.95543317484224,Clear,15.750868635068997
TRIP_04221,2026-08-16 16:25:53,40.75503871878909,-74.01542974145737,40.80269681682765,-73.99014336028822,Clear,18.799812278953084
TRIP_04222,2026-08-04 16:17:57,40.7125219853176,-73.95905214108826,40.760212988434674,-73.92253176140952,Clear,19.129489310451987
TRIP_04223,2026-08-04 16:46:53,40.771725634489925,-74.08248870400547,40.808263312159966,-74.0364434396188,Clear,17.215387398870792
TRIP_04224,2026-08-17 12:24:57,40.64412985555151,-74.08071317645332,40.6299512707752,-74.08248980396827,Clear,7.213292600174984
TRIP_04225,2026-08-03 11:26:16,40.73879510697644,-73.99695644442588,40.80982425255893,-73.96798057576048,Clear,22.86740935790754
TRIP_04226,2026-08-22 21:38:38,40.80624089202719,-74.03057722069035,40.88037321682814,-74.01607672595105,Clear,23.84491070050681
TRIP_04227,2026-08-11 15:35:15,40.73378528041786,-74.03735243073488,40.746768892318464,-74.05016548274165,Clear,5.165192127902372
TRIP_04228,2026-08-05 18:53:28,40.726629075279554,-74.09440283595872,40.73550813782307,-74.05288773672032,Clear,22.534189773676463
TRIP_04229,2026-08-14 06:40:56,40.71322780404122,-74.00502270776009,40.75160015362868,-74.0019535205006,Rainy,18.21041661600292
TRIP_04230,2026-08-13 15:20:03,40.634255927143705,-74.00863775540004,40.67078031219921,-74.03357351564343,Clear,14.679721711276262
TRIP_04231,2026-08-07 02:51:14,40.78057864678552,-73.97332605090241,40.794520264722934,-73.96949937072347,Clear,6.625742366269135
TRIP_04232,2026-08-25 20:25:45,40.68225711800975,-74.00255469334395,40.664756348342124,-74.00652166028675,Clear,18.480508126700943
TRIP_04233,2026-08-07 17:24:36,40.73802416281915,-74.01263020391202,40.76719519854164,-73.96177583363632,Clear,27.9208725037982
TRIP_04234,2026-08-21 19:07:58,40.63464828467144,-73.94714996816049,40.67119138081671,-73.92255417394375,Snowy,43.21700211754963
TRIP_04235,2026-08-20 17:52:18,40.65382701677461,-74.07162336517243,40.695601651215775,-74.01015188280174,Rainy,44.9075028882313
TRIP_04236,2026-08-20 02:54:37,40.784554369961114,-73.97918053905762,40.81503315313174,-73.97917722599462,Clear,9.06639865794616
TRIP_04237,2026-08-18 14:45:55,,,40.70730143110125,-74.04333226208288,Clear,10.456135657807625
TRIP_04238,2026-08-21 21:07:10,40.78546377380213,-74.04791809400004,40.835283834987315,-73.9427294065558,Rainy,34.08055234419043
TRIP_04239,2026-08-11 11:47:38,40.708888467047075,-74.06663285663116,40.730863921974056,-74.03595188261734,Rainy,16.20070088346219
TRIP_04240,2026-08-03 01:34:30,40.62070511135211,-73.96690287322741,40.626757420921166,-73.92105340735772,Clear,9.553909573550683
TRIP_04241,2026-08-08 19:07:03,40.757403379986584,-74.00927051167977,40.77198377852521,-73.96846498175302,Clear,22.41473750832409
TRIP_04242,2026-08-23 12:21:25,40.683305384112224,-74.00667516222966,40.65092631313797,-74.02933742205244,Rainy,10.738631538531209
TRIP_04243,2026-08-17 23:21:17,40.747734440675856,-74.06133664938648,40.7622671859505,-74.02376213046246,Rainy,15.008338111965875
TRIP_04244,2026-08-05 11:01:41,,,40.75471363897325,-73.99179098517716,Clear,17.09471450839287
TRIP_04245,2026-08-07 14:58:25,40.63564408860286,-74.04417326516545,40.665837579267034,-74.0319656866674,Clear,9.347873524278768
TRIP_04246,2026-08-22 06:14:47,40.72101473826853,-73.98682724925729,40.78663466345797,-73.99334834048344,Clear,18.283563003105208
TRIP_04247,2026-08-22 00:46:02,40.822611157107644,-74.05555455676658,40.834721909687175,-74.01473505955677,Clear,12.79949636878269
TRIP_04248,2026-08-10 15:01:16,40.73744932292573,-73.93951028173974,40.772068717817326,-73.94868239392807,Clear,10.542823701843874
TRIP_04249,2026-08-01 03:42:16,40.709924112349725,-74.08977902248121,40.7537063176389,-74.00576965434075,Clear,18.70280749264823
TRIP_04250,2026-08-02 00:28:59,40.766567170097844,-74.04632599162282,40.856852880346466,-74.02290091911817,Rainy,25.496547578059833
TRIP_04251,2026-08-06 10:35:23,40.72333342326016,-73.92213997450169,40.747676387993685,-73.93883918593528,Clear,18.5823843853393
TRIP_04252,2026-08-11 04:29:09,40.723276711513144,-74.0277569373981,40.711951096147224,-74.02317682574794,Clear,6.207764754783966
TRIP_04253,2026-08-05 23:58:57,40.65821874139205,-74.07174393322022,40.703656603992705,-74.06008796336891,Rainy,15.339661782067157
TRIP_04254,2026-08-22 21:02:37,40.72449240128948,-73.99504642187311,40.80046422196853,-73.9026751222554,Clear,28.745398540353264
TRIP_04255,2026-08-13 15:38:17,40.76457217082085,-74.02976961211073,40.77489570951405,-74.03630728051502,Rainy,8.824023482956125
TRIP_04256,2026-08-03 05:41:47,40.670996892395,-74.04779351278091,40.7162293385532,-74.03128003067846,Rainy,12.486538051792675
TRIP_04257,2026-08-25 12:24:23,40.78402479106235,-74.06079354053993,40.84088663271922,-74.05692839163588,Clear,15.806775786470372
TRIP_04258,2026-08-24 08:58:15,40.708214698792744,-73.86758131971871,40.75872666511185,-73.83260356515126,Clear,26.201674000944607
TRIP_04259,2026-08-11 08:41:10,40.66841152442307,-74.0185775950092,40.69217828009728,-74.01423409742036,Rainy,18.290655002293263
TRIP_04260,2026-08-25 20:30:53,40.76268160384601,-74.10227836801664,40.76172739109962,-74.11645006800083,Clear,14.052588706367825
TRIP_04261,2026-08-15 20:44:48,40.69846028821309,-73.93131451204972,40.716021901772685,-73.91717334944362,Clear,16.890600614218908
TRIP_04262,2026-08-04 10:00:27,40.75077574437431,-73.97544645474447,40.78453375799064,-73.96442827004444,Rainy,27.19337337486437
TRIP_04263,2026-08-01 02:54:14,40.69821206838707,-74.04432332155099,40.745458744109825,-74.04209065287971,Clear,13.452636889761955
TRIP_04264,2026-08-01 22:57:25,40.70980869282351,-74.05265595443431,40.73982704426348,-74.04882026520123,Clear,10.878541190525153
TRIP_04265,2026-08-16 16:08:04,40.73747801021672,-73.97232636019208,40.746080771220505,-73.91678548625565,Clear,15.365791589768978
TRIP_04266,2026-08-06 14:59:40,40.727344852879504,-74.01834591637447,40.764006242563994,-74.0079381228025,Clear,11.38034944661422
TRIP_04267,2026-08-03 18:20:44,40.61302341097741,-74.10229889092226,40.6588259630097,-74.1163227207966,Clear,28.982298897378712
TRIP_04268,2026-08-13 22:34:51,40.65673781299528,-73.91663800176977,40.68812611468772,-73.91050148068376,Clear,10.08901832561792
TRIP_04269,2026-08-14 01:56:41,40.75927049923954,-74.0276995231108,40.75418488580339,-74.00606945332683,Clear,11.432402564046019
TRIP_04270,2026-08-09 12:42:33,40.706193170554926,-73.93122141317588,40.72075098951341,-73.95130950227242,Clear,9.700683759459215
TRIP_04271,2026-08-16 04:00:39,40.68661343486143,-73.94207825210171,40.7350480581538,-73.87329891330151,Rainy,22.42452174767366
TRIP_04272,2026-08-22 15:45:57,40.644871299237124,-74.05605047722415,40.62338076497479,-74.01002309289896,Clear,13.93079432311939
TRIP_04273,2026-08-02 17:57:20,40.65881318393621,-73.95434050678185,40.61601784326447,-73.89143532447328,Clear,34.7611764162199
TRIP_04274,2026-08-07 11:30:46,40.611710068001905,-74.03857212749318,40.676952553506226,-74.00680828372855,Clear,20.43039598082521
TRIP_04275,2026-08-22 01:53:16,40.70773596406492,-74.0993350293402,40.74307842171558,-74.1421459528441,Rainy,15.426924892593416
TRIP_04276,2026-08-11 01:59:50,40.68287812097095,-74.02722990830111,40.721080021046554,-73.96116989680195,Clear,15.561007769453173
TRIP_04277,2026-08-05 16:47:59,40.66447060545074,-73.98611812491119,40.65216609624193,-73.99202517570248,Clear,9.155737489109407
TRIP_04278,2026-08-13 12:44:31,40.709393828741604,-74.02913683239981,40.7515196706456,-74.03260243471988,Snowy,23.618116652887856
TRIP_04279,2026-08-05 04:19:50,40.73099853154264,-74.02135241704626,40.75925599216969,-73.9966626627276,Rainy,14.708886025200814
TRIP_04280,GARBAGE_TIMESTAMP_TEXT,40.8174598966105,-73.94882169775357,40.78993006927505,-73.88747480235347,Clear,28.637368198784213
TRIP_04281,2026-08-07 02:44:02,40.63720582902184,-74.00067530098549,40.69993433145005,-73.94907668696692,Rainy,20.539870677672205
TRIP_04282,2026-08-06 21:26:28,40.77076905216503,-74.04816491556424,40.79552955187359,-74.00097648195896,Snowy,23.007479617061854
TRIP_04283,2026-08-15 03:04:02,40.76145507805076,-73.97089848381664,40.76957255906838,-73.96025329540288,Rainy,8.742459485376806
TRIP_04284,2026-08-19 20:47:16,40.67384536303117,-73.99611622165229,40.682505670651615,-73.98594444743505,Clear,12.467535132590013
TRIP_04285,2026-08-09 21:40:45,40.722961797729305,-74.13208024007311,40.682505140566334,-74.10170193003371,Clear,13.261338953038887
TRIP_04286,2026-08-23 10:57:09,40.68991833753312,-73.98458235431143,40.727718435522064,-73.96848447954993,Clear,25.567454145232123
TRIP_04287,2026-08-23 04:54:25,40.72208442902094,-73.9864085646142,40.74994014523831,-73.9397290273943,Clear,10.077319024583781
TRIP_04288,2026-08-04 10:26:37,40.788256550670226,-74.00499394352096,40.802434146700236,-73.9600904135861,Clear,18.05855390366738
TRIP_04289,2026-08-02 02:49:31,40.743080311631566,-73.96141497094652,40.801434867855114,-73.92367473131134,Clear,13.992962582616649
TRIP_04290,2026-08-18 06:52:44,40.73823041866167,-74.03961967921633,40.716714648091795,-74.09539851766941,Clear,16.011506627357356
TRIP_04291,2026-08-13 05:34:30,40.69128453400227,-73.98917501055895,40.693381359711246,-73.96533535964863,Clear,7.384557746640114
TRIP_04292,2026-08-10 20:36:42,40.63859716675378,-74.08434796855836,40.63309691911097,-74.06761358498034,Clear,18.31423851075877
TRIP_04293,2026-08-04 09:03:59,40.70237658947298,-73.98564548083006,40.71401274007984,-73.96060471277727,Clear,14.385498009934825
TRIP_04294,2026-08-13 07:37:10,40.773130407743196,-73.908347015223,40.795154508500914,-73.91097675437939,Clear,10.390225919333643
TRIP_04295,2026-08-02 17:17:21,40.63644160717052,-74.05574281762338,40.66934201288486,-74.07548639493535,Clear,25.727777856643808
TRIP_04296,2026-08-12 16:50:16,40.660045531591166,-74.0439901065994,40.66963632799801,-74.01009595220015,Snowy,17.556201056531165
TRIP_04297,2026-08-04 16:15:40,40.719113386811706,-74.04150077214457,40.71279271475706,-74.03218981167653,Rainy,10.64643489507958
TRIP_04298,2026-08-11 11:42:44,40.66356726075764,-73.99950008870992,40.73414746925075,-73.9622592988987,Clear,18.241272480892903
TRIP_04299,2026-08-22 07:45:17,40.67317382764424,-74.05915181364269,40.7655230333979,-74.05927924497323,Clear,29.05504662939972
TRIP_04300,2026-08-14 15:46:53,40.691620070913594,-73.98493763106545,40.71591867107006,-73.92246031185067,Clear,18.827937256003555
TRIP_04301,2026-08-20 06:07:29,40.644519129790496,-73.96365800272655,40.64181571877987,-73.91362605744942,Clear,12.102677342859177
TRIP_04302,2026-08-06 12:16:39,40.664093907689185,-73.97928263932731,40.72835753162045,-73.95037782607093,Clear,21.759364915994304
TRIP_04303,2026-08-11 16:08:01,,,40.72456868264951,-74.08081942368348,Clear,13.313206462073268
TRIP_04304,2026-08-10 21:23:20,40.64743151088845,-73.95624161674208,40.65738831114731,-73.91066935040813,Clear,10.424183093826885
TRIP_04305,2026-08-14 01:04:16,40.632906393275256,-73.95913162928731,40.63202288173487,-73.92735519483018,Clear,7.093505754677175
TRIP_04306,2026-08-24 07:29:49,40.681298751023306,-73.96449193138268,40.66651268450979,-73.93733440574476,Clear,13.330830473256759
TRIP_04307,2026-08-22 23:25:07,40.749397775125495,-73.98735788756721,40.76099704813784,-73.93607192528043,Rainy,14.712194287229327
TRIP_04308,2026-08-12 13:29:54,40.702953909600154,-73.99499053428974,40.697028747224934,-73.93219444965754,Rainy,21.24228122529004
TRIP_04309,2026-08-03 13:26:35,40.68957094609422,-73.95438053009369,40.70995058001868,-73.97195286562825,Clear,10.555080560853257
TRIP_04310,2026-08-01 08:13:57,40.71501793987578,-73.90982432561982,40.735833254905955,-73.92133584884031,Rainy,22.622994996138367
TRIP_04311,2026-08-10 17:41:06,40.62551462835702,-74.05365202316824,40.626874676651354,-74.05705984493261,Snowy,18.314480021375076
TRIP_04312,2026-08-08 13:35:26,40.737535282688754,-73.95209373021027,40.74641988199094,-73.97716646813957,Rainy,12.775438319293533
TRIP_04313,2026-08-11 09:48:36,40.731971751570185,-74.01031085490037,40.745046282533075,-73.99219331066745,Rainy,14.965841990571665
TRIP_04314,2026-08-10 09:53:06,40.69233457629522,-74.01248365260143,40.7366299581288,-73.9744801589441,Snowy,46.84164922612194
TRIP_04315,2026-08-17 19:11:36,40.76309622558982,-74.0828265345191,40.778643343557896,-74.06346908336766,Clear,19.01245550132597
TRIP_04316,2026-08-05 22:35:57,40.65642519505235,-74.02023947047577,40.701166247275935,-74.01626311972416,Clear,9.498946947193852
TRIP_04317,2026-08-07 23:33:00,40.76919544966268,-74.05586324789842,40.80676983916932,-74.00206951518454,Snowy,21.216699513081977
TRIP_04318,GARBAGE_TIMESTAMP_TEXT,40.72052468327976,-74.0291927214753,40.757670604186785,-74.0049760293791,Clear,12.406194337335876
TRIP_04319,2026-08-09 03:08:38,40.69597237050609,-74.06090931918891,40.75760774961647,-74.03061983016792,Rainy,20.800513995773073
TRIP_04320,2026-08-23 01:17:27,40.71180631823159,-74.02844541936565,40.698224591839214,-73.97381837521866,Rainy,11.3302592003043
TRIP_04321,2026-08-21 14:41:48,40.70743676170945,-74.02630551785117,40.713241268520235,-74.0100027760167,Clear,6.392260484466631
TRIP_04322,2026-08-07 10:06:42,40.77381414482089,-74.00116225407805,40.846713108829874,-73.91935583189931,Clear,42.66057186072724
TRIP_04323,2026-08-24 22:55:14,40.65896604362645,-74.08673749311457,40.67124654860877,-74.08017194323072,Clear,7.711024850611572
TRIP_04324,2026-08-19 18:55:56,40.674674038042674,-74.07827590738727,40.6102203273455,-73.99833746125188,Clear,43.260845970225404
TRIP_04325,2026-08-10 15:51:07,40.764615144603624,-73.98790428646348,40.778526094309186,-73.99714634192085,Clear,8.168255637119666
TRIP_04326,2026-08-01 01:28:41,,,40.70707143914571,-74.01034735876709,Clear,8.665309544098744
TRIP_04327,2026-08-10 09:08:49,40.75782665386658,-73.95227351048851,40.699313260343644,-73.9515494755527,Clear,31.469218681965316
TRIP_04328,2026-08-02 23:36:52,40.79777179915044,-73.99473651389924,40.857789868347076,-73.94114953038981,Clear,17.235594023511783
TRIP_04329,2026-08-11 05:07:39,40.69271024865292,-73.97566189248968,40.69129887473695,-73.97000887072544,Clear,3.4674780383695434
TRIP_04330,2026-08-25 09:42:50,40.74686811632877,-73.93546538397895,40.77672500978439,-73.90673924825963,Rainy,25.176539901048116
TRIP_04331,2026-08-25 13:10:34,40.65511538593301,-74.02148554059033,40.668335939572685,-74.02100180047158,Rainy,7.789849350606515
TRIP_04332,2026-08-01 20:22:02,40.75053666490339,-74.03472433527081,40.731886122327275,-73.9866075800608,Clear,29.015505928576637
TRIP_04333,2026-08-09 00:53:43,40.72277119929934,-73.96241487072005,40.71065595526027,-73.96208740853923,Clear,5.808874453054285
TRIP_04334,2026-08-12 05:39:30,40.73645191410801,-73.98052432180351,40.728399429015184,-73.91002187646123,Snowy,22.34166202009631
TRIP_04335,2026-08-03 20:10:25,40.680521396398234,-74.01536651549107,40.733091553673745,-74.02524642869992,Clear,29.829928714356587
TRIP_04336,2026-08-11 04:55:06,40.62974582922164,-73.9364271016522,40.645319683578634,-73.95679593920204,Clear,6.64334664694244
TRIP_04337,2026-08-19 06:41:07,40.73796260323748,-74.016612215492,40.742306637740924,-73.96806565314964,Clear,13.022911860091712
TRIP_04338,2026-08-21 20:29:13,40.60962984237603,-74.0043613181222,40.601591574998324,-74.00211062733011,Clear,12.359488150483823
TRIP_04339,2026-08-01 12:23:05,40.696932475387875,-74.00493886745829,40.75281698203366,-73.98515598686178,Clear,17.89762397898829
TRIP_04340,2026-08-06 20:04:34,40.759859093321,-74.05272969474493,40.823785131496706,-74.04239692936,Clear,32.25540097555111
TRIP_04341,2026-08-12 14:34:47,40.72239488679365,-74.00212073052568,40.77793720375485,-74.02149897854025,Clear,19.561073919068154
TRIP_04342,2026-08-18 08:07:42,40.810217132239494,-73.93616199113008,40.84499025241412,-73.91847180105422,Clear,20.15227678075852
TRIP_04343,2026-08-03 04:30:41,40.76405545762909,-73.98375158423119,40.792750358885215,-73.92580410738202,Clear,12.010535989796443
TRIP_04344,2026-08-05 07:05:22,40.68010508058372,-74.00444682868006,40.663626946044445,-73.95435271858089,Clear,12.802296964774174
TRIP_04345,2026-08-21 15:43:48,40.71416566899257,-74.01408836405828,40.72679109519124,-73.9871345811795,Clear,8.235734090750475
TRIP_04346,2026-08-08 03:31:52,40.71043146487278,-73.98945664857968,40.70991565877238,-73.93608859978862,Clear,11.733422240696148
TRIP_04347,2026-08-17 02:49:15,40.633691161832694,-73.96851166857554,40.59892579856315,-73.98029722611636,Rainy,15.292647326270638
TRIP_04348,2026-08-02 12:32:21,40.665780054175784,-73.97553805845551,40.71749135675074,-73.96530168832267,Clear,15.182905784223486
TRIP_04349,2026-08-24 02:32:29,40.68476195465101,-74.0225932430911,40.68388705625924,-73.99071909486919,Clear,4.616796535429145
TRIP_04350,2026-08-02 18:21:29,40.61098897485721,-73.9897609202945,40.666867232080264,-73.97367336509902,Clear,29.841517046146276
TRIP_04351,2026-08-03 00:22:25,40.715174673412584,-73.98200301294258,40.761627065435384,-73.96940771285688,Rainy,15.271582023061045
TRIP_04352,2026-08-24 08:07:36,40.70034640776735,-74.05635974937636,40.73704794706635,-74.07237906134598,Rainy,25.819046278335392
TRIP_04353,2026-08-01 14:48:46,40.62915530493442,-73.99758847294082,40.66754182708732,-74.0400287146001,Clear,14.945104641036048
TRIP_04354,2026-08-08 22:20:57,40.73301064326387,-74.11406519431512,40.734551226801656,-74.06952920156662,Clear,8.907215822327732
TRIP_04355,2026-08-03 08:51:13,40.74859363723455,-73.98187331450895,40.82432914177327,-73.95457666731137,Clear,35.90292567065001
TRIP_04356,2026-08-06 19:56:03,40.724151723943244,-73.97298284727187,40.74544548687184,-73.92592289592557,Clear,22.715856927423623
TRIP_04357,2026-08-24 11:27:34,40.696596591239555,-73.96862269371067,40.72565454179312,-73.96173977197542,Rainy,-99.0
TRIP_04358,2026-08-24 02:29:26,40.74237210758759,-74.02575234260848,40.74289981758059,-74.02713567915332,Clear,7.530646190696768
TRIP_04359,2026-08-21 16:05:46,40.746811018023834,-73.9905476582488,40.738876060200525,-73.97035121924971,Clear,11.691525029243387
TRIP_04360,2026-08-11 17:59:34,40.72817017848599,-73.93480230772295,40.76248905875027,-73.88917631826456,Clear,27.330626894041686
TRIP_04361,2026-08-17 10:37:36,40.671569387478264,-73.93531151758543,40.69809479235643,-73.92225508403506,Clear,19.41172757705506
TRIP_04362,2026-08-10 01:46:31,40.72663003827556,-74.00745863496132,40.722949467298484,-73.96340507943147,Clear,11.07627342542245
TRIP_04363,2026-08-11 23:56:45,40.77257403254128,-73.99903401846352,40.749421230978015,-74.00922325863131,Clear,8.25493153390012
TRIP_04364,2026-08-14 02:27:53,40.682968547069414,-73.95045444276327,40.66487085444959,-73.93529785675837,Clear,8.16841339312302
TRIP_04365,2026-08-22 15:45:41,40.817696966956625,-74.0810401007631,40.873580978469356,-74.06314352508545,Clear,-99.0
TRIP_04366,2026-08-22 07:11:04,40.686518453300735,-74.02215378713385,40.68812083886123,-73.96536208881619,Clear,16.350360440551846
TRIP_04367,2026-08-13 23:43:02,40.714420350667005,-73.93922147722316,40.72425309429673,-73.91299265528268,Clear,6.3223917521356565
TRIP_04368,2026-08-23 16:51:36,40.67917572019969,-73.95723997291576,40.74268592796246,-73.88485764736693,Clear,25.160080248781977
TRIP_04369,2026-08-23 05:44:37,40.72396354179602,-73.98753681111751,40.710299024951425,-74.00796735511594,Clear,11.007172571501778
TRIP_04370,2026-08-13 14:01:10,40.62568891536824,-74.08129162026653,40.62387907059672,-74.05739405313419,Rainy,13.534225139936682
TRIP_04371,2026-08-16 17:33:09,40.68549791005916,-74.00849551165206,40.68243490520234,-73.98311357047665,Clear,19.87470560150202
TRIP_04372,2026-08-13 07:06:47,40.658193939982574,-74.0354957698125,40.72673599441755,-73.9968929738849,Clear,16.407663112224586
TRIP_04373,2026-08-17 08:26:58,40.719566917394616,-73.98944805485914,40.79936842241209,-73.99384885295261,Rainy,48.5374621321342
TRIP_04374,2026-08-08 19:36:26,40.76252236877545,-74.04646733423975,40.80506926553751,-73.97593394405743,Rainy,47.762141087734236
TRIP_04375,2026-08-05 23:44:15,40.74510030935573,-74.05728616974874,40.78860185108036,-74.03689725150458,Rainy,17.930541989347855
TRIP_04376,2026-08-22 10:14:57,40.59421703195706,-74.10924326388418,40.596806381871474,-74.12185528927223,Clear,9.278688835422626
TRIP_04377,2026-08-17 14:22:24,40.81490348264639,-73.94490976575116,40.89332333725352,-73.92539051546358,Clear,21.73388037819997
TRIP_04378,2026-08-12 03:35:52,40.72756399703105,-74.02598852557216,40.75559488466181,-74.01538337125857,Clear,10.988947550597379
TRIP_04379,2026-08-16 14:39:58,40.67397504297535,-73.99814271081488,40.719568350908844,-73.89464565654745,Clear,23.0631384639729
TRIP_04380,2026-08-21 19:39:42,40.72065639594955,-74.00611190582372,40.737490647786416,-73.95461359783796,Clear,26.49810517420764
TRIP_04381,2026-08-21 23:16:02,40.721609491125136,-74.05937169664803,40.73356851350531,-74.03788185597678,Rainy,9.839197376413383
TRIP_04382,2026-08-07 11:00:42,40.67945756415242,-74.06895324557242,40.7493488319403,-74.0523107461284,Clear,20.402383484075106
TRIP_04383,2026-08-05 05:45:59,40.722695833367105,-74.05626575629987,40.75888754375926,-74.00773405042543,Clear,14.324593651694563
TRIP_04384,2026-08-17 22:24:24,40.68242638561899,-74.04215842194147,40.7459676494511,-73.99219255713162,Clear,14.929473476522528
TRIP_04385,2026-08-03 03:29:32,40.692581900365504,-73.98766968764932,40.72024174551785,-74.05501618522894,Clear,12.770079862226693
TRIP_04386,2026-08-04 13:20:06,40.678486043212246,-74.04578588317604,40.673035047119555,-74.00649608853404,Rainy,14.979200793706898
TRIP_04387,2026-08-21 23:06:00,40.64116643551302,-73.91867546842028,40.643666147526666,-73.89783647210092,Clear,4.445786176394756
TRIP_04388,2026-08-02 22:02:17,40.72009182351077,-73.95464244820535,40.74318078078471,-73.97397676285895,Clear,11.326857061033204
TRIP_04389,2026-08-11 11:13:40,40.74206497182582,-73.96558202251671,40.74326996534452,-73.91917559832798,Clear,11.226229875811235
TRIP_04390,2026-08-10 12:23:23,40.73854417980382,-74.01198294512366,40.725320337544986,-73.92459730471691,Rainy,27.59482194196324
TRIP_04391,2026-08-03 08:23:59,40.75379626263177,-73.93028596321398,40.809838773585376,-73.89358208480914,Rainy,37.585281111443244
TRIP_04392,2026-08-02 22:39:27,40.72901701050075,-74.01690028155606,40.73267090837604,-73.96388742828836,Clear,12.585017694949823
TRIP_04393,2026-08-07 08:44:38,40.68616372508916,-74.00756307070772,40.7103095075229,-73.93343949794878,Clear,26.54619571829453
TRIP_04394,2026-08-07 00:33:20,40.75478319322156,-73.99750127301253,40.78366720091813,-74.00240913753413,Clear,11.998413458650859
TRIP_04395,2026-08-17 09:46:47,40.644924123007904,-73.97090884797284,40.64727952924829,-74.00663599132784,Snowy,32.32961579897925
TRIP_04396,2026-08-23 20:44:20,40.66776643087438,-73.97415459604986,40.73129041486364,-73.93444861415057,Clear,36.03427307646588
TRIP_04397,2026-08-08 08:57:32,40.66458999642884,-74.02975626392222,40.6510757435927,-74.01718461001546,Clear,12.234242064002283
TRIP_04398,2026-08-04 17:31:29,40.76680280295697,-74.0326496859713,40.79465156086439,-74.05387488954244,Clear,22.78680745883359
TRIP_04399,2026-08-25 00:34:41,40.759939425707,-73.9740048521424,40.7873229568983,-73.95634995022647,Rainy,9.195788604430108
TRIP_04400,2026-08-24 01:49:01,40.737165261852255,-73.97023817080544,40.75553762376633,-73.92841174959173,Rainy,13.741219301072915
TRIP_04401,2026-08-13 20:40:22,40.766396493260594,-74.02566755624115,40.74748911486243,-74.01013670618407,Clear,16.298977929173454
TRIP_04402,2026-08-23 01:01:04,40.668835860879405,-74.08535940348392,40.71496038743531,-74.08896423240597,Clear,11.71187671476004
TRIP_04403,2026-08-14 22:54:56,40.73022975599305,-74.01636580480042,40.77253507610309,-74.00307101660931,Clear,10.449269339042162
TRIP_04404,2026-08-03 13:00:40,40.70654127858084,-73.9748237100587,40.70627422272311,-73.95540800401774,Clear,6.677001479786583
TRIP_04405,2026-08-16 16:39:14,40.75514410519425,-73.91572915767901,40.79636872141041,-73.9536136255578,Clear,19.57904564979679
TRIP_04406,2026-08-21 07:06:40,40.707038788372394,-74.06589789811703,40.73828601896142,-74.05018114671215,Rainy,17.728975006654316
TRIP_04407,2026-08-02 09:36:47,40.6935528555795,-74.02732856264153,40.675134491218664,-74.04765877680587,Rainy,18.550735882056127
TRIP_04408,2026-08-21 00:05:41,40.73984542592805,-74.02547017807628,40.734227558490915,-73.98569939951564,Snowy,14.31968268325699
TRIP_04409,2026-08-10 18:44:25,40.756608458359565,-73.93820973302843,40.810756901706256,-73.96504101029603,Clear,33.86604436576169
TRIP_04410,2026-08-19 02:44:03,40.67938274025766,-74.00774707502293,40.70866522581192,-73.9573663088864,Clear,14.500487720556853
TRIP_04411,2026-08-25 07:11:53,40.709746216432386,-74.05136632796861,40.71281712805807,-74.04364128004502,Rainy,5.6414171639982555
TRIP_04412,2026-08-24 23:16:24,40.65987796831792,-73.9780652358539,40.65412369158274,-73.97435450705707,Clear,6.53690418083411
TRIP_04413,2026-08-01 01:08:54,40.58789694912535,-74.02623192600204,40.59243513518189,-73.99739828808298,Clear,8.508368656731681
TRIP_04414,2026-08-01 18:48:04,40.72282298157069,-74.0672193636679,40.729488595674354,-74.0732003970246,Clear,8.343382325465178
TRIP_04415,2026-08-15 19:23:56,40.74324526781273,-74.0506386653638,40.73786637683386,-74.0222762927399,Snowy,29.568562721955246
TRIP_04416,2026-08-12 03:31:46,40.72590334045434,-73.91929790227887,40.693650417082836,-73.92126116551952,Rainy,12.395241882616736
TRIP_04417,2026-08-03 13:35:50,40.615321914112286,-73.98678953891752,40.66952231270431,-73.98349157428726,Clear,17.163442906203006
TRIP_04418,2026-08-06 16:17:07,40.69525752849618,-74.00061199722737,40.74437653867452,-73.9684513721475,Clear,14.553443363139234
TRIP_04419,2026-08-19 19:11:16,40.601882611997446,-74.0184946867906,40.58368494844324,-74.03265210880264,Rainy,21.172947463054747
TRIP_04420,2026-08-19 00:10:41,40.78128505538271,-73.99139255789406,40.80537439424962,-74.00932267694694,Rainy,10.349311575685757
TRIP_04421,2026-08-16 04:48:27,40.658497270894095,-73.99198820269987,40.651430124812656,-73.96454143747756,Clear,6.840755575910032
TRIP_04422,2026-08-09 22:58:07,40.775570180473,-73.99139155858964,40.7877231637762,-73.97219855416432,Clear,6.332502607798401
TRIP_04423,GARBAGE_TIMESTAMP_TEXT,40.76009348218421,-74.00025774548611,40.769750484788,-73.97519696314183,Clear,15.312465915703227
TRIP_04424,2026-08-23 22:22:43,40.6677704823732,-73.96256008308472,40.67493545590166,-73.93273090598308,Clear,8.841423765724198
TRIP_04425,2026-08-24 03:58:53,40.65616075243661,-74.00484478269996,40.7362491649589,-73.98312351608575,Snowy,35.07801920149118
TRIP_04426,2026-08-18 22:08:52,40.730318510819316,-74.05489694177763,40.737108740279034,-74.01665416305862,Clear,11.03703943159579
TRIP_04427,2026-08-04 01:38:17,40.67058379814085,-74.03662114454504,40.66633588338884,-74.01369805593568,Clear,9.818065078699583
TRIP_04428,2026-08-02 01:41:02,40.71792423210791,-74.10495093467449,40.715046789223,-74.14517005166475,Clear,8.486052378358433
TRIP_04429,2026-08-19 01:25:34,40.688658620459655,-73.90465914419788,40.73997192915171,-73.93709568203774,Clear,12.115207422843286
TRIP_04430,2026-08-09 10:30:42,40.62374207927672,-73.96286227040237,40.59417900932593,-73.8850237949951,Clear,33.1139170684784
TRIP_04431,2026-08-03 04:11:46,40.60127659904378,-74.04750352475646,40.59839791155071,-74.0275013687447,Rainy,8.742676995688258
TRIP_04432,2026-08-23 16:15:16,40.72413421242473,-74.02009224246986,40.787538897628075,-73.97158499291834,Clear,22.75786343939546
TRIP_04433,2026-08-15 12:01:16,40.68472211268347,-74.03784382371032,40.7120416983234,-74.02821494087912,Clear,9.52416682411211
TRIP_04434,2026-08-01 09:03:41,40.685145509154296,-73.92887263943129,40.71090316930538,-73.9106130922631,Clear,19.702199886785575
TRIP_04435,2026-08-12 02:00:18,40.74759319195469,-74.07699385821354,40.831557585759,-74.07059479784166,Rainy,24.301544474375724
TRIP_04436,2026-08-01 18:35:26,40.77147211383162,-74.00027619705907,40.798862552420076,-73.90629837711522,Rainy,50.45619727470699
TRIP_04437,2026-08-13 13:13:23,40.69917276393191,-74.01142639212824,40.697927179091124,-73.98382911945731,Clear,8.927766166024833
TRIP_04438,2026-08-03 18:24:10,40.69577006465451,-73.96465806846454,40.70730775294822,-73.96070380562973,Clear,14.752776083519768
TRIP_04439,2026-08-09 05:57:35,,,40.72374418238478,-74.04074665278914,Clear,10.252235871533976
TRIP_04440,2026-08-05 08:32:22,40.644953221515024,-74.09391044383277,40.7026313327155,-74.01469844055069,Clear,36.90112774986697
TRIP_04441,2026-08-15 10:22:25,40.72395765273738,-74.01855589173212,40.761194504263486,-74.00345424328897,Clear,22.549756722594548
TRIP_04442,2026-08-01 16:46:45,40.740394298591106,-74.05460811089716,40.79412672309023,-74.01228123731032,Rainy,25.270633713123075
TRIP_04443,2026-08-09 22:35:40,40.74681151042088,-74.00202102267217,40.803201028277364,-73.95634110396297,Clear,17.246345176834314
TRIP_04444,2026-08-05 02:49:08,40.615962364874875,-73.93429114817398,40.623536041447046,-73.92817606387689,Snowy,11.460455904147917
TRIP_04445,2026-08-04 06:00:15,40.674732236509556,-74.09297126221162,40.66638965094929,-74.05279767895003,Clear,15.648152404646488
TRIP_04446,2026-08-25 05:37:13,40.668886837358826,-74.04601113676999,40.68733544401959,-74.04413528537253,Clear,6.361629669217572
TRIP_04447,2026-08-22 04:10:00,40.717794347720464,-74.03363464768917,40.71161151559681,-74.04334743855036,Clear,8.63043769655802
TRIP_04448,2026-08-20 09:00:52,40.7368372289884,-74.02508155477067,40.76178593525067,-73.9701476139953,Clear,25.499367622430967
TRIP_04449,2026-08-04 07:31:32,40.7876355203723,-73.96899371679474,40.84159842679734,-73.95373939818941,Clear,15.082771564681149
TRIP_04450,2026-08-08 13:23:48,40.688051725981595,-74.01467722087807,40.70300753660012,-73.97912183586999,Rainy,14.11171463413588
TRIP_04451,2026-08-09 05:00:54,40.68792137508454,-73.98520986371398,40.712421227781775,-73.95288223389753,Clear,11.097318764378421
TRIP_04452,2026-08-23 08:32:13,40.77028360094394,-74.03728865218659,40.78746823245724,-73.99815069338493,Clear,21.63750357300339
TRIP_04453,2026-08-24 10:39:22,40.727628846926514,-73.9945037827291,40.771710674099644,-74.02119989075514,Rainy,30.802024597172235
TRIP_04454,2026-08-12 05:48:42,40.7761825755594,-73.96711011845612,40.77614910373075,-73.96466883439561,Snowy,5.8314638322903685
TRIP_04455,2026-08-10 07:43:52,40.727236400150495,-74.04261497748685,40.681343012301205,-74.03234923221174,Clear,14.285691706694703
TRIP_04456,2026-08-04 20:20:29,40.654944169064336,-73.96693209400968,40.689070234845595,-73.97187645419672,Rainy,27.839106565864412
TRIP_04457,2026-08-13 02:19:35,40.64614358226111,-74.00338136156363,40.69577861490035,-73.97051115612314,Clear,10.12184732240664
TRIP_04458,2026-08-08 04:21:57,40.635224387547055,-73.95372698797588,40.66861561488981,-73.898120195648,Clear,9.133605666170961
TRIP_04459,2026-08-02 07:23:57,40.745902591737924,-74.01607099500384,40.746695676873884,-73.95571545534345,Clear,14.40686632077174
TRIP_04460,2026-08-05 15:52:14,40.77222984115435,-73.9869377672419,40.75817947820877,-73.9771139101982,Snowy,15.014926626893395
TRIP_04461,2026-08-19 12:10:15,40.805268107069324,-74.00803031158392,40.840103033022736,-73.97927133571018,Clear,15.445679693945277
TRIP_04462,2026-08-18 14:37:39,40.754955266616165,-74.01081061310202,40.77919963520421,-73.97744130796733,Clear,10.063772634638202
TRIP_04463,2026-08-04 20:57:47,40.77094192887675,-73.99305347858872,40.787168150047,-73.95441579576261,Clear,19.701834138570113
TRIP_04464,2026-08-21 10:57:51,,,40.75847308365714,-73.98550367873094,Clear,33.569913192156754
TRIP_04465,2026-08-02 21:03:13,40.65497920916281,-74.0684782455962,40.646575206337374,-73.99386083754825,Clear,17.73454208762778
TRIP_04466,2026-08-11 03:25:02,40.75530396662088,-73.93431831955911,40.828555077254705,-73.88652271402871,Clear,20.553203940327673
TRIP_04467,2026-08-24 21:56:36,40.73368403761197,-74.09898315202749,40.75463755475809,-74.05040367171671,Clear,15.854076360982148
TRIP_04468,2026-08-06 08:03:25,40.718172218717044,-74.04024060548694,40.68310510441092,-73.98413680377993,Clear,26.879327805269053
TRIP_04469,2026-08-07 12:41:43,40.732168574031654,-74.01071345353824,40.74679249440208,-73.97468937527026,Clear,12.60675321973952
TRIP_04470,2026-08-10 10:10:53,40.728959274122914,-73.9853822015457,40.777744156420894,-73.99620160423723,Clear,23.915012636649912
TRIP_04471,2026-08-06 05:19:25,40.77699084299268,-73.92719137361293,40.78603919200853,-73.91136055555958,Clear,6.820720019424192
TRIP_04472,2026-08-06 11:54:28,40.77754927924085,-74.09891457441125,40.7533059230037,-74.12844617626311,Clear,12.210713076815452
TRIP_04473,2026-08-14 17:58:24,40.74001101761702,-74.03138470641949,40.755075581663135,-73.99893253112852,Rainy,29.513507285657106
TRIP_04474,2026-08-23 18:41:41,40.755090143628145,-74.11234167438997,40.749374972411395,-74.09741808413493,Clear,15.058017639558383
TRIP_04475,2026-08-07 09:13:04,40.73850312762124,-74.00441890130449,40.773257559653885,-73.9856345728103,Clear,19.821199695785563
TRIP_04476,2026-08-25 21:10:28,40.68974151339827,-73.992415820775,40.73294350788029,-73.93629578687242,Rainy,22.50744897686841
TRIP_04477,2026-08-07 19:17:30,40.75062823374566,-73.92646021289144,40.73894012151322,-73.92017003404814,Clear,13.386551666208682
TRIP_04478,2026-08-11 19:56:34,40.64307524655704,-73.99996826195533,40.64190112490357,-73.9875319567185,Clear,9.677652851941886
TRIP_04479,2026-08-07 03:50:29,40.765494577614795,-73.95379874352788,40.80819385156801,-73.93313954464898,Snowy,20.093632125499486
TRIP_04480,2026-08-21 17:42:45,40.6530738530117,-73.97680814592304,40.647308524662726,-74.01200791340545,Clear,19.6494538939883
TRIP_04481,2026-08-10 13:35:22,40.727090164339735,-74.02776240985025,40.714625420264895,-74.01574431952311,Clear,9.366324785084233
TRIP_04482,2026-08-12 11:33:25,40.670542302078694,-74.0764480373396,40.6551815681248,-74.13102188470819,Snowy,26.41773966865009
TRIP_04483,2026-08-06 04:50:52,40.74046944915372,-73.99224988508541,40.771030607542464,-73.98981553194228,Clear,9.644914811184043
TRIP_04484,2026-08-15 09:38:18,40.711103738703606,-74.08060510085727,40.74037847028913,-74.03494942925549,Clear,20.866930319648187
TRIP_04485,2026-08-08 14:22:35,40.633062202091836,-73.94123964636651,40.63254082118046,-73.90782164961898,Clear,8.19909915921943
TRIP_04486,2026-08-13 04:25:42,40.73383498155093,-74.01410310510184,40.753987543434775,-74.01194771441546,Clear,6.3869221893935855
TRIP_04487,2026-08-16 19:17:59,40.683903961158364,-73.94624112942444,40.74971793268302,-73.92501718287772,Clear,37.42559585275951
TRIP_04488,2026-08-15 00:39:31,40.75685733604067,-74.03001072170662,40.747635531333124,-74.04226040872052,Clear,7.564588513623582
TRIP_04489,2026-08-04 08:18:06,40.71286628443672,-73.99255746067995,40.674314006166405,-73.97262776277444,Rainy,29.05522117805645
TRIP_04490,2026-08-15 02:25:43,40.7325710492694,-73.99553255713326,40.766223316541016,-73.88762294856848,Snowy,38.257527543242766
TRIP_04491,2026-08-23 01:50:55,40.66492155224924,-74.00825220590055,40.68160951733219,-73.93287816628938,Clear,17.718240028586006
TRIP_04492,2026-08-07 10:50:07,40.683333388428636,-74.02763297566983,40.682032635824186,-74.00605431176932,Rainy,20.473122752200826
TRIP_04493,2026-08-13 08:33:17,40.68986806819495,-73.98637719907647,40.729430475315596,-73.961572874129,Clear,24.98749379754432
TRIP_04494,2026-08-15 22:42:23,40.75563512401213,-74.05230816317416,40.80081187835219,-74.0616951226132,Clear,13.053446955032502
TRIP_04495,2026-08-15 20:17:13,40.796668854390276,-74.06647176644795,40.75042051379388,-74.07052543968648,Snowy,47.61300357344855
TRIP_04496,2026-08-21 18:12:56,40.672541412412855,-73.94385865533366,40.67296347513291,-73.91299312567051,Clear,14.762442976812451
TRIP_04497,2026-08-16 01:56:33,40.76664240723289,-73.96964160055539,40.85616789416879,-73.96538837752449,Clear,17.83537265681959
TRIP_04498,2026-08-17 21:58:21,40.60431612911372,-74.00270541956989,40.641818276587664,-73.95558093172434,Clear,16.080918586909323
TRIP_04499,2026-08-20 17:28:41,40.65309052994539,-73.92274288087282,40.693373639094304,-73.85565231044349,Clear,35.235049875531544
TRIP_04500,2026-08-12 02:28:05,40.664861077190665,-74.01938827593624,40.720047905549606,-73.98940965239281,Clear,14.369694573109152
TRIP_04501,2026-08-20 04:58:24,40.64517456552797,-73.93986483900055,40.66568663028396,-73.91681272282536,Clear,9.34021129244851
TRIP_04502,2026-08-21 07:49:15,40.63362058051062,-73.9972212957537,40.677521105313375,-74.02764468450103,Rainy,16.632515241081705
TRIP_04503,2026-08-14 05:10:26,40.73344994560689,-74.05723753750382,40.77499180692201,-74.01480923014566,Clear,14.355879790288462
TRIP_04504,2026-08-06 04:14:37,40.70209661511361,-73.91359799041146,40.738267860016194,-73.92790812945763,Clear,10.842630606995579
TRIP_04505,2026-08-21 15:17:52,40.73177026988026,-73.9564644576688,40.742109910761734,-73.94900473152781,Clear,7.245689572068644
TRIP_04506,2026-08-01 02:54:51,40.74732363430608,-74.01205105155047,40.772485401977065,-73.96326377477892,Clear,13.808528013792532
TRIP_04507,2026-08-24 02:06:13,40.72608084965863,-73.9696414370233,40.728430002729425,-73.91874869209403,Snowy,16.39537381249484
TRIP_04508,2026-08-18 23:14:12,40.74568815880752,-74.0261851716999,40.766072587944514,-74.02018039752039,Snowy,12.643111010143626
TRIP_04509,2026-08-19 21:01:38,40.70932338568789,-73.96454254824702,40.69426865892491,-73.95681001429462,Rainy,11.739585263702235
TRIP_04510,2026-08-13 03:37:17,40.65345033058471,-74.1255539282642,40.64973161084652,-74.1265334944619,Clear,2.9686645691481814
TRIP_04511,2026-08-19 14:34:51,40.76569070904104,-74.05699006668473,40.77722134778329,-74.07292567904452,Rainy,7.318894239442595
TRIP_04512,2026-08-17 15:12:21,40.68334439336095,-73.95703701278565,40.675033230418045,-73.95608087724878,Clear,4.549259129586821
TRIP_04513,2026-08-22 19:39:20,40.66602018506188,-74.01848277691094,40.670869666939524,-74.04687667747838,Clear,17.70754910501296
TRIP_04514,2026-08-14 03:06:09,40.703904106209784,-73.99562288525556,40.71898632690712,-73.95513100781031,Clear,9.586271327944255
TRIP_04515,2026-08-15 15:39:33,40.66715945403518,-74.07333928310577,40.69922732437511,-74.04150357495091,Rainy,18.068059306758197
TRIP_04516,2026-08-17 05:15:33,40.69192848090053,-73.9136066502149,40.74040619995612,-73.87679077166878,Clear,12.632998211125427
TRIP_04517,2026-08-24 20:17:10,40.730002696078174,-73.94647351781411,40.73608916493683,-73.95510563933136,Clear,9.952086459823969
TRIP_04518,2026-08-12 04:01:53,40.730217086962305,-74.01603426091877,40.79027022548036,-74.03188637782422,Clear,15.169650559573615
TRIP_04519,2026-08-24 17:53:37,40.66790849667872,-74.02623479284317,40.71606682903749,-74.00462936461376,Clear,29.029638248329853
TRIP_04520,2026-08-01 08:14:27,40.688414731352566,-73.95451978192902,40.72353754631089,-73.93259670498051,Rainy,29.6494398420561
TRIP_04521,2026-08-08 13:35:38,40.766516650238515,-73.90687647749155,40.79112612411741,-73.89129457231694,Clear,9.574068914861765
TRIP_04522,2026-08-20 07:41:49,40.7376200058867,-73.95831198720943,40.76719363114275,-73.94699648528507,Clear,7.805870928153983
TRIP_04523,2026-08-18 18:03:26,40.81655325196743,-73.89740986663017,40.87216478648742,-73.82608659329934,Clear,34.80816959608404
TRIP_04524,2026-08-13 05:20:25,40.77180640868708,-74.05211756645309,40.828513798479854,-74.0193368160993,Rainy,18.713429909692497
TRIP_04525,2026-08-13 22:53:29,40.770014653428,-74.04696934152494,40.83006305527951,-73.96784898978095,Clear,19.344867090719777
TRIP_04526,2026-08-16 19:58:41,40.64340657247721,-74.06544705590267,40.66464637743352,-74.00737810513972,Clear,28.113045618155574
TRIP_04527,2026-08-09 06:16:23,40.75099301758167,-73.98391196751753,40.78764203253163,-73.91281383973701,Clear,18.354980162169426
TRIP_04528,2026-08-20 06:26:01,40.71014465991516,-73.99721982250978,40.77045105511382,-74.00945370550046,Clear,15.386263181691739
TRIP_04529,2026-08-19 00:33:26,40.68525090982309,-74.0135975561736,40.686539428775596,-73.97580242644365,Rainy,8.056578097869243
TRIP_04530,2026-08-05 17:05:37,40.72120076702663,-73.96553706859383,40.73164826141508,-73.95849003326363,Snowy,24.019227581584687
TRIP_04531,2026-08-22 15:15:34,40.760060576730574,-73.94438356973927,40.78054167662098,-73.97428517108006,Clear,11.335134391948532
TRIP_04532,2026-08-03 22:35:37,40.737841579550214,-74.08228312046434,40.7848295416896,-74.01740302537767,Clear,15.369472349910234
TRIP_04533,2026-08-24 02:56:40,40.6688763099329,-74.03584860139506,40.716331474454456,-74.02465937716623,Clear,9.493195758872503
TRIP_04534,2026-08-03 05:52:51,40.749922945679636,-73.96499282029384,40.7629970223437,-73.97664586920185,Clear,4.874036984951424
TRIP_04535,2026-08-24 08:46:27,40.6809206228962,-74.02938693419293,40.65566233926481,-74.02182385009039,Clear,17.306587121634887
TRIP_04536,2026-08-09 04:52:26,40.72363415594822,-74.0459103038179,40.751019674277096,-74.04979702750111,Clear,9.46953262418113
TRIP_04537,2026-08-16 02:40:48,40.69763249662614,-73.95507312861749,40.69008301250629,-73.95588406764598,Rainy,6.623386927606745
TRIP_04538,2026-08-03 06:06:20,40.70185668741322,-74.0704750034862,40.677158601274016,-74.05712310519168,Rainy,16.975503160634783
TRIP_04539,2026-08-06 19:07:03,40.75111214875203,-74.02107899038955,40.73319600193002,-73.94915453459821,Rainy,40.40053189294251
TRIP_04540,2026-08-15 05:47:31,40.660790314009205,-73.98956779870976,40.690581744244575,-73.9895573152061,Clear,11.873993471230758
TRIP_04541,2026-08-05 11:45:57,40.81005975371385,-74.03469099569551,40.870890874541836,-73.96491287576893,Rainy,30.21922287659181
TRIP_04542,2026-08-06 02:28:18,40.62174569653528,-73.96684221719934,40.642912532022365,-73.92137711331996,Clear,11.41793381297214
TRIP_04543,2026-08-10 06:44:00,40.68291661583726,-74.03444384875986,40.70925803547664,-74.00255570185229,Clear,14.816512966712631
TRIP_04544,2026-08-01 16:21:35,40.73131059449709,-73.93556902532771,40.78679744266343,-73.89312542436015,Rainy,23.791528279080453
TRIP_04545,2026-08-14 05:29:45,40.742015708321766,-74.01228731487478,40.71568206104926,-73.99187764495966,Snowy,15.378343473841056
TRIP_04546,2026-08-15 00:19:15,40.707776213971414,-73.97243649316474,40.74338150661942,-73.91385499004883,Rainy,15.915284154408063
TRIP_04547,2026-08-04 01:00:12,40.709930464849926,-73.96869880235086,40.72958277132036,-73.93168939445285,Rainy,14.991751530470362
TRIP_04548,2026-08-16 07:21:03,40.733327504266384,-74.0373770001372,40.770309228031344,-74.06731697968796,Rainy,19.713280096249612
TRIP_04549,2026-08-02 12:36:56,40.701246526127115,-74.1086743274328,40.706742008875,-74.0797867694761,Clear,12.21677952925886
TRIP_04550,2026-08-23 19:52:23,40.78245906289675,-73.98796221226681,40.777920944183954,-73.94444301797704,Rainy,29.4203951417504
TRIP_04551,2026-08-13 04:15:59,40.75476745571158,-74.00238558264375,40.77898272284015,-73.99105561920179,Clear,10.776767789681024
TRIP_04552,2026-08-06 15:28:25,40.75644121755028,-73.97820869862124,40.825916957250314,-73.95442102243983,Clear,19.466789461607377
TRIP_04553,2026-08-22 23:12:42,40.66449216383148,-74.01732637361914,40.710319466967725,-74.01571211345937,Rainy,17.77744786996931
TRIP_04554,2026-08-21 00:03:02,40.70883057877972,-74.02752138494003,40.71359979567431,-74.04885015462193,Snowy,11.10250565706305
TRIP_04555,2026-08-18 22:15:44,40.697776702563964,-73.90557634945091,40.67754754148452,-73.93208765557885,Clear,9.078965008915514
TRIP_04556,2026-08-13 06:30:23,40.66251993121553,-74.07961770307554,40.632057912704596,-74.1057297426876,Rainy,18.46228709809813
TRIP_04557,2026-08-15 14:04:48,40.73080820919729,-73.9693024760818,40.790291192752804,-73.92923113380768,Clear,24.506694022170993
TRIP_04558,2026-08-22 21:10:23,40.685917712111014,-74.03473009290917,40.67726524346694,-74.08943854416046,Snowy,26.162581604791935
TRIP_04559,2026-08-13 09:46:33,40.74557019149251,-74.02278893088702,40.75580478910266,-74.02278332869592,Clear,13.470405640593151
TRIP_04560,2026-08-11 10:28:21,40.65929042185528,-74.0218551416287,40.71892675563761,-74.02482474018606,Clear,28.144389522932737
TRIP_04561,2026-08-01 07:57:48,40.79875203064209,-74.04617171370856,40.77033498697772,-74.03463649978818,Rainy,15.40885232537546
TRIP_04562,2026-08-08 12:22:04,40.6679833670704,-73.97743878948819,40.73275130235465,-74.01313173598628,Rainy,26.60167578879834
TRIP_04563,2026-08-06 19:24:24,40.72376511686002,-73.93646782020251,40.736155903243244,-73.9043511773603,Rainy,28.72746167777368
TRIP_04564,2026-08-14 16:15:27,40.752392965519405,-73.98249931693766,40.73793546606224,-74.00069415876246,Snowy,15.760301753056115
TRIP_04565,2026-08-09 18:59:01,40.68426797849,-74.0008309001894,40.696847450675534,-73.94685873396813,Clear,28.79548206264879
TRIP_04566,2026-08-04 19:40:35,40.755423432171646,-74.05532202495496,40.7537455287296,-74.05397499558262,Clear,7.182824150486507
TRIP_04567,2026-08-05 05:51:00,40.65134082010998,-73.98015873670877,40.68456541407715,-73.96302712741114,Rainy,16.24872793430022
TRIP_04568,2026-08-13 17:02:51,40.78540588495913,-73.89818251841353,40.7859619119425,-73.87806930271688,Snowy,23.947559249671006
TRIP_04569,2026-08-05 12:41:57,40.71350746324829,-74.02503473118975,40.67615819692072,-73.99770749960393,Clear,16.20633508211627
TRIP_04570,2026-08-03 10:32:58,40.68297942960156,-74.0247991789676,40.69636255356929,-74.00368874764271,Clear,13.695470647756608
TRIP_04571,2026-08-15 23:55:03,40.69784091137863,-74.03405445654904,40.67714455981003,-74.02686777301102,Clear,9.044324528670897
TRIP_04572,2026-08-15 06:46:03,40.75324596346964,-74.03047071172472,40.77937555998929,-74.0001792558039,Clear,10.807780061261653
TRIP_04573,2026-08-03 22:13:05,40.683577235407476,-74.14326497768361,40.667963325438976,-74.10928056376876,Rainy,14.242676791173238
TRIP_04574,2026-08-01 08:11:49,40.67533211552886,-73.98574823070722,40.6806917314337,-73.98870227072051,Clear,11.757469282464276
TRIP_04575,2026-08-03 20:30:50,40.701723170120815,-74.04827760881773,40.727200804247246,-74.01548657424853,Clear,22.046563984397586
TRIP_04576,2026-08-03 23:45:35,40.653951894361505,-74.08651315593958,40.66757813261048,-74.03076154686754,Rainy,16.632885900303233
TRIP_04577,2026-08-13 12:57:33,40.80382719539709,-73.96834050251337,40.83134010388712,-73.92716367663023,Clear,16.139584786802708
TRIP_04578,2026-08-21 01:41:42,40.684480270439266,-74.0601008892521,40.7248888854108,-74.01212963200268,Rainy,15.926761128865516
TRIP_04579,2026-08-24 14:34:13,40.75438083930902,-74.02293345269419,40.73964282831708,-73.99777582722696,Clear,8.290018071952924
TRIP_04580,2026-08-18 18:18:32,40.72327350418239,-73.93267788044056,40.741341577963645,-73.94076239382281,Clear,14.494506596624968
TRIP_04581,2026-08-19 02:19:28,40.66357329747591,-74.07646078990122,40.58368818355066,-74.08075012369233,Clear,15.798303252236277
TRIP_04582,2026-08-08 16:00:37,40.71250226453937,-74.08262991172988,40.73992226358984,-74.05303327269425,Clear,10.725985880470944
TRIP_04583,2026-08-17 20:29:27,40.75200013896554,-73.99253469052188,40.762975715054296,-73.94425177876731,Clear,26.13497780116859
TRIP_04584,2026-08-01 12:23:43,40.70338693324569,-73.94852563179948,40.69388344034135,-73.84494827437966,Rainy,30.484085671322987
TRIP_04585,2026-08-05 21:51:12,40.77245564729255,-74.0847170858866,40.80192722996145,-74.03526242755343,Clear,12.205143489528549
TRIP_04586,2026-08-08 11:56:40,40.76387576963909,-73.98561551315814,40.81905669695465,-74.00072858588307,Clear,16.512382801324115
TRIP_04587,2026-08-17 13:06:35,40.75874574273292,-73.97695002300192,40.76446521030495,-73.97996820017272,Rainy,5.965055991713271
TRIP_04588,2026-08-24 06:16:48,40.68981716138635,-74.10895802418462,40.6814727266791,-74.02060250470593,Clear,21.738247155072976
TRIP_04589,2026-08-01 01:57:17,40.658807877610926,-73.96607493310464,40.68375863548409,-73.95250660106394,Snowy,14.0637607590931
TRIP_04590,2026-08-09 04:00:06,40.68212061973186,-73.96216970600788,40.66205241973247,-73.94074426696504,Clear,5.505271373092178
TRIP_04591,2026-08-02 02:35:34,40.72261204703334,-74.0215892786628,40.72280060591727,-74.03040178627508,Clear,5.529039111717708
TRIP_04592,2026-08-19 11:14:03,40.74008933567662,-73.9433826818851,40.79676140052614,-73.87642957971786,Clear,23.12477735454443
TRIP_04593,2026-08-24 00:15:28,40.60422142976198,-73.94917722128376,40.626086806656346,-73.91416722506415,Clear,8.215413016065071
TRIP_04594,2026-08-06 16:36:22,40.71239433991941,-74.00084410371414,40.67601033100103,-74.0040821441507,Clear,12.580002381544773
TRIP_04595,2026-08-13 11:00:56,40.72070446126616,-74.02857226951625,40.686794711847774,-74.03838702818196,Clear,10.915795387019376
TRIP_04596,2026-08-12 21:33:17,40.69892278718422,-74.05464139462914,40.72378535796363,-74.02542527625221,Clear,14.89267920220458
TRIP_04597,2026-08-09 15:28:29,40.7773636919508,-74.0078781754683,40.823235409228324,-73.9865519902219,Rainy,19.69642291958041
TRIP_04598,2026-08-20 14:21:41,40.73388900371255,-73.9775120540148,40.705360359953765,-73.93254874749816,Rainy,17.905180922673665
TRIP_04599,2026-08-02 03:49:30,40.778309595404046,-74.02220884305203,40.81180097362894,-73.98579978885822,Clear,11.61433789970643
TRIP_04600,2026-08-19 17:13:07,40.70200197398249,-74.1158750502631,40.76191227920718,-74.10380946072615,Clear,32.84476570707533
TRIP_04601,2026-08-05 04:07:10,40.75967387462535,-73.94256430527118,40.836309644264105,-73.93887835313502,Clear,19.0204354863809
TRIP_04602,2026-08-24 22:20:38,40.794553319726376,-73.99648883890775,40.824490002522175,-73.98128710335672,Clear,12.138027594703663
TRIP_04603,2026-08-13 16:18:02,40.77838467246364,-74.02498122483384,40.81358875030021,-74.02150165023355,Snowy,24.293804043940682
TRIP_04604,2026-08-02 05:18:31,40.65819292032857,-73.96314208057883,40.61419738749972,-73.94704794656298,Clear,11.359512133330474
TRIP_04605,2026-08-15 03:50:38,40.700116196122885,-73.92976807017587,40.78310877256276,-73.90927484231729,Clear,19.631778073882522
TRIP_04606,2026-08-20 20:13:06,40.69554176472751,-74.1460955784744,40.698277058334625,-74.1530335052758,Clear,14.350311185229542
TRIP_04607,2026-08-20 13:53:56,40.73726272675382,-73.9842868175039,40.72925859200107,-73.94536642164097,Clear,14.850011327590876
TRIP_04608,2026-08-22 04:30:14,40.74711767775073,-74.07733246054052,40.75946149371754,-74.06844529197461,Rainy,6.700140975647582
TRIP_04609,2026-08-12 16:55:52,40.67085536629872,-73.98104447466005,40.73620556872428,-73.98630100516861,Clear,20.744707118974496
TRIP_04610,2026-08-05 18:09:43,40.716191925695846,-73.99960363988127,40.80243330712215,-73.99015186272973,Rainy,57.58013560995816
TRIP_04611,2026-08-02 16:24:36,40.61180363339219,-73.97421367367797,40.635565893776466,-73.94694592897936,Clear,13.860635273335932
TRIP_04612,2026-08-15 19:54:12,40.78489725029009,-74.03096238072473,40.834839775468204,-74.00847123473034,Clear,32.60877058800881
TRIP_04613,2026-08-20 10:30:17,40.68718128796617,-74.09966200559096,40.708477409426735,-74.06699846214383,Clear,17.539866699634675
TRIP_04614,2026-08-09 15:55:27,40.715593196992224,-74.02851840956284,40.704459332801676,-73.98156802581057,Rainy,15.899513460324052
TRIP_04615,2026-08-15 03:23:43,40.6973175143006,-73.98565761824301,40.76161982442425,-73.92650941212277,Clear,19.760419892549017
TRIP_04616,2026-08-13 08:46:49,40.770101378750674,-73.95523038356625,40.77143755433998,-73.9266657986856,Clear,16.008183936837067
TRIP_04617,2026-08-20 21:38:20,40.57092467793013,-74.06459156502363,40.63699060113129,-74.07667363664069,Clear,15.378855125964384
TRIP_04618,2026-08-12 09:38:45,40.7119694828837,-73.95464697865636,40.770925722776774,-73.94272030273227,Clear,25.890449907239116
TRIP_04619,2026-08-15 03:07:18,40.70750906212512,-74.03839361448233,40.74593015004383,-74.04852316601382,Rainy,15.587016156685536
TRIP_04620,2026-08-19 04:21:34,40.690118180620416,-73.98787750592028,40.76498742330805,-73.91697188370891,Clear,22.073858781249477
TRIP_04621,2026-08-10 14:01:52,40.799111327281786,-74.03149469764328,40.88608170827736,-73.95187267116746,Clear,25.828225081915434
TRIP_04622,2026-08-10 21:47:34,40.66843352705721,-73.9968914686144,40.68317622616828,-73.9573821326895,Clear,14.62497126000106
TRIP_04623,2026-08-07 18:46:11,40.75138980886179,-73.96140611827148,40.747125985309296,-73.91565235299231,Clear,22.58548411933475
TRIP_04624,2026-08-02 12:57:19,40.73061263943531,-74.06735070386442,40.69468454431761,-74.03982240806732,Snowy,22.16275400393956
TRIP_04625,2026-08-19 06:23:02,,,40.86321643028968,-74.00901361737351,Clear,23.990725403540445
TRIP_04626,2026-08-06 00:52:33,40.679440545761125,-73.99675187063289,40.68625008549357,-74.02467549718277,Clear,5.511857834276116
TRIP_04627,2026-08-01 22:57:03,40.676151555043816,-73.88592081694848,40.730202660756866,-73.86813878790619,Rainy,16.852347994665422
TRIP_04628,2026-08-05 01:15:39,40.76760349537387,-74.04915948560834,40.765365834348586,-74.05559407747873,Clear,2.0
TRIP_04629,2026-08-15 10:41:02,40.734066065416506,-73.90399330570015,40.800214034643865,-73.875552609574,Rainy,42.43188046286157
TRIP_04630,2026-08-23 10:48:41,40.63555313266616,-73.90577883481625,40.6345496049117,-73.8875671301779,Rainy,17.983970342479452
TRIP_04631,2026-08-17 13:54:32,40.685834749276836,-74.01086555753508,40.67008317526832,-73.9324608986647,Clear,15.984772248257526
TRIP_04632,2026-08-25 08:55:55,40.732119132692404,-74.02090762630999,40.745863939763794,-73.97340879564831,Clear,21.742065622449953
TRIP_04633,2026-08-15 03:19:52,40.75468821107733,-74.04060325993323,40.758734940048484,-74.01206790045758,Clear,6.303112091415176
TRIP_04634,2026-08-25 02:51:57,40.678838467340356,-74.00941012651663,40.716727460904195,-73.99741831713082,Clear,12.269855302293836
TRIP_04635,2026-08-21 06:52:56,40.56708720050916,-74.07633597162798,40.58554535269338,-74.00605532786518,Clear,12.932240183623072
TRIP_04636,2026-08-22 02:53:53,40.73896115928685,-74.00981195086602,40.77779223112341,-73.99071059024982,Rainy,16.208028299383518
TRIP_04637,2026-08-15 09:15:48,40.6517839655028,-73.93115598630746,40.663053321310244,-73.9012057674584,Rainy,18.496227875268506
TRIP_04638,2026-08-23 18:00:00,40.61193306009388,-74.03655425312384,40.61197983896332,-74.01528676499103,Clear,15.042979907457001
TRIP_04639,2026-08-21 13:57:25,40.5711837037508,-74.01803621519946,40.573676887313916,-74.01016083237067,Rainy,6.9558011655121454
TRIP_04640,2026-08-02 01:27:19,40.75349904300989,-74.09105702371336,40.83484720695082,-74.0699618370418,Clear,-99.0
TRIP_04641,2026-08-10 14:26:27,40.71923087252025,-73.98729689559345,40.74598600048706,-74.0261559011138,Clear,10.78914633762941
TRIP_04642,2026-08-15 06:07:31,40.70151718096439,-73.99277591575243,40.66200431468079,-74.01920710778967,Clear,18.173485228821804
TRIP_04643,2026-08-11 15:25:54,40.78225121814814,-74.0028148820117,40.78664494774452,-73.97232596576161,Clear,7.652983129203173
TRIP_04644,2026-08-25 06:19:40,40.744666234151154,-74.01684135251111,40.76757221512543,-73.94979536179528,Rainy,20.19187379863767
TRIP_04645,2026-08-25 18:57:29,40.7936150021361,-74.02063789593862,40.868976992573614,-73.99019126281429,Clear,44.135186836567215
TRIP_04646,2026-08-24 00:17:07,40.64316322639165,-73.98090498831496,40.694024187868344,-73.98251605396186,Clear,13.696783974739148
TRIP_04647,2026-08-08 21:31:39,40.7110724688023,-74.00744083007943,40.70342093370784,-74.03072644270145,Clear,6.769984316749266
TRIP_04648,2026-08-14 23:01:34,40.631964331252604,-73.99025140642223,40.72451500385978,-73.94671558860796,Clear,21.224685598364
TRIP_04649,2026-08-07 02:14:42,40.70133088340723,-73.99525085912727,40.72039607246319,-73.99226671365773,Rainy,9.168969528999888
TRIP_04650,2026-08-02 21:17:45,40.70036920731167,-73.94982863564522,40.75775910164391,-73.91053157308865,Rainy,21.81722620004682
TRIP_04651,2026-08-18 01:35:45,40.744130681863155,-73.97215029513124,40.72948042694116,-73.94045434038927,Clear,7.488533802219456
TRIP_04652,2026-08-07 14:37:36,40.7150781940571,-73.9963569078425,40.66313330119957,-73.96200789607485,Clear,17.870052196297216
TRIP_04653,2026-08-20 17:42:39,40.743970356914,-73.93007889846739,40.72171741220295,-73.90907084724678,Clear,22.485389104288082
TRIP_04654,2026-08-12 17:30:14,40.747972006656944,-73.98498657354718,40.670462002371075,-73.95347724199809,Clear,41.08948557008753
TRIP_04655,2026-08-08 03:27:52,40.82054643386916,-73.94075186556049,40.90390911368675,-73.92433549759818,Clear,18.767504439406064
TRIP_04656,2026-08-15 10:32:01,40.6970351672357,-73.97565286958067,40.72347115480229,-73.97471206561171,Clear,15.779641349914918
TRIP_04657,2026-08-08 15:32:34,40.66574886496668,-74.09809595394658,40.65800954441324,-74.10700092576207,Snowy,14.575490329783236
TRIP_04658,2026-08-18 15:20:27,40.725104180765825,-73.94075826183403,40.75868290166523,-73.99230852577317,Clear,18.2593694850198
TRIP_04659,2026-08-20 19:44:19,40.672685998643026,-73.99924118793287,40.69836601972843,-73.984674474805,Clear,21.769060915736393
TRIP_04660,2026-08-04 03:53:33,40.786898038421825,-74.00859773854503,40.82552604029024,-73.94301639305648,Clear,15.414126440665413
TRIP_04661,2026-08-13 12:30:51,40.69863909805274,-73.99193258262552,40.754925040086825,-73.95003017984939,Clear,16.174949271049
TRIP_04662,2026-08-07 06:16:41,40.6845211816063,-74.02324915809785,40.69582354701555,-73.99641788454358,Clear,12.349105692079567
TRIP_04663,2026-08-12 22:58:53,40.68923421394245,-73.99464855698055,40.68283903475942,-73.99666870680923,Clear,5.284623647307785
TRIP_04664,2026-08-16 01:21:20,40.74872087117358,-74.03559380331716,40.793554127604736,-73.98567362654438,Clear,13.816549724949468
TRIP_04665,2026-08-09 11:16:15,40.70491265083843,-73.94228638706328,40.748982634174965,-73.92586566641737,Clear,16.080864144312972
TRIP_04666,2026-08-05 18:56:27,40.68071665899348,-74.01167940568105,40.703738733237124,-73.94443137626737,Clear,31.843437366530242
TRIP_04667,2026-08-17 21:34:48,40.796067595881176,-74.02512919213612,40.8813942215416,-74.03456181003496,Clear,21.903629806137058
TRIP_04668,2026-08-15 18:46:49,40.66999150796691,-74.05224629078596,40.67685684428106,-74.05474537662514,Rainy,14.764729046102069
TRIP_04669,2026-08-12 11:55:34,40.71457830370165,-73.99256121054256,40.707582564552595,-73.99797930886915,Rainy,5.037101731151469
TRIP_04670,2026-08-11 22:09:21,40.745415307580515,-73.99664464499375,40.777958050405715,-74.02110819610677,Rainy,14.033288491040764
TRIP_04671,2026-08-15 22:10:54,40.63123324447915,-73.98657876931613,40.630985108771746,-73.99469010987188,Clear,7.756342208540344
TRIP_04672,2026-08-01 19:35:52,40.7368130250703,-74.05736259437526,40.771678520794644,-74.03426610658228,Clear,21.024190196671004
TRIP_04673,2026-08-21 07:19:44,40.66004461622598,-74.08605905994058,40.6550543685508,-74.0874250906861,Clear,6.3907132818567645
TRIP_04674,2026-08-17 14:20:00,40.7539391390417,-73.97472043487467,40.76193187055374,-74.07041169475188,Clear,22.554300645785855
TRIP_04675,2026-08-03 23:57:30,40.66466744940405,-73.93176790690617,40.741392662005225,-73.87953970798357,Rainy,26.801714271173058
TRIP_04676,2026-08-21 22:16:21,40.747438451592444,-74.0573176811195,40.75527083089001,-74.08784049299992,Clear,6.850996230229203
TRIP_04677,2026-08-24 21:35:58,40.768091653314734,-73.92652793582191,40.76412610699421,-73.88885108727531,Rainy,12.624696731320025
TRIP_04678,2026-08-08 14:07:13,40.75587182628164,-73.99180444706317,40.81099218994284,-73.97086800937309,Rainy,21.907535480147242
TRIP_04679,2026-08-06 23:59:21,40.72536583241191,-74.00635314522754,40.71383457390331,-73.92283196073492,Rainy,22.463424061530148
TRIP_04680,2026-08-15 19:26:27,40.70123495285352,-74.0258774348273,40.70044665594911,-73.97596871038162,Rainy,27.97526395212147
TRIP_04681,2026-08-22 08:55:22,40.68397902118326,-74.07522590097125,40.721275854798535,-74.07036403883579,Clear,18.90381150552549
TRIP_04682,2026-08-05 12:38:16,40.78635173454086,-73.95661357420377,40.83450407725706,-73.95767548107443,Clear,14.7925450882561
TRIP_04683,2026-08-08 04:54:06,40.677825238991616,-74.04478031807189,40.734439530724046,-73.97969848764791,Clear,15.408928613485067
TRIP_04684,2026-08-08 06:21:43,40.6609466963215,-74.04499033378688,40.65853004135489,-74.06926646669993,Clear,9.04723002166489
TRIP_04685,2026-08-06 20:20:03,40.74606844675164,-73.95640368450566,40.783948706941224,-73.9306772864281,Clear,28.881060193393004
TRIP_04686,2026-08-23 02:04:18,40.67299315984068,-74.10014917233359,40.67900991385435,-74.08408278623108,Clear,4.010082109312304
TRIP_04687,2026-08-08 04:30:26,40.665296825126696,-74.08217989053341,40.667127156121374,-74.07247667259455,Snowy,8.801124280766174
TRIP_04688,2026-08-13 09:05:00,40.64061978689151,-74.00690671217541,40.69671617036028,-73.97630129264195,Clear,29.585519377525603
TRIP_04689,2026-08-11 19:40:30,40.68865450802698,-73.99133577854975,40.69216787615119,-73.96564898273449,Rainy,21.330010027220972
TRIP_04690,2026-08-16 14:04:14,40.70866424880518,-73.98176326760155,40.73701038668581,-73.9480412453178,Clear,10.330948306477932
TRIP_04691,2026-08-01 14:35:59,40.724954586383035,-74.02108992466981,40.749621970459955,-73.9969206550989,Snowy,18.83928632048303
TRIP_04692,2026-08-16 21:38:54,40.76036531221497,-73.87948151656792,40.74824268092482,-73.8469510744174,Clear,9.837763843389801
TRIP_04693,2026-08-08 20:21:26,40.73914489618329,-74.01739462793829,40.78812768184398,-73.99459367215034,Clear,31.05787425303182
TRIP_04694,2026-08-02 11:57:59,40.70325638902234,-74.01753930760513,40.74006481583271,-74.01732211422163,Clear,14.025061087285067
TRIP_04695,2026-08-02 13:50:51,40.70289021618102,-74.0458493334407,40.663301497824904,-74.0257292956336,Rainy,15.662175301201069
TRIP_04696,2026-08-06 21:50:16,40.73830787344576,-73.99980465917395,40.76663050678288,-74.00123625596507,Clear,10.529009294877241
TRIP_04697,2026-08-03 19:56:41,40.77642850814643,-73.97525193839766,40.77323930512143,-73.97866323653959,Rainy,12.83528809656384
TRIP_04698,2026-08-24 12:51:22,40.71911570997416,-73.94582109727332,40.772027969166544,-73.93590559735486,Clear,20.794540483582978
TRIP_04699,2026-08-25 17:18:16,40.68934345728948,-74.08046421322202,40.66598146218606,-74.06404690804409,Clear,20.181684923644983
TRIP_04700,2026-08-08 17:06:54,40.66315669994572,-74.01829976691779,40.672462390886835,-73.99724300772736,Clear,14.24460890291768
TRIP_04701,2026-08-11 02:01:18,40.64053973677939,-73.98366481945955,40.67140047330904,-73.93617345463865,Rainy,14.61832484469043
TRIP_04702,2026-08-24 10:39:42,40.74611348360218,-73.97664712327027,40.767743692426436,-73.9716010457465,Clear,15.058699215810192
TRIP_04703,2026-08-02 11:40:37,40.74169892618198,-74.00567256710977,40.7845876738834,-73.97976700931552,Rainy,20.860155583776283
TRIP_04704,2026-08-12 17:24:36,,,40.71611551667505,-73.95533797010508,Clear,22.444759134517664
TRIP_04705,2026-08-22 16:47:11,40.7063670276824,-74.04644819464629,40.77592445778842,-74.04470704327026,Clear,20.872613792626364
TRIP_04706,2026-08-02 15:00:51,40.78314673729459,-73.92810472838408,40.818901077058236,-73.90589250479789,Clear,13.367241290246993
TRIP_04707,2026-08-02 12:47:00,40.688594075270764,-73.95636859485103,40.74938562166079,-73.9062869523957,Clear,20.666395129247707
TRIP_04708,2026-08-19 03:51:02,40.760563461860364,-74.07324638935326,40.80679066693736,-74.04765120284675,Clear,12.659949135814683
TRIP_04709,2026-08-02 11:55:57,40.710862855250525,-74.05975515240584,40.730514551816874,-74.03295763453502,Rainy,11.104593531396148
TRIP_04710,2026-08-13 17:36:54,40.68238246176603,-74.05834608750534,40.663856515438695,-74.05950593743363,Rainy,21.22903808103854
TRIP_04711,2026-08-25 11:50:32,40.74242651536589,-73.97210150145517,40.745519919928434,-73.89303573591903,Clear,17.18503594196328
TRIP_04712,2026-08-09 00:55:49,40.733281805934205,-74.07023638832088,40.800968705920084,-74.06968707943055,Clear,12.736870829794963
TRIP_04713,2026-08-23 02:37:53,40.73064863796335,-74.0225512167104,40.79221177141304,-74.05258472052682,Clear,20.512410602274933
TRIP_04714,2026-08-04 23:43:43,40.716863921102814,-73.98326478017916,40.7182759216997,-73.93745925657261,Snowy,17.931626709831278
TRIP_04715,2026-08-05 22:28:52,40.71090534591416,-74.00930829672733,40.6463562173281,-73.99275280791677,Rainy,20.43527051460777
TRIP_04716,2026-08-13 11:03:05,40.832218599643525,-73.99305562421436,40.845837907614374,-73.98214687884277,Clear,7.799247138989267
TRIP_04717,2026-08-19 05:05:10,40.77201283225981,-74.05929013556744,40.78338174561594,-74.05565674897979,Clear,7.541499005048267
TRIP_04718,2026-08-22 13:58:34,40.74894134474928,-73.97625728133013,40.761448166388064,-73.90010584260067,Snowy,28.490703789628533
TRIP_04719,2026-08-08 03:26:15,40.71838995791017,-74.0366605946238,40.75424613396511,-74.00602288626565,Clear,10.97414415101116
TRIP_04720,2026-08-18 06:10:07,40.763157860029835,-74.0222309837199,40.80944423740949,-73.98573844707055,Snowy,-99.0
TRIP_04721,2026-08-20 05:55:47,40.73869973881958,-73.9941134136047,40.788408725232564,-73.96923494489722,Clear,14.901029131519719
TRIP_04722,2026-08-05 05:37:59,40.71411023763871,-74.00084608892345,40.747481511842764,-73.9727446005201,Clear,9.389474946933177
TRIP_04723,2026-08-02 06:31:08,40.69762178373671,-74.00480099904922,40.66359866267903,-73.94284226073245,Clear,20.10380531214518
TRIP_04724,2026-08-15 20:45:52,40.70875413311687,-74.04353134109884,40.71851814113607,-74.03105698093567,Clear,14.242294038562628
TRIP_04725,2026-08-13 04:16:36,40.554278713206095,-74.02097747055996,40.64340140671257,-74.04468559692558,Rainy,27.778027381873958
TRIP_04726,2026-08-24 02:40:40,40.723330041964886,-74.00589082045815,40.75455654400896,-73.95984918083131,Clear,13.129492015634922
TRIP_04727,2026-08-22 03:19:42,40.688376195994486,-74.07475426165836,40.7194107830478,-74.03985321329108,Clear,13.374107318724146
TRIP_04728,2026-08-17 13:09:36,40.79243349991415,-74.02912664831567,40.82321807810736,-74.00588725392912,Snowy,20.034087921892578
TRIP_04729,2026-08-21 20:59:48,40.71376720354059,-73.98661600604835,40.74622859221577,-73.95249340880191,Clear,27.424349887869546
TRIP_04730,2026-08-16 00:09:43,40.65335182902325,-74.06987183019227,40.60185846359067,-74.0609941568011,Clear,9.514196894100841
TRIP_04731,2026-08-18 00:28:30,40.7103059922936,-73.94817091742028,40.72312026278627,-73.92755013993465,Clear,7.682026331719247
TRIP_04732,2026-08-24 11:19:05,40.66049394574688,-73.94251933687,40.67935716079304,-73.92647034448581,Clear,8.900783793032275
TRIP_04733,2026-08-08 13:04:53,40.736470370785625,-74.068257528798,40.79491523276323,-74.06600217651012,Clear,15.194011721450696
TRIP_04734,2026-08-04 21:47:37,40.727347368216975,-73.93811901834749,40.748777555055646,-73.88244383485434,Clear,13.735636317542127
TRIP_04735,2026-08-03 03:21:07,40.76069198155542,-74.0131790794356,40.73129663995736,-74.03554683825814,Clear,8.755264550710992
TRIP_04736,2026-08-14 06:03:18,40.67325591041527,-73.98507427204214,40.706158585100425,-73.89424780688775,Clear,21.580889741483702
TRIP_04737,2026-08-11 14:23:15,40.71450040481141,-74.03083255260641,40.71038566536413,-73.98451168633022,Clear,11.812041015768827
TRIP_04738,2026-08-06 11:07:24,40.64454891022867,-73.95984775863866,40.62804534099623,-73.99318702467973,Clear,11.877726002203541
TRIP_04739,2026-08-25 09:42:40,40.74787473909624,-73.98569529905757,40.742849967694745,-73.9724202889423,Clear,10.340119051263688
TRIP_04740,2026-08-17 13:02:08,40.738743559022005,-74.04670766282987,40.77501868591194,-74.03176404030698,Clear,12.49715173911531
TRIP_04741,2026-08-20 17:48:29,40.73759025105138,-74.06426009999826,40.795353088244184,-74.03250350113,Clear,33.46883022254097
TRIP_04742,2026-08-05 19:31:52,40.71288095156785,-74.07901512176046,40.74736884992318,-74.08869646988265,Clear,23.478666524990476
TRIP_04743,2026-08-21 23:37:02,40.73353864453944,-73.99660291117836,40.77249934124795,-73.9756421508773,Clear,13.182817668822562
TRIP_04744,2026-08-16 14:24:07,40.79301695541543,-73.97737642941101,40.82720831360057,-73.96101001135469,Snowy,23.95601279633553
TRIP_04745,2026-08-09 03:31:44,40.6985452871479,-73.97345171606104,40.721585102453716,-73.97558026693824,Clear,8.584063972610576
TRIP_04746,2026-08-24 02:52:29,40.719732259185506,-74.01189905473036,40.76064017823439,-74.0182016216745,Clear,12.187930433410788
TRIP_04747,2026-08-07 15:48:29,40.65849368504093,-74.06384982278321,40.605930421028845,-74.01628568338214,Rainy,25.558383240769654
TRIP_04748,2026-08-17 18:51:30,40.66938695192008,-74.04010373990118,40.69271960245923,-74.07100121610246,Rainy,28.27854577281872
TRIP_04749,2026-08-17 23:01:58,40.71769066465467,-73.9483825680519,40.706342913616,-73.91404619996902,Snowy,17.188675171336072
TRIP_04750,2026-08-05 15:28:29,40.7679966773351,-74.03023142823001,40.82288375451142,-73.98630611902367,Clear,17.442832677714033
TRIP_04751,2026-08-22 10:21:37,40.69998595878742,-73.99882911846592,40.715571299630916,-73.98538586861608,Clear,10.529594308451035
TRIP_04752,2026-08-11 00:18:02,40.70100417353439,-74.05978252417874,40.72193261618243,-74.038211338987,Clear,6.642101652317082
TRIP_04753,2026-08-08 21:17:44,40.692455737774786,-73.98917084772705,40.66730358154717,-73.93426599773613,Clear,18.62440300014865
TRIP_04754,2026-08-01 19:48:04,40.68606216645779,-74.02888422808395,40.73656709312817,-74.03002977340567,Clear,28.629331406002706
TRIP_04755,2026-08-12 10:23:57,40.727548572785444,-73.95366436431121,40.76636841639366,-73.95171393717789,Rainy,28.91819178567676
TRIP_04756,2026-08-18 07:28:55,40.63793711774107,-73.96732211468967,40.67464555421128,-73.96218662512264,Clear,12.661532436409209
TRIP_04757,2026-08-22 23:44:01,40.77684697883334,-74.03078529732875,40.77245629326828,-73.97582552935205,Clear,12.569140577157057
TRIP_04758,2026-08-23 15:43:07,40.679528885093525,-74.01233320136738,40.676319689745384,-73.95356438896084,Clear,15.078872522989618
TRIP_04759,2026-08-04 13:08:10,40.74889517427191,-74.03355581200204,40.77560315790529,-74.05543251903595,Snowy,20.245541784060357
TRIP_04760,2026-08-16 05:43:50,40.64930007013031,-74.07697165982725,40.648465117822866,-74.0267844374079,Clear,12.003685113745442
TRIP_04761,2026-08-16 12:35:43,40.74624200652731,-74.04887212147736,40.77928879540763,-74.00430487228694,Snowy,25.428116998453252
TRIP_04762,2026-08-04 16:13:28,40.74639723039073,-73.99608913361396,40.70156985230773,-73.92948128930047,Rainy,26.761914507050218
TRIP_04763,2026-08-17 00:19:32,40.732010103600295,-73.98973702508852,40.737383766908096,-73.95818378412473,Snowy,13.862270150870653
TRIP_04764,2026-08-22 01:16:22,40.66307857391001,-73.99857260482037,40.736981177872806,-73.97990040842872,Rainy,22.388494323234784
TRIP_04765,2026-08-22 00:11:12,40.72527740947991,-74.02108665269793,40.75846198431978,-73.96673015210078,Clear,11.772486981556108
TRIP_04766,2026-08-14 09:11:56,40.65364719076328,-73.95934666971395,40.67865100069921,-73.9183795559689,Rainy,28.41768627290088
TRIP_04767,2026-08-22 17:38:18,40.70016183724519,-74.00282290477195,40.77971863331533,-73.91547595234748,Clear,49.342858059532226
TRIP_04768,2026-08-15 06:13:08,40.76427065504777,-73.97083730859521,40.714192046483724,-73.92207607324636,Clear,21.09967004655571
TRIP_04769,2026-08-05 00:47:04,40.752635096353536,-74.09468875661013,40.748175762909895,-74.07008231731741,Clear,4.04186375235701
TRIP_04770,2026-08-24 07:18:51,40.71355914712702,-74.20212001258092,40.7215239519746,-74.21734314399221,Clear,9.896475997045824
TRIP_04771,2026-08-12 07:07:54,40.66405967120386,-73.9918105986081,40.70981020819402,-73.98923811392392,Clear,11.695183842901711
TRIP_04772,2026-08-06 19:57:28,40.74507938560871,-74.07723828268607,40.79134907650556,-74.10031693202691,Clear,29.87376232537326
TRIP_04773,2026-08-09 01:17:00,40.7137690618849,-74.01662258513565,40.70778886061542,-74.00307444621748,Clear,4.438836870556253
TRIP_04774,2026-08-11 14:43:34,40.59678422008848,-74.02110485205122,40.646722849752756,-73.97332282425424,Snowy,32.96623376474079
TRIP_04775,2026-08-19 19:31:50,40.75193149131583,-73.92662996987923,40.759832048296175,-73.90674010253365,Clear,15.567345775913033
TRIP_04776,2026-08-10 15:05:08,40.711588358306514,-73.98600017235282,40.76793754707599,-73.93534841429002,Clear,17.297151515272574
TRIP_04777,2026-08-08 21:47:07,40.77292256239915,-73.99770704866006,40.761943281455494,-73.9675798366569,Clear,13.348468892160817
TRIP_04778,2026-08-24 21:17:36,40.65803647405786,-73.96415044226832,40.674337126085874,-73.95624321096093,Clear,10.41599815108929
TRIP_04779,2026-08-20 11:37:33,40.5539648093402,-73.98757512065805,40.5592597898789,-73.96494636600295,Clear,10.007015453147288
TRIP_04780,2026-08-04 15:23:13,40.72675419291726,-74.02888384964942,40.778435104064236,-73.99472094891776,Rainy,21.929210186776054
TRIP_04781,2026-08-17 18:30:03,40.7273781838341,-73.95242620348728,40.731694747337116,-73.92824950153337,Clear,18.156927164524152
TRIP_04782,2026-08-18 11:33:37,40.62826641861968,-74.06148750639441,40.64699296274933,-74.03696697952886,Clear,8.304391477970505
TRIP_04783,2026-08-06 02:07:11,40.66387502270667,-73.98983764062332,40.69907936463656,-73.99290914385092,Rainy,8.904762321808175
TRIP_04784,2026-08-03 01:52:28,40.850560887186,-74.08337848970682,40.886918641676786,-74.07636777766409,Clear,7.412231293136992
TRIP_04785,2026-08-23 00:49:17,40.69751946929231,-73.9958028071242,40.744128047516504,-73.90804898323957,Clear,16.604970382057534
TRIP_04786,2026-08-08 21:13:28,40.749347948818816,-73.99635051791135,40.77568169212415,-73.93949652319864,Rainy,19.583330788537427
TRIP_04787,2026-08-13 14:14:44,40.68026700863158,-73.92217725190427,40.68771954117319,-73.94639247880856,Clear,8.537521338674164
TRIP_04788,2026-08-04 03:04:02,40.60828485505734,-74.08424869467208,40.61779389269658,-74.13525776339728,Clear,10.312951130384626
TRIP_04789,2026-08-12 19:43:19,40.704287087660205,-74.0360443587927,40.72505725711643,-74.01375858614924,Clear,18.417170147065125
TRIP_04790,2026-08-07 06:00:43,40.6995197719857,-73.96486587867129,40.72700754626793,-73.91806169183852,Clear,10.748143308437658
TRIP_04791,2026-08-03 14:08:53,40.69280608806658,-73.98923413718013,40.708390938631126,-73.9848323923028,Clear,8.928723092287383
TRIP_04792,2026-08-22 19:57:08,40.707067958224684,-73.99698474743313,40.72764406085365,-73.9463349855872,Rainy,33.83679837091398
TRIP_04793,2026-08-14 02:39:37,40.72601341358229,-74.05380678514793,40.70049579776512,-74.03201714819771,Clear,8.015169924205312
TRIP_04794,2026-08-12 01:02:13,40.70529415243731,-74.03554091740457,40.74531481097095,-74.02043275579638,Clear,14.201853936636164
TRIP_04795,2026-08-17 02:03:46,40.64959969160263,-73.94374794958884,40.675033060269314,-73.90106449430358,Clear,10.840794393620667
TRIP_04796,2026-08-22 06:50:13,40.737109239578096,-74.00857545968769,40.78716535198433,-74.00453173347476,Snowy,27.576807848799117
TRIP_04797,2026-08-16 12:54:19,40.61533141223388,-73.98723201519277,40.635336227456094,-73.97583320484688,Rainy,14.392910616453364
TRIP_04798,2026-08-17 16:23:09,40.61028212713579,-74.01175941643882,40.578130199780134,-73.97165439857491,Rainy,16.323321898569596
TRIP_04799,2026-08-07 19:16:21,40.74975902473508,-74.0651542757625,40.75900563905588,-74.04609615387447,Clear,15.81760823629258
TRIP_04800,2026-08-12 10:41:22,40.73815101360677,-73.95930947869626,40.75215311591322,-73.88204619049492,Rainy,39.826133428013094
TRIP_04801,2026-08-22 21:39:46,40.7099302317463,-73.98083838077338,40.7522173309093,-73.9400236183877,Rainy,21.463832473709864
TRIP_04802,2026-08-22 17:54:44,40.64302757476225,-73.89071815813163,40.60091936842685,-73.85185374328165,Clear,26.973994463757418
TRIP_04803,2026-08-16 12:03:42,40.6774044529663,-74.05677906898252,40.69863983847477,-74.03826420836447,Snowy,17.15927367288801
TRIP_04804,2026-08-19 07:09:43,40.69966266261568,-73.96487135393997,40.735072919089475,-73.91862871363868,Rainy,21.282102855300217
TRIP_04805,2026-08-21 19:10:19,40.633005301571295,-74.07157719830185,40.63316066501285,-74.0612554314859,Snowy,16.41784688824262
TRIP_04806,2026-08-21 03:18:51,40.67584856709884,-73.99813267161635,40.698087407393345,-73.96966133908036,Rainy,9.663275623270605
TRIP_04807,2026-08-10 14:44:44,40.74541651690883,-73.95717467054685,40.746605421634335,-73.96466346195699,Rainy,12.12297282281374
TRIP_04808,2026-08-21 17:06:29,40.784165268214466,-74.10960675580482,40.78227808021786,-74.0584235140379,Snowy,42.673881576841715
TRIP_04809,2026-08-14 04:40:29,40.691828262367075,-74.01624662371208,40.69957566686313,-73.98752848279422,Clear,-99.0
TRIP_04810,2026-08-22 16:56:36,40.750624417715805,-74.03416048670213,40.749303657941795,-73.9546850947912,Rainy,25.64330932064562
TRIP_04811,2026-08-16 08:16:29,40.61709699647063,-74.04109786491476,40.657605545828716,-73.94932891340467,Clear,37.454367342543584
TRIP_04812,2026-08-18 02:27:36,40.745772562055684,-73.98673936738703,40.74372400575062,-73.94383978384404,Rainy,12.113949064869267
TRIP_04813,2026-08-22 20:48:19,40.672602579263625,-73.94996571467887,40.66551527905219,-73.92791295534263,Rainy,21.916007304357457
TRIP_04814,2026-08-22 03:35:20,40.7281672808354,-74.01266393576145,40.80120514084059,-74.02104587112522,Rainy,25.05621505984497
TRIP_04815,2026-08-24 20:06:07,40.700412379088014,-73.995725678622,40.749234579442735,-73.94858318452422,Rainy,44.833850371874064
TRIP_04816,2026-08-22 21:29:33,40.77882070048919,-74.00028456234703,40.74297529966942,-73.97397602543018,Clear,14.454273975876683
TRIP_04817,2026-08-10 04:48:56,40.66907821758301,-74.00590982468218,40.66613516888743,-73.96976877950755,Clear,8.560446098093191
TRIP_04818,2026-08-07 01:37:09,40.74418031487809,-74.0604671318856,40.77145420402977,-73.98857351026192,Clear,15.832495010314405
TRIP_04819,2026-08-09 04:34:10,40.698824626835176,-73.95057776991385,40.72853727885212,-73.95531046857376,Clear,8.26053625513083
TRIP_04820,2026-08-10 15:26:19,40.70488472609952,-73.99124023159206,40.68016994012741,-73.9989693566465,Clear,11.64567126916117
TRIP_04821,2026-08-19 00:25:10,,,40.75836427012671,-73.973348703651,Clear,12.500197068881302
TRIP_04822,2026-08-15 06:39:47,40.670516344775294,-74.04632548145128,40.715273077350744,-74.00168944695872,Clear,16.77090900504798
TRIP_04823,2026-08-18 23:27:24,40.712095051704665,-74.02896101989946,40.74655210066587,-73.99231500269302,Clear,9.818032329027407
TRIP_04824,2026-08-23 10:32:15,40.70966758889391,-74.01480670988553,40.77036944361527,-74.0216773652364,Clear,28.798918127015973
TRIP_04825,2026-08-04 22:05:42,40.72486201242034,-74.08270623467244,40.758430712197466,-74.04000964765137,Rainy,14.614882218289532
TRIP_04826,2026-08-24 05:41:05,40.71702525728465,-74.09040171625989,40.7504826836622,-74.1064381008267,Clear,13.71674424446612
TRIP_04827,2026-08-10 21:22:04,40.75269972748061,-74.03603739653192,40.81943010563528,-74.04116964676238,Clear,18.076308203912735
TRIP_04828,2026-08-09 06:48:58,40.75897543080237,-73.97987396167788,40.8120120182242,-73.96333768119355,Rainy,23.02438810595001
TRIP_04829,2026-08-12 10:37:26,40.66026883390861,-74.03865686949649,40.655023610141264,-74.03525980687574,Clear,8.185709288589035
TRIP_04830,2026-08-24 10:42:45,40.75623862502954,-74.05694025987954,40.795234480389695,-74.01024447522,Clear,26.824812293002594
TRIP_04831,2026-08-16 01:01:04,40.65348317864451,-74.04673428266189,40.65355514269575,-74.01814292817186,Clear,8.438975242253658
TRIP_04832,2026-08-14 20:59:09,40.74219279440689,-74.02876712115727,40.7773174309354,-73.95580028582846,Snowy,56.16179515894835
TRIP_04833,2026-08-10 17:25:19,40.74378693923514,-74.023692948141,40.778085344445735,-74.01110850910163,Clear,20.454657930105675
TRIP_04834,2026-08-09 03:48:20,40.617234155416874,-73.89772392738968,40.595730136043194,-73.8813899919209,Rainy,9.031938575865459
TRIP_04835,2026-08-02 13:53:32,40.71744896232647,-73.95326896857563,40.733793593987144,-73.89695749030378,Clear,12.556336256388017
TRIP_04836,2026-08-23 06:30:03,40.68937519433199,-73.95476129438592,40.7173329050394,-73.93748891847963,Clear,12.033823163883065
TRIP_04837,2026-08-09 02:36:52,40.674861737103235,-73.94757098178633,40.68177303137341,-73.8827508243551,Clear,13.317033396002554
TRIP_04838,2026-08-24 09:41:31,40.78034261653495,-74.0559410434667,40.80978391480667,-74.01971619715516,Clear,20.190488562911906
TRIP_04839,2026-08-04 16:26:52,40.68011604296813,-74.06711823074936,40.724292976278164,-74.11770182484592,Rainy,23.660927412153416
TRIP_04840,2026-08-17 18:37:00,40.6724811535441,-74.0613435145767,40.69156336161718,-74.00601640215223,Clear,26.602649982916542
TRIP_04841,2026-08-14 12:34:54,40.716584747000255,-73.9392746933331,40.743322731301504,-73.89189288893951,Rainy,19.243649364686434
TRIP_04842,2026-08-02 21:38:27,40.74707948731492,-74.03335958944413,40.8085822096716,-73.98481961126082,Clear,19.677268032883696
TRIP_04843,2026-08-12 01:10:47,40.7057175706995,-74.06856780911197,40.73991346819626,-74.10589716046833,Clear,12.871351004294159
TRIP_04844,2026-08-05 16:02:13,40.77111852728346,-74.027549810011,40.797143255973694,-74.02743950884913,Clear,14.057523911601255
TRIP_04845,2026-08-16 16:59:50,40.73934878309821,-74.01793027658573,40.73060640170897,-74.01559142159243,Snowy,13.421065490169491
TRIP_04846,2026-08-04 20:51:51,40.60388943401343,-73.99257933631527,40.644020214355095,-73.99781297734208,Clear,27.92971008880994
TRIP_04847,2026-08-25 08:10:36,40.68632665182465,-73.9934524489644,40.716231150306406,-73.92119477300758,Clear,27.401642389194496
TRIP_04848,2026-08-11 12:20:01,40.68470789503242,-74.04740902819367,40.74322007804346,-74.02776206332838,Clear,17.075929116266586
TRIP_04849,2026-08-22 01:41:12,40.736768047671475,-73.97171718037431,40.75817440397057,-73.95281400865319,Clear,9.712595538506019
TRIP_04850,2026-08-05 10:28:46,40.581559147181295,-74.0379596766875,40.547071152177274,-74.00139942737803,Clear,26.77285134914704
TRIP_04851,2026-08-05 19:36:38,40.84025048543589,-74.01381381683525,40.809246859371044,-73.97673476679857,Clear,27.039462217735284
TRIP_04852,2026-08-10 01:00:19,40.73935130474471,-73.97166129647484,40.7814217276575,-74.0517080777936,Snowy,27.067593714557606
TRIP_04853,2026-08-23 00:03:14,40.720243840195884,-74.03809107019721,40.72313803226494,-74.0374817963117,Clear,3.652108939383375
TRIP_04854,2026-08-15 05:37:00,40.77187838582096,-74.03446757117905,40.804981418354274,-74.05685122851278,Snowy,18.714625360930153
TRIP_04855,2026-08-07 04:53:48,40.829982702640635,-73.97641659751534,40.853409681975705,-73.9444074147207,Clear,9.665062596941551
TRIP_04856,2026-08-07 03:02:11,40.75633733222942,-74.04888665883026,40.7713321421986,-74.03755343126028,Clear,5.476405582673515
TRIP_04857,2026-08-15 19:40:20,40.76024065482358,-74.0252396011802,40.777349816255935,-74.00477797424517,Snowy,30.428420784895312
TRIP_04858,2026-08-12 04:39:46,40.71933450122322,-73.97821289109785,40.71337281607187,-74.02056848356457,Clear,9.780342915073856
TRIP_04859,2026-08-07 18:44:30,40.705723712331654,-73.9032953779282,40.725250381664665,-73.89259094466891,Clear,15.294621403888875
TRIP_04860,2026-08-01 10:44:33,40.689010227799756,-73.97572977476186,40.69147542481593,-73.92227586720688,Clear,24.417625603568716
TRIP_04861,2026-08-19 10:32:32,40.671494400414275,-73.9823680118505,40.680326704810504,-73.92008452735743,Snowy,41.789236531233
TRIP_04862,2026-08-08 12:07:33,40.67844929501503,-73.97945992081637,40.68873982367376,-73.93789401823015,Clear,12.228753561001808
TRIP_04863,2026-08-08 13:33:44,40.64527220178285,-74.05965951370335,40.65847140368589,-74.0797234725068,Rainy,14.394966311194144
TRIP_04864,2026-08-05 00:08:51,40.70900642746575,-74.000220163066,40.75667163116096,-73.94243810897623,Clear,15.26503036508392
TRIP_04865,2026-08-10 10:17:16,40.62856662113868,-74.00748832441683,40.64467289626254,-73.96576825676682,Clear,22.599903539126245
TRIP_04866,2026-08-06 10:23:35,40.72234582620719,-73.98992077298136,40.773056896304894,-73.9734364440033,Clear,24.52490886562743
TRIP_04867,2026-08-01 00:53:17,40.710983469597885,-74.0001745973762,40.777119118137676,-74.04092568681149,Snowy,29.740943214272843
TRIP_04868,2026-08-05 15:01:08,40.720146764919335,-73.98701501612915,40.76579510445102,-73.93840716760927,Rainy,25.135283103212725
TRIP_04869,2026-08-02 04:19:58,40.686693421499,-74.02157335974496,40.722727477551054,-74.01933834964447,Clear,8.758233665463159
TRIP_04870,2026-08-17 18:41:07,40.86664301850902,-74.00306955413141,40.89644798479353,-73.97268457949977,Clear,23.70702774291191
TRIP_04871,2026-08-20 10:12:12,40.780805795009016,-74.06739142830286,40.82676655628052,-74.04533961248376,Clear,25.083739096290778
TRIP_04872,2026-08-09 04:17:39,40.65057287499577,-74.02199536390015,40.673253697153655,-73.955843514367,Clear,14.216582879121571
TRIP_04873,2026-08-20 13:33:21,40.72444340437135,-73.93645832259116,40.77398049975007,-73.92021933217109,Clear,17.300789183487954
TRIP_04874,2026-08-16 00:23:56,40.68239969285314,-73.99005958301859,40.720822867011826,-73.97051299072118,Rainy,12.902310770748615
TRIP_04875,2026-08-23 12:56:49,40.66207601366463,-74.00704605186915,40.67128079984122,-73.93968759015479,Clear,16.42522471642438
TRIP_04876,2026-08-01 06:03:09,40.64579639644381,-73.91119383618728,40.69267192284689,-73.91094050349979,Snowy,29.404675683169174
TRIP_04877,2026-08-08 02:54:38,40.73441083453796,-74.07404174891505,40.75715523471729,-74.02961206337282,Clear,13.33530748403078
TRIP_04878,2026-08-25 15:26:19,40.67873098824652,-74.06147277777231,40.695547028018154,-74.04743124945867,Clear,11.014009760031769
TRIP_04879,2026-08-10 12:32:06,40.761191301201265,-73.92036442943619,40.76690532638929,-73.93044068829634,Snowy,11.71883991956098
TRIP_04880,2026-08-10 11:45:21,40.76248911072652,-74.00370195319755,40.78746967616276,-73.98366712359592,Clear,15.7574504812554
TRIP_04881,2026-08-11 16:08:57,40.781495719260576,-74.01812915181449,40.83138959772297,-73.97737799840625,Clear,20.1047208514061
TRIP_04882,2026-08-08 09:35:30,40.6701806616963,-74.06596021625478,40.716848861864094,-74.00534892105549,Rainy,40.771897682381635
TRIP_04883,2026-08-05 23:17:05,40.736568280534605,-73.98361518668025,40.76717009445837,-73.91937436711989,Clear,14.66847264966288
TRIP_04884,2026-08-10 17:27:42,40.74442271083212,-73.97877700652363,40.78241202005387,-73.9676199287504,Clear,23.66118157274723
TRIP_04885,2026-08-24 04:27:57,40.689091091244805,-74.06072471804174,40.74724199499048,-74.07034219500271,Clear,15.213445640680138
TRIP_04886,2026-08-03 17:03:39,40.67421140213036,-74.01301377927753,40.689712413395235,-74.00257594626486,Clear,17.153415929082612
TRIP_04887,2026-08-17 09:31:31,40.7932760332888,-74.02277579160166,40.779813433182895,-74.03822171420157,Clear,15.750575356998551
TRIP_04888,2026-08-19 00:01:57,40.7241747937866,-73.99320114267906,40.78320868935196,-73.97972272866156,Clear,14.297394033279053
TRIP_04889,2026-08-11 14:54:32,40.74459838753559,-74.06196251211104,40.748705039974666,-74.05221247061964,Clear,3.9321228095786007
TRIP_04890,2026-08-09 07:00:41,40.67169619940861,-73.94340262727434,40.67098605570829,-73.90157792114964,Clear,12.540080437707282
TRIP_04891,2026-08-17 17:15:01,40.65183577667389,-73.96020881092012,40.61794984401386,-74.00638686631756,Rainy,38.48127483509328
TRIP_04892,2026-08-22 16:03:31,40.6843275112754,-74.02415877793663,40.72146600287033,-74.02616701631923,Clear,11.309053884080177
TRIP_04893,2026-08-07 08:57:34,40.7065989306305,-74.01682093558192,40.677955351893935,-74.01858648471517,Clear,18.021525709274684
TRIP_04894,2026-08-20 20:04:49,40.659588999659135,-74.01282110751389,40.657081235428386,-73.95720728994165,Clear,28.60111255206784
TRIP_04895,2026-08-21 16:38:13,40.71230775956748,-74.04491542765032,40.749954863402934,-74.05833075897236,Rainy,15.36691549752089
TRIP_04896,2026-08-15 20:53:13,40.62837474059658,-74.02817147091176,40.67003237816883,-74.00137175012229,Clear,26.988581832384696
TRIP_04897,2026-08-09 15:50:00,40.65679762887651,-74.01951351838373,40.65724650442996,-74.00335737081633,Clear,10.701811209523136
TRIP_04898,2026-08-08 17:33:25,40.74634556241384,-73.92535658146464,40.76232096260407,-73.87406530565956,Clear,26.13211648938297
TRIP_04899,2026-08-04 20:00:26,40.74298952601389,-73.95866908458348,40.73681169022171,-73.92079412864815,Rainy,25.923852074579226
TRIP_04900,2026-08-19 10:55:37,40.69320616173066,-73.95926726463317,40.69675425809632,-73.93562995267855,Clear,14.486643462576682
TRIP_04901,2026-08-19 13:27:54,40.661911784546156,-73.98750371934977,40.68989824235074,-73.98414372558742,Clear,12.901485293204411
TRIP_04902,2026-08-22 20:55:23,40.6614298224237,-74.06186635044656,40.6663804220598,-74.09743662553986,Clear,19.574091351452655
TRIP_04903,2026-08-19 23:25:24,40.694136587702936,-74.00807455522887,40.706810136497666,-73.98066198555826,Clear,9.525852540884113
TRIP_04904,2026-08-13 11:28:09,40.745025924582265,-73.95747557701934,40.72108472413374,-73.92156088306344,Snowy,22.673480109216563
TRIP_04905,2026-08-19 10:23:23,40.75921228456722,-74.06891323146836,40.813200969511406,-74.0961592598426,Rainy,37.76879333457785
TRIP_04906,2026-08-12 06:39:16,40.687973413225905,-73.97417233965633,40.723275411021035,-73.99118316458619,Clear,14.68128076623263
TRIP_04907,2026-08-03 05:11:14,40.65512537870076,-73.88986953873686,40.698912539855876,-73.8622996395357,Rainy,15.833045339948924
TRIP_04908,2026-08-23 06:58:37,40.72619218189332,-73.95290916770051,40.78490494163182,-73.92273491711427,Clear,17.122655838975508
TRIP_04909,2026-08-12 11:26:03,40.67162325146871,-73.9352985432219,40.66686686520234,-73.94501796252466,Rainy,9.98519867448672
TRIP_04910,2026-08-21 08:48:33,40.686887368056944,-73.99508306247789,40.6961355335661,-73.99230500388494,Clear,11.110185875700212
TRIP_04911,2026-08-05 20:59:22,40.779063804521854,-73.95760340256174,40.742218773494386,-73.99269806771886,Clear,26.29074762359938
TRIP_04912,2026-08-24 09:37:05,40.75415577142829,-74.0418926607177,40.868368458731354,-73.98057474360331,Snowy,89.22591583915955
TRIP_04913,2026-08-21 04:28:58,40.72069871561257,-73.96620680938294,40.73621115615305,-73.985203041604,Rainy,12.649360059983493
TRIP_04914,2026-08-08 20:21:34,40.649204049944366,-73.97328059329696,40.70036588694181,-73.93701281155951,Snowy,54.51996272134576
TRIP_04915,2026-08-14 04:14:40,40.723369828373535,-73.99150444129812,40.706224994043474,-73.97255326218271,Rainy,10.390045831976805
TRIP_04916,2026-08-15 18:15:39,40.76593286453938,-73.94019962901407,40.81582451730867,-73.88151182042533,Clear,33.38016372250989
TRIP_04917,2026-08-15 10:22:03,40.69401831671173,-74.03293924189236,40.76974604301122,-74.03670686467561,Clear,34.519478348693575
TRIP_04918,2026-08-21 23:41:54,,,40.798547282028494,-73.99351529451347,Clear,-99.0
TRIP_04919,2026-08-10 01:39:07,40.777437264475914,-74.00122689793209,40.76711081957823,-74.0321797052092,Clear,8.516266768904234
TRIP_04920,2026-08-09 01:13:19,40.79598664160717,-74.05748054855447,40.81182274957881,-74.09563635366266,Clear,9.135867775539769
TRIP_04921,2026-08-02 03:34:54,40.72806215632657,-73.99465340280999,40.68125931057786,-73.95676339529402,Clear,15.221552798622461
TRIP_04922,2026-08-14 20:47:14,40.7421695849903,-74.0919465206477,40.761032983959645,-74.12549729581978,Clear,21.786150894442585
TRIP_04923,2026-08-07 17:19:05,40.78350936441655,-73.95365227327859,40.828138378595945,-73.94049879931163,Clear,32.48184084176185
TRIP_04924,2026-08-21 15:42:01,40.73516969685345,-74.0036681316717,40.754096967522244,-73.95332926823251,Clear,14.884002036095909
TRIP_04925,2026-08-23 01:13:08,40.68773829461049,-74.03204464519519,40.69921410796982,-73.98964409951235,Clear,4.580066857252504
TRIP_04926,2026-08-23 11:34:21,40.69037285817361,-74.04771868061475,40.72619990165697,-74.04765624525321,Clear,10.743514678729262
TRIP_04927,2026-08-05 08:28:34,40.72472774768869,-74.01772895148096,40.762848493097174,-74.0453840455732,Snowy,40.97704393902167
TRIP_04928,2026-08-18 01:03:44,40.64827192890269,-73.97158701446138,40.61847476202753,-73.93630216861172,Clear,9.840743999093135
TRIP_04929,2026-08-17 08:50:13,40.705637054231794,-73.97861305106312,40.728301743100154,-73.91834534757731,Clear,24.982085436956194
TRIP_04930,2026-08-13 04:49:55,40.767627355911515,-74.04127689736393,40.860706909638395,-74.0411440397239,Clear,18.08150861272441
TRIP_04931,2026-08-15 10:29:50,40.60323730744174,-74.04830198363138,40.5831868200723,-74.05240136938359,Rainy,18.83241600963308
TRIP_04932,2026-08-05 06:33:50,40.789524105089725,-73.97315506468402,40.80696154010473,-73.96890212357009,Clear,9.331308494264766
TRIP_04933,2026-08-24 15:57:29,40.76891871093516,-74.04211737023076,40.84717109459671,-74.00496910890654,Snowy,40.707849237355475
TRIP_04934,2026-08-24 02:28:41,40.689811769208475,-74.00300451129603,40.74293702390479,-73.94614898310358,Clear,14.130401793294476
TRIP_04935,2026-08-12 22:26:28,40.73996954139359,-73.99981226787379,40.74456764097031,-74.0170004722152,Clear,8.067884955811115
TRIP_04936,2026-08-02 07:56:08,40.712957386345316,-73.99039689341366,40.73914144773399,-74.0153453476934,Clear,9.799714606553687
TRIP_04937,2026-08-23 19:43:27,40.774299518421934,-73.96308647849091,40.79423616802239,-73.87288658883294,Rainy,49.6004832525773
TRIP_04938,2026-08-05 22:12:04,40.7619341571385,-74.06914814684336,40.759492003008845,-74.05446783048006,Clear,6.699536016839799
TRIP_04939,2026-08-15 23:31:20,40.64279646384085,-74.10155796626303,40.66056890061606,-74.07397118239233,Clear,-99.0
TRIP_04940,2026-08-05 04:35:58,40.74216312067321,-74.03437236406141,40.753764136689014,-74.03513028927993,Clear,3.959854123200954
TRIP_04941,2026-08-23 15:49:09,40.70251860731784,-73.91592357960839,40.72590107546014,-73.8812247103248,Clear,13.590907401021154
TRIP_04942,2026-08-20 02:41:44,40.71694162852591,-73.90489129499564,40.71449013310518,-73.85608946875459,Snowy,16.892292839682405
TRIP_04943,2026-08-24 22:02:35,40.67639140495151,-73.91444114322171,40.65809285894417,-73.88544725807452,Clear,8.708922321379076
TRIP_04944,2026-08-13 13:03:43,40.80020685345605,-74.01564906838803,40.81896843025427,-73.94342332607759,Clear,19.228030125218115
TRIP_04945,2026-08-16 09:54:31,40.76480309099513,-74.09510575409924,40.836256637540494,-74.08490809179747,Clear,34.53108908158782
TRIP_04946,2026-08-24 19:55:16,40.67581144180135,-74.12315195508259,40.698277529589234,-74.11103842927365,Clear,16.883969949202303
TRIP_04947,2026-08-25 06:31:03,40.64606946965449,-74.03670190807748,40.656121656286544,-74.00975971753915,Clear,9.958608486594724
TRIP_04948,2026-08-24 11:41:01,40.69351636845111,-74.01590368150747,40.73613894260226,-73.98195483214228,Clear,14.202865597329234
TRIP_04949,2026-08-14 07:41:37,40.73452513230457,-73.9409687299472,40.74977554392671,-73.91413031208532,Clear,12.392503844558338
TRIP_04950,2026-08-23 22:33:45,40.72481029219731,-73.96260972702288,40.80085127994609,-73.98114217783153,Snowy,33.260207857797056
TRIP_04951,2026-08-11 01:35:05,40.775456641238414,-73.99462974605042,40.79533926595956,-73.96525429106455,Clear,7.617501898923644
TRIP_04952,2026-08-04 21:04:37,40.75229598610905,-74.05049223854705,40.79331089800379,-74.04171744609116,Rainy,18.449981049639398
TRIP_04953,2026-08-09 21:21:47,40.761278451287644,-74.05403897791224,40.75864031981585,-74.05146828833448,Snowy,11.57455393333589
TRIP_04954,2026-08-11 10:55:30,40.72914277003052,-73.99329361564642,40.76423544763062,-73.97231915400383,Clear,21.755711843429026
TRIP_04955,2026-08-21 20:41:28,40.64333506348945,-73.97114745105802,40.67158786779777,-73.97999313167789,Clear,21.747291141947464
TRIP_04956,2026-08-01 21:48:26,40.70301507344266,-73.98640593688772,40.72131988970288,-74.00046767660392,Rainy,12.727058855500957
TRIP_04957,2026-08-08 15:56:05,40.765804486995435,-74.05772989798034,40.770751754160344,-74.11619396678046,Rainy,17.26716468822305
TRIP_04958,2026-08-14 01:08:35,40.71022385357377,-73.9734666185604,40.7110829486042,-73.90104949870509,Clear,14.005184674856775
TRIP_04959,2026-08-19 16:00:23,40.73795451843119,-73.98470445164493,40.76642509835058,-73.94803251207183,Clear,16.100898949798868
TRIP_04960,2026-08-02 16:33:34,40.69686258423769,-74.05953332030951,40.735730757528586,-74.0430362439487,Clear,14.708746825630199
TRIP_04961,2026-08-04 12:58:24,40.66130940757291,-74.04521604851502,40.67749452368408,-74.04523274562162,Clear,11.846755266909993
TRIP_04962,2026-08-23 11:20:36,40.7066327967977,-73.97157520127192,40.73525083467132,-74.03785616973332,Rainy,19.67140259369912
TRIP_04963,2026-08-14 05:00:47,40.72825237215164,-74.0177253767573,40.74711493180765,-74.01958124304394,Clear,8.123280896137475
TRIP_04964,2026-08-06 12:44:10,40.68001561402693,-73.92654263491818,40.70297139477409,-73.88506664480326,Rainy,16.460486300264822
TRIP_04965,2026-08-16 21:45:10,40.701014437757166,-73.98094353619678,40.71500108827685,-73.93267830708896,Clear,11.959621596848844
TRIP_04966,2026-08-05 09:20:56,40.6658268379007,-74.03033155940946,40.68636601528175,-73.99106279960137,Clear,23.54162426883365
TRIP_04967,2026-08-15 06:34:10,40.76876224587821,-74.00651028001954,40.86970345958273,-73.98175852134696,Clear,27.321531991435144
TRIP_04968,2026-08-09 09:22:03,40.6980772121206,-74.00283083036811,40.72742624108482,-73.94371460599017,Clear,26.35675447608973
TRIP_04969,2026-08-25 21:24:51,40.78543777725631,-74.04241951566209,40.82479668600924,-74.03227563232474,Rainy,18.780585845982305
TRIP_04970,2026-08-18 13:40:31,40.78923739252705,-74.05162940990888,40.82237810068689,-73.99907374242486,Clear,12.209575020057862
TRIP_04971,2026-08-20 15:58:01,40.70874770176391,-73.97093050530952,40.720863197065,-73.96246797862113,Rainy,13.173011343896025
TRIP_04972,2026-08-23 06:04:20,40.66237756337264,-73.9637363351479,40.721197239771385,-73.97017057441423,Rainy,27.37242173444698
TRIP_04973,2026-08-24 21:48:10,40.608505106113334,-73.97581092652236,40.61977019300054,-73.98598231593503,Clear,9.867450923576065
TRIP_04974,2026-08-04 16:20:36,40.63919814634866,-73.93023409528381,40.69084978281694,-73.94216898791899,Clear,17.485880236288352
TRIP_04975,2026-08-04 23:29:41,40.64410825875507,-74.03308866180058,40.65408204881307,-73.9933166209365,Snowy,15.979067263078896
TRIP_04976,2026-08-03 20:05:20,40.78172348137308,-73.92228646169644,40.77292430579875,-73.92456882882935,Clear,10.439204435777299
TRIP_04977,2026-08-08 04:39:09,40.71859122936135,-74.05104605592771,40.749553115608435,-74.06203692127876,Snowy,18.885413050959095
TRIP_04978,2026-08-19 20:35:26,40.7322802262046,-74.05663427816843,40.71914017552154,-74.0152222215786,Clear,24.452373264390708
TRIP_04979,2026-08-06 02:59:31,40.60177894955324,-74.09399794410746,40.63784815630374,-74.06415883239329,Clear,12.477643111314757
TRIP_04980,2026-08-04 03:36:26,40.65290167853914,-74.02828976569134,40.6370769188564,-73.97941200620596,Rainy,15.19305553349679
TRIP_04981,2026-08-15 15:05:17,40.75715398882232,-74.03118611684147,40.767583747908134,-73.99580813150328,Rainy,15.414264065453466
TRIP_04982,2026-08-12 23:51:06,40.72713870561913,-73.97970313598726,40.70418681472339,-73.98229648339318,Rainy,9.475996808279062
TRIP_04983,2026-08-23 11:13:12,40.70543973606572,-73.99380545291898,40.8101647463478,-73.97152238042491,Clear,33.592675715486
TRIP_04984,2026-08-11 10:01:45,40.74104211793001,-74.06564866855096,40.71142333114152,-74.04189467882787,Rainy,25.861562067274914
TRIP_04985,2026-08-15 22:27:00,40.794589890306796,-74.02563631192129,40.814884302518685,-74.03321107167551,Clear,6.898541334968499
TRIP_04986,2026-08-12 13:49:52,40.70174787682315,-74.02457310105439,40.75604700505305,-74.0377118502772,Clear,19.51811848267806
TRIP_04987,2026-08-24 22:34:25,40.716268490132904,-74.0947991123481,40.76736006739051,-74.09522076062163,Snowy,22.19454831615249
TRIP_04988,2026-08-25 11:28:04,40.72242984593657,-74.05504733635067,40.76797010960176,-73.97394986565051,Clear,21.969987921631024
TRIP_04989,2026-08-03 06:15:31,40.8324054817637,-74.0445406815307,40.84288863011706,-74.03692300435735,Clear,10.48957309064389
TRIP_04990,2026-08-20 16:20:26,40.60783218677905,-73.93431874900895,40.66836485516916,-73.87733274526735,Clear,22.901264345484318
TRIP_04991,2026-08-08 14:59:51,40.746961150739445,-73.99642746420213,40.79436288346351,-73.99048727948652,Clear,17.047869553792875
TRIP_04992,2026-08-15 22:07:24,40.707059887562046,-73.97289156230262,40.733428876091864,-73.92622639771642,Rainy,12.567907173212673
TRIP_04993,2026-08-11 20:53:54,40.74113858630921,-74.08093177485746,40.76835600904101,-74.03385702519073,Clear,27.758518163915113
TRIP_04994,2026-08-10 17:08:47,40.67993137230027,-73.9462892758493,40.69081369287181,-73.89771156061073,Rainy,29.67722649367737
TRIP_04995,2026-08-01 21:05:29,40.71035174845708,-73.94094489684879,40.703062187682086,-73.90931007658853,Rainy,12.836319542166214
TRIP_04996,2026-08-23 01:12:21,40.748370528973275,-74.10591724835723,40.805485058237636,-74.04459625099379,Clear,17.447282379737025
TRIP_04997,2026-08-06 08:45:23,40.86844551005219,-74.04126583619579,40.92781174986023,-74.0099152171152,Clear,30.672221024333346
TRIP_04998,2026-08-21 06:22:04,40.753201809470106,-73.98121172134923,40.746678535239205,-73.90980582946902,Clear,18.425692846838203
TRIP_04999,2026-08-07 02:54:12,40.67039672009847,-73.9737805773231,40.68578316514409,-74.00237817141875,Rainy,12.891634449168627
